sale_price_usd,age_at_sale,sale_year,product_group,product_size,enclosure,state
122000.0,17,2005,Track Type Tractors,Large,EROPS w AC,Florida
67500.0,12,2008,Track Type Tractors,Medium,EROPS w AC,New Mexico
23000.0,6,2011,Track Excavators,Mini,EROPS w AC,Ohio
19500.0,19,2008,Wheel Loader,Large,EROPS w AC,Ohio
20000.0,27,1991,Track Type Tractors,Large,OROPS,Arizona
8500.0,16,1990,Backhoe Loaders,unknown,OROPS,Texas
55000.0,8,1998,Track Excavators,Large / Medium,EROPS,Texas
39000.0,14,2007,Track Excavators,Large / Medium,EROPS w AC,Pennsylvania
17000.0,13,2001,Track Type Tractors,unknown,OROPS,Connecticut
26000.0,4,2006,Track Excavators,Mini,EROPS,Florida
29000.0,6,2010,Track Excavators,Small,EROPS w AC,Texas
15000.0,13,2001,Wheel Loader,Medium,EROPS,Florida
7000.0,7,2004,Skid Steer Loaders,unknown,OROPS,Florida
9500.0,5,1997,Skid Steer Loaders,unknown,OROPS,Georgia
22000.0,7,2007,Backhoe Loaders,unknown,OROPS,Texas
11500.0,13,2007,Track Excavators,Small,EROPS,Texas
31000.0,7,2010,Backhoe Loaders,unknown,EROPS w AC,California
17000.0,38,2011,Wheel Loader,Medium,EROPS,Texas
11500.0,10,2001,Track Excavators,Mini,EROPS,New Jersey
18000.0,22,1995,Motor Graders,unknown,OROPS,Missouri
13000.0,30,2006,Track Type Tractors,Large,OROPS,Georgia
18000.0,10,1994,Track Type Tractors,unknown,EROPS w AC,Louisiana
18500.0,4,2009,Backhoe Loaders,unknown,OROPS,Georgia
45000.0,5,2010,Wheel Loader,unknown,EROPS w AC,Florida
33000.0,7,1999,Wheel Loader,Medium,OROPS,Washington
30000.0,7,2007,Track Type Tractors,Medium,OROPS,Arkansas
24000.0,7,1994,Backhoe Loaders,unknown,EROPS,New Jersey
46000.0,24,2005,Track Type Tractors,Large,EROPS,Texas
11500.0,25,2001,Wheel Loader,Medium,OROPS,South Carolina
26000.0,9,2008,Backhoe Loaders,unknown,EROPS,Colorado
26500.0,12,2008,Track Excavators,Small,EROPS w AC,Pennsylvania
28500.0,6,2002,Track Excavators,Small,EROPS w AC,Mississippi
17000.0,2,2007,Skid Steer Loaders,unknown,OROPS,Florida
31500.0,15,1995,Track Excavators,Large / Medium,EROPS,Maine
87500.0,10,2005,Motor Graders,unknown,EROPS w AC,Colorado
29000.0,5,2009,Backhoe Loaders,unknown,EROPS w AC,Maryland
17500.0,13,2008,Motor Graders,unknown,EROPS w AC,Minnesota
27000.0,5,1995,Track Type Tractors,unknown,OROPS,Florida
44000.0,6,1991,Wheel Loader,Medium,OROPS,Arizona
40000.0,4,2009,Track Excavators,Small,EROPS,Alabama
12000.0,17,2010,Backhoe Loaders,unknown,EROPS,Colorado
12500.0,18,1998,Track Excavators,Large / Medium,EROPS,Texas
21000.0,6,2011,Backhoe Loaders,unknown,OROPS,Georgia
28000.0,4,1998,Backhoe Loaders,unknown,EROPS w AC,Texas
20000.0,4,1990,Backhoe Loaders,unknown,EROPS,Pennsylvania
10500.0,35,2006,Track Type Tractors,Large,OROPS,Illinois
31000.0,7,2003,Track Type Tractors,Large,EROPS w AC,Mississippi
70000.0,1,1991,Track Excavators,Large / Medium,EROPS,Kentucky
56000.0,5,2000,Track Excavators,Large / Medium,EROPS,Washington
23000.0,10,1998,Track Type Tractors,unknown,OROPS,Indiana
15500.0,22,1998,Track Type Tractors,Medium,OROPS,Texas
22000.0,8,2006,Backhoe Loaders,unknown,OROPS,Texas
70000.0,8,2008,Track Excavators,Large / Medium,EROPS w AC,Colorado
31000.0,12,2000,Wheel Loader,Medium,EROPS,Maryland
7500.0,16,2011,Track Excavators,Mini,EROPS,North Carolina
22000.0,10,1994,Backhoe Loaders,unknown,OROPS,Florida
80000.0,6,2011,Wheel Loader,Medium,OROPS,California
31000.0,3,2007,Backhoe Loaders,unknown,OROPS,Mississippi
42500.0,7,2008,Track Excavators,Large / Medium,EROPS w AC,California
16000.0,6,1991,Wheel Loader,unknown,EROPS,Illinois
12000.0,24,2008,Track Excavators,Large / Medium,EROPS,New Jersey
52500.0,24,2010,Motor Graders,unknown,EROPS w AC,Texas
18000.0,13,1990,Motor Graders,unknown,EROPS,Texas
9750.0,40,2009,Track Type Tractors,Medium,OROPS,Arkansas
17500.0,14,2011,Backhoe Loaders,unknown,EROPS,Colorado
38000.0,6,2004,Track Type Tractors,unknown,OROPS,Texas
45000.0,4,2007,Wheel Loader,unknown,OROPS,Florida
18000.0,2,2009,Track Excavators,Mini,EROPS,Georgia
24000.0,12,2009,Track Type Tractors,Large,OROPS,North Carolina
7500.0,8,2007,Track Excavators,Mini,EROPS,California
44000.0,6,2009,Wheel Loader,Medium,EROPS w AC,Florida
72500.0,5,2005,Track Excavators,Large / Medium,EROPS w AC,Florida
45000.0,21,2006,Wheel Loader,Medium,EROPS,Colorado
62500.0,12,2006,Track Excavators,Large / Medium,EROPS,California
16000.0,12,2011,Track Excavators,Small,EROPS,Tennessee
57500.0,7,2008,Wheel Loader,Medium,EROPS w AC,Texas
42500.0,5,2010,Track Type Tractors,unknown,EROPS w AC,North Carolina
21000.0,7,2004,Track Excavators,Mini,EROPS,Washington
8500.0,5,2000,Skid Steer Loaders,unknown,OROPS,North Carolina
25500.0,5,2005,Backhoe Loaders,unknown,OROPS,Florida
9750.0,37,2001,Wheel Loader,Large,unknown,Colorado
75000.0,6,2011,Track Excavators,Large / Medium,EROPS w AC,Missouri
42500.0,6,2002,Wheel Loader,Medium,EROPS w AC,Florida
28000.0,17,2011,Track Excavators,Large / Medium,EROPS w AC,Florida
28000.0,14,2009,Wheel Loader,unknown,EROPS,North Carolina
65000.0,7,2005,Track Excavators,Large / Medium,EROPS,Florida
20500.0,11,1998,Backhoe Loaders,unknown,EROPS,Pennsylvania
15000.0,3,2009,Wheel Loader,Compact,OROPS,Washington
5000.0,3,2011,Skid Steer Loaders,unknown,OROPS,Texas
25000.0,6,2002,Wheel Loader,Medium,EROPS w AC,Indiana
9500.0,25,2008,Backhoe Loaders,unknown,EROPS,Minnesota
7500.0,6,2001,Skid Steer Loaders,unknown,OROPS,Nevada
7000.0,7,2006,Skid Steer Loaders,unknown,OROPS,Alabama
14500.0,8,2002,Track Type Tractors,unknown,OROPS,Mississippi
35000.0,7,2001,Track Type Tractors,unknown,OROPS,Alabama
12000.0,3,2009,Skid Steer Loaders,unknown,OROPS,North Carolina
17000.0,12,2007,Backhoe Loaders,unknown,OROPS,Georgia
11000.0,6,2010,Skid Steer Loaders,unknown,OROPS,Georgia
8500.0,12,1992,Backhoe Loaders,unknown,OROPS,Texas
25000.0,9,1999,Track Type Tractors,Large,EROPS w AC,Ohio
17500.0,10,2003,Track Excavators,Mini,EROPS,New Jersey
31000.0,18,2005,Wheel Loader,Medium,OROPS,Texas
19000.0,8,2007,Backhoe Loaders,unknown,OROPS,Texas
9750.0,4,1999,Skid Steer Loaders,unknown,OROPS,Florida
37500.0,4,2008,Wheel Loader,unknown,OROPS,Florida
39500.0,6,1998,Track Excavators,Small,EROPS w AC,Florida
72500.0,5,2005,Track Excavators,Large / Medium,EROPS w AC,Texas
30000.0,23,1993,Track Type Tractors,Large,OROPS,Illinois
9500.0,7,1998,Skid Steer Loaders,unknown,OROPS,Washington
9000.0,22,1995,Wheel Loader,Medium,EROPS,California
13000.0,10,2009,Track Type Tractors,unknown,OROPS,Georgia
52500.0,4,2008,Track Excavators,Small,EROPS w AC,Georgia
9750.0,3,1999,Skid Steer Loaders,unknown,OROPS,Wisconsin
24000.0,20,2009,Backhoe Loaders,unknown,OROPS,Arizona
35000.0,7,1996,Wheel Loader,unknown,OROPS,Florida
72500.0,14,2007,Wheel Loader,Medium,EROPS w AC,Texas
82500.0,13,2011,Motor Graders,unknown,EROPS w AC,Texas
60000.0,7,2010,Track Excavators,Large / Medium,EROPS w AC,Texas
56000.0,7,2010,Track Excavators,Large / Medium,EROPS w AC,Texas
17000.0,18,1996,Track Type Tractors,Large,OROPS,Alabama
17000.0,15,2011,Backhoe Loaders,unknown,OROPS,Florida
51000.0,7,1989,Wheel Loader,Medium,EROPS,California
110000.0,4,1996,Track Excavators,Large / Medium,EROPS w AC,Florida
22500.0,14,2008,Wheel Loader,unknown,OROPS,Mississippi
15000.0,3,2002,Skid Steer Loaders,unknown,OROPS,Unspecified
14000.0,13,2003,Backhoe Loaders,unknown,EROPS w AC,Missouri
12000.0,4,2007,Skid Steer Loaders,unknown,OROPS,California
8750.0,14,2009,Track Excavators,Mini,EROPS,Connecticut
23000.0,5,2009,Backhoe Loaders,unknown,OROPS,Arizona
24500.0,7,2008,Backhoe Loaders,unknown,OROPS,Texas
11500.0,6,2009,Skid Steer Loaders,unknown,EROPS,Maryland
20500.0,3,2009,Backhoe Loaders,unknown,OROPS,California
13000.0,5,2010,Track Excavators,Mini,EROPS,Louisiana
51000.0,7,2002,Track Type Tractors,Large,EROPS w AC,Texas
40000.0,13,2011,Wheel Loader,Medium,EROPS,Connecticut
7000.0,8,2007,Skid Steer Loaders,unknown,OROPS,New York
10000.0,23,2011,Backhoe Loaders,unknown,EROPS,Florida
29000.0,3,2009,Backhoe Loaders,unknown,EROPS w AC,Tennessee
14500.0,18,2001,Backhoe Loaders,unknown,EROPS,Illinois
31000.0,19,2004,Track Excavators,Large / Medium,EROPS,California
52500.0,5,2006,Track Type Tractors,Medium,EROPS w AC,Georgia
39000.0,19,2008,Wheel Loader,Medium,EROPS,Texas
34000.0,12,2007,Track Excavators,Small,EROPS w AC,Florida
29000.0,3,2011,Track Excavators,Mini,EROPS,Unspecified
75000.0,6,2007,Track Type Tractors,Medium,EROPS w AC,Arkansas
20000.0,13,2008,Wheel Loader,Compact,EROPS,Indiana
15250.0,19,1993,Track Type Tractors,Large,EROPS,New York
17500.0,5,2011,Backhoe Loaders,unknown,OROPS,Texas
23000.0,7,2008,Backhoe Loaders,unknown,OROPS,California
101000.0,2,1999,Wheel Loader,Medium,OROPS,Pennsylvania
75000.0,8,2011,Track Excavators,Large / Medium,EROPS w AC,Florida
14000.0,10,1997,Backhoe Loaders,unknown,OROPS,North Carolina
18500.0,3,2008,Track Excavators,Mini,EROPS,North Carolina
79000.0,2,2004,Track Excavators,Small,EROPS,Texas
15000.0,6,2010,Track Excavators,Mini,EROPS,Missouri
26000.0,4,1994,Track Excavators,Small,EROPS,Washington
65000.0,4,2007,Wheel Loader,Medium,EROPS w AC,Florida
18500.0,16,2011,Backhoe Loaders,unknown,EROPS w AC,North Carolina
55000.0,9,1995,Track Type Tractors,Medium,OROPS,Texas
34000.0,20,2001,Track Type Tractors,Medium,EROPS,Texas
13000.0,13,1989,Backhoe Loaders,unknown,EROPS,Montana
87000.0,3,1993,Motor Graders,unknown,EROPS w AC,Ohio
16500.0,14,1997,Track Type Tractors,unknown,OROPS,New York
12500.0,30,2003,Motor Graders,unknown,EROPS,New Jersey
11000.0,3,2002,Skid Steer Loaders,unknown,OROPS,Idaho
29000.0,21,2007,Wheel Loader,Medium,EROPS,Utah
9000.0,6,2005,Skid Steer Loaders,unknown,OROPS,Illinois
14500.0,6,1993,Backhoe Loaders,unknown,OROPS,Louisiana
15000.0,4,2007,Skid Steer Loaders,unknown,OROPS,Florida
6500.0,8,2002,Skid Steer Loaders,unknown,OROPS,Maryland
19000.0,13,1998,Backhoe Loaders,unknown,OROPS,Florida
23500.0,17,2011,Wheel Loader,Compact,EROPS w AC,Tennessee
42000.0,4,2000,Track Type Tractors,unknown,OROPS,Texas
82000.0,2,1997,Track Excavators,Large / Medium,EROPS,Vermont
7500.0,11,2008,Skid Steer Loaders,unknown,OROPS,California
20500.0,2,2008,Track Excavators,Small,EROPS,Alabama
41000.0,7,2010,Track Type Tractors,Medium,OROPS,Mississippi
17500.0,18,2010,Track Excavators,Large / Medium,EROPS,Missouri
9000.0,16,2009,Backhoe Loaders,unknown,OROPS,Virginia
61000.0,5,2010,Track Excavators,Small,EROPS w AC,Tennessee
50000.0,6,2004,Track Type Tractors,Medium,OROPS,Texas
39000.0,3,2009,Backhoe Loaders,unknown,EROPS w AC,Colorado
10000.0,6,2011,Track Excavators,Mini,EROPS,Maryland
25000.0,3,2011,Track Excavators,Mini,EROPS,Missouri
9000.0,16,2010,Wheel Loader,unknown,EROPS,South Carolina
6500.0,9,2001,Skid Steer Loaders,unknown,OROPS,Texas
54000.0,6,2004,Wheel Loader,Medium,EROPS w AC,Florida
86000.0,3,1996,Wheel Loader,Medium,OROPS,California
44000.0,5,2002,Track Excavators,Large / Medium,EROPS w AC,Washington
18000.0,2,2007,Track Excavators,Mini,EROPS,North Carolina
42000.0,7,2001,Track Excavators,Small,EROPS,Washington
26000.0,8,2007,Backhoe Loaders,unknown,OROPS,Texas
32000.0,13,2004,Track Type Tractors,Medium,OROPS,Florida
15000.0,3,2010,Skid Steer Loaders,unknown,OROPS,Florida
32000.0,7,2008,Backhoe Loaders,unknown,OROPS,California
45000.0,32,2006,Motor Graders,unknown,OROPS,Florida
23000.0,4,2000,Backhoe Loaders,unknown,OROPS,Florida
26000.0,8,1999,Wheel Loader,unknown,EROPS,Texas
16500.0,12,2011,Backhoe Loaders,unknown,OROPS,Texas
14000.0,4,2009,Backhoe Loaders,unknown,OROPS,Arizona
15500.0,7,1993,Backhoe Loaders,unknown,OROPS,California
23500.0,7,2011,Backhoe Loaders,unknown,OROPS,Nevada
8500.0,6,2005,Skid Steer Loaders,unknown,OROPS,Texas
41000.0,7,2004,Track Excavators,Small,EROPS,Connecticut
20000.0,5,2001,Backhoe Loaders,unknown,OROPS,Alabama
67000.0,17,1993,Wheel Loader,Large,EROPS w AC,Montana
27500.0,12,2007,Track Excavators,Large / Medium,EROPS w AC,Maryland
34100.0,6,2011,Track Type Tractors,unknown,OROPS,Michigan
14500.0,18,2007,Backhoe Loaders,unknown,OROPS,Minnesota
90000.0,2,2007,Wheel Loader,unknown,EROPS w AC,California
4900.0,15,2011,Skid Steer Loaders,unknown,OROPS,Wisconsin
20000.0,29,2001,Wheel Loader,unknown,EROPS,Missouri
13500.0,6,2003,Backhoe Loaders,unknown,OROPS,North Carolina
24000.0,13,2007,Track Excavators,Large / Medium,EROPS w AC,Tennessee
29000.0,21,2011,Track Excavators,Large / Medium,EROPS w AC,North Carolina
40000.0,9,2006,Wheel Loader,unknown,OROPS,Texas
23000.0,8,2007,Backhoe Loaders,unknown,OROPS,New Mexico
34000.0,10,2010,Wheel Loader,Medium,EROPS w AC,Arkansas
76000.0,13,2009,Motor Graders,unknown,EROPS w AC,Arkansas
27500.0,6,2005,Backhoe Loaders,unknown,OROPS,Louisiana
82500.0,5,2005,Track Type Tractors,Medium,EROPS w AC,Texas
16500.0,17,2006,Track Type Tractors,Medium,OROPS,Maryland
21000.0,13,1992,Wheel Loader,unknown,OROPS,Florida
95000.0,9,2011,Motor Graders,unknown,EROPS w AC,Georgia
41000.0,9,2008,Wheel Loader,Medium,EROPS,Idaho
26500.0,10,2008,Track Type Tractors,Medium,OROPS,South Carolina
95000.0,3,2009,Track Type Tractors,Medium,EROPS w AC,Florida
16000.0,7,2011,Track Excavators,Mini,EROPS,North Carolina
8500.0,7,2005,Track Excavators,Mini,EROPS,Florida
10400.0,17,1990,Track Excavators,Large / Medium,EROPS,New Jersey
7500.0,19,1995,Backhoe Loaders,unknown,EROPS,Colorado
22000.0,5,2001,Backhoe Loaders,unknown,OROPS,Texas
58000.0,4,2009,Wheel Loader,Medium,EROPS w AC,New Jersey
55000.0,8,2007,Wheel Loader,Medium,EROPS w AC,South Carolina
40000.0,6,2011,Track Type Tractors,unknown,OROPS,New Jersey
42500.0,4,1997,Track Type Tractors,unknown,OROPS,Tennessee
9500.0,16,2002,Backhoe Loaders,unknown,EROPS,Ohio
19000.0,17,1997,Track Type Tractors,unknown,OROPS,Texas
60000.0,7,2008,Track Excavators,Large / Medium,EROPS w AC,Florida
13000.0,36,2002,Motor Graders,unknown,EROPS,Florida
72500.0,9,1991,Track Type Tractors,Large,OROPS,California
33000.0,6,2011,Track Excavators,Mini,EROPS w AC,Georgia
17750.0,5,1999,Backhoe Loaders,unknown,OROPS,Mississippi
21000.0,30,1995,Track Type Tractors,Large,OROPS,Utah
46000.0,21,2006,Motor Graders,unknown,EROPS w AC,South Carolina
34500.0,6,2007,Track Type Tractors,unknown,OROPS,Florida
79000.0,4,2009,Track Type Tractors,Medium,OROPS,Florida
70000.0,3,2009,Track Excavators,Small,EROPS w AC,New York
25000.0,21,2008,Track Type Tractors,unknown,OROPS,Florida
21500.0,3,2010,Track Excavators,Mini,EROPS,South Carolina
8500.0,8,2008,Skid Steer Loaders,unknown,OROPS,Ohio
36000.0,8,2010,Wheel Loader,Medium,EROPS,Missouri
82000.0,9,2001,Track Type Tractors,Large,EROPS w AC,Florida
25000.0,10,2000,Track Type Tractors,unknown,OROPS,South Carolina
23000.0,10,2011,Backhoe Loaders,unknown,EROPS,Texas
18500.0,28,2007,Motor Graders,unknown,EROPS,Texas
35000.0,4,2007,Track Type Tractors,unknown,OROPS,Georgia
8000.0,2,2006,Skid Steer Loaders,unknown,OROPS,California
50000.0,6,2008,Track Type Tractors,unknown,OROPS,Maryland
50000.0,6,2000,Wheel Loader,Medium,EROPS w AC,Illinois
70000.0,7,1994,Track Excavators,Large / Medium,EROPS,Texas
34000.0,6,2003,Wheel Loader,unknown,EROPS w AC,Florida
29000.0,4,2001,Backhoe Loaders,unknown,OROPS,North Carolina
66000.0,7,2010,Wheel Loader,Medium,EROPS w AC,Wisconsin
22500.0,12,2010,Backhoe Loaders,unknown,OROPS,Florida
21500.0,25,2004,Wheel Loader,Medium,EROPS,Missouri
11500.0,17,2005,Backhoe Loaders,unknown,OROPS,Washington
42500.0,12,2005,Track Excavators,Large / Medium,EROPS,Illinois
20500.0,5,2003,Backhoe Loaders,unknown,OROPS,North Carolina
10000.0,20,2006,Wheel Loader,Medium,EROPS,Illinois
17500.0,6,2002,Backhoe Loaders,unknown,EROPS,New York
20500.0,32,2009,Track Type Tractors,Large,OROPS,Ohio
19500.0,9,2008,Backhoe Loaders,unknown,OROPS,North Carolina
22000.0,20,2006,Motor Graders,unknown,EROPS,Georgia
33000.0,5,2005,Backhoe Loaders,unknown,OROPS,Texas
37000.0,11,1997,Track Type Tractors,unknown,EROPS,Ohio
15000.0,4,2010,Skid Steer Loaders,unknown,EROPS w AC,Missouri
24000.0,5,2001,Backhoe Loaders,unknown,EROPS w AC,Texas
29000.0,9,2010,Backhoe Loaders,unknown,EROPS w AC,Florida
80000.0,3,2008,Track Excavators,Large / Medium,EROPS w AC,California
7500.0,6,2003,Skid Steer Loaders,unknown,OROPS,Nevada
32500.0,11,2010,Wheel Loader,Compact,EROPS w AC,Florida
12500.0,5,2003,Backhoe Loaders,unknown,OROPS,Texas
12500.0,5,2002,Skid Steer Loaders,unknown,OROPS,Ohio
42000.0,11,1991,Track Excavators,Large / Medium,EROPS,Maryland
17500.0,4,2010,Skid Steer Loaders,unknown,OROPS,Colorado
26000.0,13,2007,Track Excavators,Small,EROPS,Maryland
32000.0,4,2008,Track Type Tractors,unknown,OROPS,Florida
100000.0,4,2010,Track Type Tractors,Medium,EROPS w AC,Texas
49000.0,11,2000,Motor Graders,unknown,EROPS,Indiana
23500.0,6,1992,Wheel Loader,unknown,EROPS,Mississippi
32500.0,5,2009,Track Type Tractors,Medium,OROPS,Texas
33000.0,29,2004,Motor Graders,unknown,OROPS,Alabama
67000.0,11,2008,Track Type Tractors,Medium,EROPS w AC,Texas
48000.0,7,2005,Track Excavators,Small,EROPS w AC,Mississippi
21000.0,5,2000,Backhoe Loaders,unknown,EROPS,New Hampshire
15000.0,9,2011,Backhoe Loaders,unknown,OROPS,Washington
21000.0,14,2010,Wheel Loader,Medium,EROPS,Connecticut
45000.0,5,2007,Track Type Tractors,unknown,EROPS w AC,Minnesota
12000.0,19,2008,Backhoe Loaders,unknown,EROPS,Washington
104000.0,3,2008,Track Excavators,Large / Medium,EROPS w AC,Georgia
30000.0,7,2006,Backhoe Loaders,unknown,OROPS,Florida
24500.0,5,2003,Backhoe Loaders,unknown,OROPS,Texas
15000.0,10,2003,Track Excavators,Mini,EROPS,Texas
19000.0,13,2005,Backhoe Loaders,unknown,OROPS,Florida
16000.0,5,2010,Track Excavators,Mini,EROPS,Texas
35000.0,18,2000,Motor Graders,unknown,EROPS,Idaho
62000.0,4,2008,Track Excavators,Large / Medium,EROPS w AC,Georgia
8500.0,6,2009,Skid Steer Loaders,unknown,OROPS,Georgia
7000.0,5,2003,Skid Steer Loaders,unknown,OROPS,Florida
59500.0,12,1997,Track Type Tractors,Large,OROPS,Pennsylvania
62500.0,12,2011,Track Excavators,Large / Medium,EROPS w AC,Florida
14000.0,17,2004,Track Type Tractors,unknown,OROPS,Texas
37500.0,8,1997,Wheel Loader,unknown,OROPS,Texas
11500.0,15,2004,Backhoe Loaders,unknown,OROPS,Georgia
65000.0,6,2010,Track Excavators,Large / Medium,EROPS w AC,Florida
28500.0,9,1999,Wheel Loader,unknown,EROPS,Delaware
29000.0,5,2010,Backhoe Loaders,unknown,OROPS,Florida
28000.0,7,2007,Backhoe Loaders,unknown,OROPS,California
55000.0,11,1989,Track Type Tractors,Large,EROPS,Ohio
21500.0,9,2006,Backhoe Loaders,unknown,EROPS w AC,Texas
11500.0,3,2000,Skid Steer Loaders,unknown,OROPS,Ohio
9100.0,6,2000,Skid Steer Loaders,unknown,OROPS,Pennsylvania
21000.0,10,1994,Track Type Tractors,Large,OROPS,Florida
14000.0,9,2000,Backhoe Loaders,unknown,OROPS,Florida
55000.0,11,1989,Motor Graders,unknown,EROPS,Wyoming
29500.0,6,2005,Backhoe Loaders,unknown,EROPS,Pennsylvania
11000.0,22,2005,Track Type Tractors,unknown,EROPS w AC,Texas
12000.0,16,2010,Track Excavators,Mini,EROPS,Washington
8100.0,19,2006,Skid Steer Loaders,unknown,OROPS,Tennessee
67500.0,7,1989,Motor Graders,unknown,EROPS,California
14000.0,10,1992,Track Excavators,Large / Medium,EROPS,California
101000.0,3,2008,Wheel Loader,Medium,EROPS w AC,North Carolina
9500.0,30,2003,Wheel Loader,Large,OROPS,New Hampshire
7500.0,9,2007,Skid Steer Loaders,unknown,OROPS,California
23000.0,14,2007,Backhoe Loaders,unknown,OROPS,Texas
14500.0,5,2007,Track Excavators,Mini,EROPS,Georgia
100000.0,10,2009,Motor Graders,unknown,EROPS w AC,Colorado
16000.0,14,2007,Backhoe Loaders,unknown,EROPS,Tennessee
26000.0,4,1999,Backhoe Loaders,unknown,EROPS,New York
37500.0,11,2008,Track Excavators,Small,EROPS w AC,Florida
15000.0,14,2003,Track Excavators,Small,EROPS,Unspecified
24000.0,7,2011,Backhoe Loaders,unknown,OROPS,North Carolina
67500.0,4,2011,Track Type Tractors,Medium,EROPS w AC,Virginia
9000.0,17,2003,Backhoe Loaders,unknown,OROPS,Tennessee
40000.0,13,1990,Track Type Tractors,Large,EROPS,Kentucky
6250.0,19,2009,Skid Steer Loaders,unknown,OROPS,Minnesota
105000.0,4,2009,Track Type Tractors,Medium,EROPS w AC,Texas
95000.0,5,2004,Track Excavators,Large / Medium,EROPS,Connecticut
29000.0,6,2008,Backhoe Loaders,unknown,EROPS,Texas
75000.0,3,2004,Track Type Tractors,Medium,OROPS,Florida
25000.0,12,2010,Track Excavators,Large / Medium,EROPS w AC,South Carolina
13500.0,27,2001,Wheel Loader,unknown,OROPS,Texas
105000.0,3,2001,Track Excavators,Large / Medium,EROPS w AC,Florida
9750.0,26,1992,Track Type Tractors,Large,OROPS,Mississippi
18500.0,4,1999,Backhoe Loaders,unknown,OROPS,Georgia
19000.0,15,2010,Track Type Tractors,Medium,OROPS,Michigan
19500.0,9,2002,Backhoe Loaders,unknown,EROPS,Pennsylvania
14500.0,13,2009,Track Excavators,Large / Medium,EROPS w AC,California
52500.0,6,2011,Track Excavators,Large / Medium,EROPS w AC,Illinois
6000.0,5,2008,Skid Steer Loaders,unknown,OROPS,Florida
53000.0,13,1995,Track Type Tractors,Large,OROPS,Tennessee
37000.0,7,1991,Track Excavators,Large / Medium,EROPS,Colorado
7500.0,4,2000,Skid Steer Loaders,unknown,OROPS,Georgia
14500.0,4,2007,Skid Steer Loaders,unknown,EROPS w AC,Florida
32000.0,13,2011,Wheel Loader,Medium,EROPS,Florida
12000.0,6,2010,Skid Steer Loaders,unknown,OROPS,Colorado
11000.0,13,2002,Backhoe Loaders,unknown,OROPS,Washington
14000.0,20,2007,Backhoe Loaders,unknown,EROPS,New Mexico
31000.0,2,2011,Wheel Loader,Compact,OROPS,Missouri
15500.0,8,2011,Wheel Loader,Compact,OROPS,Nevada
8500.0,5,2004,Skid Steer Loaders,unknown,OROPS,Arizona
10200.0,4,2002,Skid Steer Loaders,unknown,OROPS,Mississippi
52500.0,9,1996,Track Type Tractors,Large,OROPS,Florida
95000.0,12,2010,Track Type Tractors,Large,EROPS w AC,Kentucky
122500.0,3,2001,Track Type Tractors,Medium,EROPS w AC,Florida
34000.0,6,2008,Backhoe Loaders,unknown,EROPS,Illinois
13500.0,8,2005,Track Excavators,Mini,EROPS,Florida
19000.0,40,2005,Motor Graders,unknown,EROPS,California
20500.0,9,2004,Track Type Tractors,unknown,OROPS,Missouri
10000.0,8,2008,Skid Steer Loaders,unknown,OROPS,California
20000.0,11,1989,Wheel Loader,Medium,EROPS,Wyoming
13750.0,1,2001,Skid Steer Loaders,unknown,OROPS,New York
26000.0,11,2008,Backhoe Loaders,unknown,OROPS,Nebraska
15500.0,7,1996,Wheel Loader,Compact,EROPS,Florida
23000.0,5,1999,Track Excavators,Small,EROPS,Texas
10000.0,23,1990,Motor Graders,unknown,EROPS,Virginia
25000.0,9,2010,Backhoe Loaders,unknown,EROPS w AC,Missouri
19000.0,2,2005,Skid Steer Loaders,unknown,OROPS,Minnesota
15000.0,14,2001,Backhoe Loaders,unknown,OROPS,Minnesota
20000.0,6,2008,Track Excavators,Mini,EROPS,New Jersey
50000.0,25,2010,Motor Graders,unknown,EROPS w AC,Colorado
20500.0,28,2010,Track Excavators,Small,EROPS,California
29000.0,6,2003,Track Excavators,Large / Medium,EROPS w AC,Unspecified
92000.0,2,2005,Track Excavators,Small,EROPS,New York
62500.0,2,1993,Track Excavators,Small,EROPS,Georgia
16000.0,19,2008,Wheel Loader,unknown,OROPS,South Carolina
36000.0,18,1998,Motor Graders,unknown,EROPS,Kentucky
77000.0,5,1993,Track Type Tractors,Medium,OROPS,Maine
26000.0,4,2010,Backhoe Loaders,unknown,OROPS,Nevada
43000.0,12,1991,Motor Graders,unknown,EROPS,Maryland
27500.0,5,2005,Backhoe Loaders,unknown,EROPS w AC,Georgia
23500.0,13,2006,Track Type Tractors,unknown,OROPS,New York
60000.0,6,2000,Track Type Tractors,Medium,EROPS w AC,New Jersey
32500.0,6,2011,Track Excavators,Small,EROPS w AC,Texas
9000.0,17,2005,Backhoe Loaders,unknown,OROPS,Texas
26000.0,4,2002,Backhoe Loaders,unknown,OROPS,Texas
33000.0,11,2008,Track Excavators,Large / Medium,EROPS,Florida
8000.0,18,2004,Backhoe Loaders,unknown,OROPS,California
60000.0,4,1999,Wheel Loader,Medium,EROPS,Mississippi
71000.0,3,2006,Wheel Loader,unknown,EROPS w AC,Florida
74000.0,10,2009,Track Type Tractors,Medium,EROPS w AC,Maryland
23500.0,3,2009,Wheel Loader,Compact,EROPS w AC,South Carolina
16250.0,13,2007,Backhoe Loaders,unknown,OROPS,Alabama
8000.0,14,2010,Track Excavators,Mini,EROPS,Washington
140000.0,7,2008,Motor Graders,unknown,EROPS w AC,Arizona
12000.0,12,2011,Backhoe Loaders,unknown,OROPS,Idaho
12500.0,9,2009,Backhoe Loaders,unknown,EROPS,Texas
18000.0,9,2009,Backhoe Loaders,unknown,OROPS,Tennessee
13000.0,7,2006,Track Excavators,Mini,EROPS,Florida
49000.0,32,2007,Motor Graders,unknown,EROPS,Texas
68000.0,2,1992,Wheel Loader,Medium,EROPS,Maine
11000.0,35,2002,Motor Graders,unknown,EROPS,Florida
12500.0,22,2010,Backhoe Loaders,unknown,OROPS,Washington
38000.0,7,2000,Track Excavators,Large / Medium,EROPS,Maryland
25000.0,3,1997,Backhoe Loaders,unknown,OROPS,Ohio
23000.0,10,2008,Backhoe Loaders,unknown,OROPS,North Carolina
37000.0,5,2010,Track Type Tractors,unknown,EROPS w AC,Missouri
8750.0,3,2000,Skid Steer Loaders,unknown,OROPS,Texas
7500.0,4,2000,Skid Steer Loaders,unknown,OROPS,Oregon
13000.0,30,1997,Track Type Tractors,Large,OROPS,Georgia
31000.0,13,2006,Wheel Loader,Medium,EROPS,Iowa
11500.0,7,2009,Track Excavators,Mini,EROPS,California
14500.0,9,2002,Backhoe Loaders,unknown,OROPS,Florida
32000.0,9,2004,Track Excavators,Small,EROPS w AC,Pennsylvania
9500.0,7,1991,Backhoe Loaders,unknown,OROPS,Florida
41000.0,11,2003,Track Excavators,Large / Medium,EROPS,Georgia
27500.0,14,2008,Wheel Loader,Medium,EROPS,Connecticut
20500.0,5,1995,Backhoe Loaders,unknown,OROPS,Florida
38000.0,4,2008,Wheel Loader,unknown,OROPS,Colorado
35000.0,5,2006,Backhoe Loaders,unknown,EROPS,Ohio
10000.0,15,1992,Track Excavators,Large / Medium,EROPS,New York
28000.0,3,2002,Track Excavators,Mini,EROPS w AC,Florida
35500.0,25,1999,Track Type Tractors,Large,EROPS,Pennsylvania
67000.0,5,1991,Motor Graders,unknown,EROPS,Nevada
67500.0,9,2010,Track Type Tractors,Medium,EROPS w AC,Texas
25000.0,8,2006,Track Type Tractors,unknown,OROPS,Florida
9750.0,3,2009,Skid Steer Loaders,unknown,OROPS,Ohio
44000.0,7,2011,Track Type Tractors,Medium,OROPS,Mississippi
10000.0,5,2010,Skid Steer Loaders,unknown,OROPS,North Carolina
12000.0,13,2000,Wheel Loader,Medium,EROPS,Arkansas
45000.0,3,2001,Track Excavators,Large / Medium,EROPS,Florida
42500.0,5,2008,Track Excavators,Small,EROPS,Washington
13500.0,3,2007,Skid Steer Loaders,unknown,OROPS,Colorado
34000.0,18,2008,Wheel Loader,Medium,OROPS,Michigan
26000.0,4,2010,Backhoe Loaders,unknown,OROPS,Texas
77500.0,8,2007,Track Excavators,Large / Medium,EROPS,Texas
30000.0,28,2007,Track Type Tractors,Large,EROPS w AC,Minnesota
62000.0,7,2003,Motor Graders,unknown,OROPS,Texas
13000.0,5,2005,Skid Steer Loaders,unknown,OROPS,Illinois
69000.0,14,2005,Motor Graders,unknown,EROPS,Texas
10500.0,17,2005,Backhoe Loaders,unknown,OROPS,South Carolina
10500.0,46,2010,Motor Graders,unknown,EROPS,California
65000.0,4,2008,Wheel Loader,unknown,EROPS w AC,Georgia
19000.0,10,2005,Backhoe Loaders,unknown,OROPS,Washington
12000.0,17,2009,Track Type Tractors,unknown,OROPS,Ohio
70000.0,4,2010,Wheel Loader,Medium,EROPS w AC,Arizona
39000.0,21,2009,Wheel Loader,Large,EROPS w AC,Arizona
36000.0,4,1999,Wheel Loader,unknown,EROPS,Wisconsin
7500.0,12,2004,Skid Steer Loaders,unknown,OROPS,Texas
24000.0,5,2010,Backhoe Loaders,unknown,OROPS,Florida
18000.0,27,2001,Track Type Tractors,Large,OROPS,Mississippi
4750.0,20,2010,Skid Steer Loaders,unknown,OROPS,Pennsylvania
65000.0,4,2001,Track Type Tractors,Medium,OROPS,Florida
23000.0,7,2007,Backhoe Loaders,unknown,EROPS,Illinois
42500.0,4,2008,Track Type Tractors,unknown,OROPS,Tennessee
10500.0,19,2001,Track Type Tractors,unknown,OROPS,Minnesota
52000.0,14,2004,Wheel Loader,Medium,EROPS w AC,Maryland
24000.0,8,2010,Backhoe Loaders,unknown,OROPS,Georgia
26000.0,6,2010,Track Type Tractors,unknown,EROPS w AC,Ohio
8750.0,17,2008,Track Type Tractors,unknown,OROPS,Connecticut
17250.0,9,2005,Backhoe Loaders,unknown,OROPS,South Carolina
106000.0,3,2007,Track Type Tractors,Medium,OROPS,Mississippi
36000.0,11,2000,Wheel Loader,Medium,EROPS w AC,Alabama
37500.0,14,2011,Wheel Loader,Medium,EROPS,Maine
92500.0,20,1998,Wheel Loader,Medium,EROPS,Florida
21000.0,26,2006,Wheel Loader,unknown,EROPS,Georgia
59000.0,4,2007,Wheel Loader,Medium,EROPS w AC,Florida
56000.0,11,2008,Track Excavators,Large / Medium,EROPS w AC,California
45000.0,5,1999,Track Excavators,Large / Medium,EROPS,Texas
28500.0,14,2010,Track Excavators,Small,EROPS w AC,New Jersey
8000.0,10,2011,Skid Steer Loaders,unknown,OROPS,Indiana
49000.0,6,1993,Track Type Tractors,Medium,OROPS,Florida
55000.0,6,2004,Track Excavators,Large / Medium,EROPS,South Carolina
30000.0,15,2000,Wheel Loader,unknown,EROPS,Alabama
18000.0,12,2000,Track Excavators,Small,EROPS,New Jersey
37000.0,6,1996,Track Excavators,Large / Medium,EROPS,Texas
21000.0,21,1995,Track Type Tractors,Large,OROPS,North Carolina
14000.0,7,2008,Track Excavators,Mini,EROPS,California
42000.0,11,2011,Track Excavators,Large / Medium,EROPS w AC,California
12500.0,15,1996,Backhoe Loaders,unknown,OROPS,Texas
35000.0,9,2003,Track Type Tractors,Medium,OROPS,Missouri
34000.0,11,1993,Wheel Loader,Medium,EROPS,Texas
8000.0,20,2007,Skid Steer Loaders,unknown,OROPS,New York
18000.0,10,1995,Backhoe Loaders,unknown,OROPS,New Jersey
20000.0,14,2002,Track Excavators,Large / Medium,EROPS,Indiana
21000.0,21,2008,Track Excavators,Large / Medium,EROPS,Montana
11500.0,18,1997,Track Excavators,Small,EROPS,Indiana
41000.0,21,2011,Wheel Loader,Medium,OROPS,Washington
35000.0,6,2009,Track Type Tractors,Medium,OROPS,Florida
49000.0,11,1999,Motor Graders,unknown,EROPS,Washington
12000.0,9,1995,Backhoe Loaders,unknown,OROPS,California
66000.0,8,2011,Wheel Loader,Medium,EROPS w AC,California
42000.0,12,2009,Track Type Tractors,Medium,EROPS w AC,Illinois
8000.0,18,2011,Backhoe Loaders,unknown,OROPS,Texas
14000.0,31,2001,Track Type Tractors,Medium,OROPS,Washington
7250.0,10,2009,Skid Steer Loaders,unknown,OROPS,New York
37000.0,4,2008,Backhoe Loaders,unknown,EROPS,Connecticut
10000.0,6,2008,Skid Steer Loaders,unknown,OROPS,Minnesota
33000.0,6,2005,Backhoe Loaders,unknown,OROPS,Florida
6500.0,13,2009,Skid Steer Loaders,unknown,OROPS,California
13500.0,24,1996,Motor Graders,unknown,OROPS,Iowa
25000.0,8,1997,Track Type Tractors,unknown,OROPS,Ohio
55000.0,15,2007,Wheel Loader,Large,EROPS w AC,Minnesota
10000.0,15,1995,Backhoe Loaders,unknown,OROPS,Louisiana
100000.0,9,2009,Track Excavators,Large / Medium,EROPS w AC,Texas
56000.0,4,2005,Wheel Loader,Medium,EROPS w AC,Tennessee
31000.0,11,2009,Wheel Loader,Medium,EROPS,Texas
90000.0,3,1996,Track Type Tractors,Large,EROPS,Maine
40000.0,23,1997,Track Type Tractors,Large,OROPS,Texas
14000.0,22,2010,Track Excavators,Large / Medium,EROPS,California
47000.0,28,2011,Wheel Loader,Medium,EROPS w AC,Missouri
17000.0,13,2003,Track Excavators,Small,EROPS,Florida
13000.0,8,1992,Wheel Loader,Compact,OROPS,North Carolina
61000.0,2,1998,Wheel Loader,unknown,EROPS,Florida
11750.0,3,2005,Track Excavators,Mini,EROPS,Pennsylvania
51000.0,6,1993,Track Excavators,Large / Medium,EROPS,Maryland
50000.0,7,2011,Wheel Loader,Medium,OROPS,Nevada
6500.0,10,2007,Skid Steer Loaders,unknown,OROPS,Ohio
39000.0,4,2009,Backhoe Loaders,unknown,OROPS,California
24500.0,5,1998,Backhoe Loaders,unknown,OROPS,Mississippi
23000.0,4,1999,Track Excavators,Mini,EROPS,New York
13000.0,7,1990,Backhoe Loaders,unknown,OROPS,Georgia
50000.0,10,2003,Track Excavators,Large / Medium,EROPS,Oregon
9000.0,22,2001,Wheel Loader,unknown,OROPS,Florida
10000.0,7,1998,Skid Steer Loaders,unknown,OROPS,Maine
15000.0,7,2001,Backhoe Loaders,unknown,OROPS,Washington
54000.0,8,2002,Wheel Loader,Medium,EROPS w AC,Minnesota
23000.0,3,2002,Backhoe Loaders,unknown,EROPS,Texas
40000.0,12,2011,Track Type Tractors,Medium,EROPS w AC,Arkansas
57500.0,6,2011,Track Type Tractors,Medium,EROPS w AC,Mississippi
51000.0,11,2009,Track Type Tractors,Medium,OROPS,Louisiana
12500.0,4,2009,Wheel Loader,Compact,OROPS,Florida
31000.0,5,2010,Wheel Loader,unknown,OROPS,Florida
62500.0,25,1997,Track Type Tractors,Large,EROPS w AC,North Carolina
26000.0,3,2003,Backhoe Loaders,unknown,OROPS,Texas
8500.0,5,2008,Track Excavators,Mini,EROPS,Missouri
14000.0,4,2009,Skid Steer Loaders,unknown,EROPS w AC,California
27000.0,12,1999,Track Excavators,Large / Medium,EROPS,Florida
18500.0,4,2003,Backhoe Loaders,unknown,OROPS,Texas
45000.0,7,2001,Track Type Tractors,Medium,OROPS,Maryland
82500.0,16,2007,Track Type Tractors,Large,EROPS w AC,Texas
10500.0,10,1989,Backhoe Loaders,unknown,OROPS,Arizona
12500.0,11,2002,Track Excavators,Mini,EROPS,Pennsylvania
85000.0,4,2011,Track Excavators,Large / Medium,EROPS w AC,Texas
17500.0,3,2004,Skid Steer Loaders,unknown,EROPS,Massachusetts
22000.0,9,2004,Backhoe Loaders,unknown,OROPS,Mississippi
38000.0,7,1989,Track Excavators,Small,EROPS,Pennsylvania
65000.0,1,2007,Track Excavators,Small,EROPS,Illinois
32000.0,4,2009,Track Type Tractors,Medium,OROPS,Illinois
57500.0,4,2005,Track Excavators,Large / Medium,EROPS w AC,California
10000.0,8,2009,Skid Steer Loaders,unknown,OROPS,Missouri
15750.0,7,1994,Backhoe Loaders,unknown,OROPS,Florida
92500.0,2,1999,Wheel Loader,Medium,OROPS,Nevada
54000.0,7,2011,Wheel Loader,unknown,EROPS w AC,New Mexico
22000.0,6,2001,Backhoe Loaders,unknown,EROPS,Utah
42000.0,6,2005,Track Type Tractors,unknown,OROPS,Florida
32000.0,3,1999,Backhoe Loaders,unknown,EROPS,New Jersey
51000.0,3,2002,Wheel Loader,unknown,EROPS,Connecticut
23000.0,12,2007,Track Type Tractors,unknown,OROPS,Tennessee
20000.0,15,1995,Track Excavators,Large / Medium,EROPS,Illinois
37000.0,13,2008,Track Excavators,Large / Medium,EROPS,Florida
43000.0,15,1997,Track Type Tractors,Large,EROPS w AC,Florida
35000.0,6,2008,Track Type Tractors,Medium,EROPS w AC,Texas
27500.0,12,2007,Wheel Loader,unknown,EROPS w AC,Nevada
25000.0,5,1989,Track Type Tractors,Medium,OROPS,Florida
100000.0,8,2000,Wheel Loader,Large,EROPS,Wyoming
70000.0,8,2005,Track Type Tractors,Medium,OROPS,Mississippi
31000.0,2,1998,Backhoe Loaders,unknown,OROPS,Kentucky
20000.0,16,2001,Track Excavators,Small,EROPS,Alaska
21000.0,13,2010,Track Type Tractors,unknown,OROPS,Washington
62500.0,5,2011,Wheel Loader,Medium,EROPS w AC,Florida
35000.0,6,2003,Track Excavators,Small,EROPS,New Hampshire
13750.0,14,2009,Backhoe Loaders,unknown,OROPS,Arkansas
5000.0,2,2006,Skid Steer Loaders,unknown,OROPS,Texas
18000.0,5,1990,Backhoe Loaders,unknown,OROPS,Georgia
57000.0,6,2004,Wheel Loader,Medium,EROPS w AC,Nevada
11000.0,8,2009,Skid Steer Loaders,unknown,OROPS,Florida
35500.0,3,1995,Backhoe Loaders,unknown,EROPS,Florida
8500.0,5,2009,Skid Steer Loaders,unknown,OROPS,Maine
85000.0,30,2005,Track Type Tractors,Large,OROPS,Texas
22000.0,31,2006,Wheel Loader,Medium,OROPS,Maryland
24000.0,28,1995,Wheel Loader,Medium,OROPS,Washington
34000.0,8,1991,Track Excavators,Large / Medium,EROPS,Florida
5000.0,14,2010,Skid Steer Loaders,unknown,OROPS,North Carolina
33000.0,12,2008,Wheel Loader,Medium,EROPS w AC,Nevada
52000.0,4,1994,Track Type Tractors,unknown,EROPS,New Jersey
53000.0,5,2009,Track Excavators,Large / Medium,EROPS w AC,Utah
12000.0,8,1992,Backhoe Loaders,unknown,EROPS,Utah
62000.0,4,1997,Track Excavators,Large / Medium,EROPS w AC,Nevada
30000.0,11,2008,Wheel Loader,Medium,OROPS,California
27000.0,6,2006,Backhoe Loaders,unknown,OROPS,Tennessee
12500.0,7,2011,Wheel Loader,Compact,OROPS,Arizona
62000.0,22,2007,Motor Graders,unknown,OROPS,Minnesota
8750.0,25,2003,Track Type Tractors,unknown,OROPS,Florida
36000.0,3,1994,Wheel Loader,Compact,OROPS,California
20000.0,9,2000,Backhoe Loaders,unknown,OROPS,Louisiana
14000.0,39,2009,Wheel Loader,Medium,EROPS,Texas
28500.0,2,2006,Backhoe Loaders,unknown,EROPS,Pennsylvania
11500.0,2,2008,Skid Steer Loaders,unknown,OROPS,Nevada
9500.0,5,2009,Skid Steer Loaders,unknown,OROPS,California
10000.0,15,1997,Skid Steer Loaders,unknown,OROPS,Ohio
35000.0,6,2003,Wheel Loader,Medium,EROPS w AC,Pennsylvania
16000.0,15,2009,Backhoe Loaders,unknown,EROPS w AC,Arkansas
66000.0,3,2009,Track Excavators,Mini,EROPS w AC,Georgia
11500.0,3,2001,Skid Steer Loaders,unknown,OROPS,California
13500.0,7,2007,Skid Steer Loaders,unknown,OROPS,Ohio
18000.0,15,2011,Backhoe Loaders,unknown,EROPS,Illinois
10500.0,16,1995,Backhoe Loaders,unknown,EROPS,Maine
7000.0,5,2006,Skid Steer Loaders,unknown,OROPS,Mississippi
70000.0,3,2009,Wheel Loader,Medium,EROPS w AC,California
21750.0,6,1990,Track Excavators,Large / Medium,EROPS,Kentucky
12500.0,3,2006,Skid Steer Loaders,unknown,OROPS,Missouri
23500.0,3,2000,Backhoe Loaders,unknown,OROPS,Florida
9000.0,29,2002,Wheel Loader,Large,EROPS,Washington
8250.0,9,2001,Track Excavators,Mini,EROPS,New York
12500.0,8,1993,Backhoe Loaders,unknown,OROPS,Florida
21500.0,6,2005,Wheel Loader,Compact,EROPS,Louisiana
11000.0,20,2008,Track Excavators,Mini,EROPS w AC,Texas
10000.0,6,2006,Skid Steer Loaders,unknown,OROPS,California
67500.0,9,2000,Track Type Tractors,Large,EROPS w AC,Kentucky
30000.0,10,2009,Track Excavators,Large / Medium,EROPS,Florida
45000.0,13,2011,Wheel Loader,Medium,EROPS w AC,Colorado
21500.0,4,2009,Backhoe Loaders,unknown,OROPS,South Carolina
19500.0,33,2007,Track Type Tractors,Medium,OROPS,South Carolina
41000.0,2,2008,Track Type Tractors,unknown,OROPS,California
22000.0,10,2002,Track Excavators,Large / Medium,EROPS,Utah
32000.0,4,1998,Backhoe Loaders,unknown,OROPS,Florida
16000.0,8,1996,Backhoe Loaders,unknown,EROPS,Mississippi
105000.0,10,2011,Motor Graders,unknown,EROPS w AC,Texas
91000.0,4,2002,Motor Graders,unknown,EROPS w AC,Texas
44000.0,8,2004,Track Type Tractors,Large,EROPS,New York
20500.0,5,2011,Backhoe Loaders,unknown,OROPS,Florida
52000.0,9,2002,Track Type Tractors,Medium,OROPS,Florida
72500.0,7,2011,Track Excavators,Large / Medium,EROPS w AC,North Carolina
46000.0,30,2011,Track Type Tractors,Large,EROPS,Iowa
26000.0,3,2008,Track Type Tractors,unknown,OROPS,North Carolina
8500.0,9,2005,Skid Steer Loaders,unknown,OROPS,Missouri
22500.0,11,1998,Track Type Tractors,Medium,OROPS,New York
18000.0,9,2003,Track Excavators,Mini,EROPS,New Jersey
52000.0,3,1996,Track Type Tractors,unknown,OROPS,Florida
50000.0,6,2004,Track Type Tractors,Medium,EROPS w AC,Florida
67500.0,3,1989,Wheel Loader,Medium,OROPS,Georgia
39000.0,4,2009,Track Excavators,Large / Medium,EROPS w AC,Georgia
41000.0,9,2008,Track Type Tractors,Medium,EROPS w AC,Texas
30000.0,5,2010,Track Type Tractors,unknown,OROPS,Maryland
79000.0,8,2011,Wheel Loader,Medium,EROPS w AC,New Mexico
16000.0,9,2009,Track Excavators,Large / Medium,EROPS w AC,North Carolina
8000.0,28,2007,Track Excavators,Small,EROPS,Oklahoma
27500.0,3,2009,Track Type Tractors,unknown,OROPS,Tennessee
40000.0,10,2002,Track Excavators,Large / Medium,EROPS,Colorado
33500.0,4,2007,Backhoe Loaders,unknown,EROPS,Florida
46000.0,5,2010,Track Excavators,Small,EROPS w AC,Florida
38000.0,11,2010,Track Excavators,Large / Medium,EROPS,South Carolina
57000.0,15,2004,Track Type Tractors,Large,OROPS,Texas
53000.0,18,1995,Motor Graders,unknown,EROPS,California
8500.0,12,1997,Skid Steer Loaders,unknown,OROPS,Minnesota
30000.0,6,2002,Track Excavators,Large / Medium,EROPS w AC,Florida
23000.0,11,2008,Backhoe Loaders,unknown,EROPS w AC,Connecticut
48000.0,17,1998,Motor Graders,unknown,EROPS,Arkansas
62500.0,5,2011,Wheel Loader,Medium,EROPS w AC,Florida
18000.0,22,1994,Wheel Loader,Medium,EROPS,Washington
19000.0,18,2008,Track Excavators,Large / Medium,EROPS,Texas
13750.0,13,2000,Track Type Tractors,unknown,EROPS,Connecticut
21000.0,5,2000,Track Excavators,Mini,EROPS,New York
37000.0,13,2011,Wheel Loader,Medium,EROPS w AC,California
9500.0,9,2007,Track Excavators,Mini,EROPS,Texas
100000.0,3,2008,Wheel Loader,Medium,EROPS w AC,Florida
80000.0,1,2008,Wheel Loader,unknown,EROPS w AC,South Carolina
105000.0,2,1996,Wheel Loader,Medium,EROPS,Texas
20250.0,16,2004,Track Type Tractors,unknown,OROPS,Florida
14000.0,9,2009,Backhoe Loaders,unknown,OROPS,Texas
12500.0,38,2008,Motor Graders,unknown,OROPS,Florida
36000.0,7,2010,Track Excavators,Large / Medium,EROPS w AC,Nevada
10000.0,13,2005,Track Type Tractors,unknown,OROPS,Idaho
14000.0,14,2005,Backhoe Loaders,unknown,OROPS,Louisiana
30000.0,4,2006,Backhoe Loaders,unknown,OROPS,Texas
12500.0,6,2010,Wheel Loader,Compact,OROPS,Louisiana
19500.0,7,2007,Backhoe Loaders,unknown,OROPS,Florida
22500.0,10,2007,Backhoe Loaders,unknown,OROPS,Mississippi
24500.0,6,2002,Track Type Tractors,unknown,OROPS,Alabama
9000.0,16,1995,Backhoe Loaders,unknown,OROPS,Louisiana
64000.0,4,2009,Track Excavators,Large / Medium,EROPS w AC,Maryland
33000.0,23,2000,Wheel Loader,Medium,EROPS,New Mexico
53000.0,16,1996,Motor Graders,unknown,EROPS w AC,Texas
125000.0,6,2003,Track Type Tractors,Large,EROPS w AC,Texas
35000.0,15,2005,Track Excavators,Large / Medium,EROPS,Ohio
20000.0,17,2011,Backhoe Loaders,unknown,EROPS,Colorado
15500.0,6,1989,Backhoe Loaders,unknown,OROPS,Arizona
23000.0,4,2001,Backhoe Loaders,unknown,OROPS,North Carolina
12500.0,4,1991,Backhoe Loaders,unknown,OROPS,California
13000.0,3,2006,Skid Steer Loaders,unknown,OROPS,California
19500.0,8,2009,Track Excavators,Mini,EROPS,Utah
24000.0,22,1999,Wheel Loader,Medium,OROPS,California
31000.0,12,2003,Track Type Tractors,unknown,OROPS,New Mexico
36000.0,16,2002,Wheel Loader,Medium,EROPS,Florida
7500.0,8,2008,Track Excavators,Mini,EROPS,Colorado
36000.0,12,2005,Wheel Loader,Medium,EROPS w AC,Florida
53500.0,4,2004,Track Excavators,Small,EROPS w AC,Florida
31000.0,12,2010,Wheel Loader,Medium,EROPS w AC,Texas
66000.0,3,2005,Track Excavators,Small,EROPS w AC,West Virginia
28000.0,16,2003,Track Type Tractors,Medium,OROPS,Texas
9500.0,14,2009,Track Excavators,Small,EROPS,New York
9000.0,15,1989,Track Type Tractors,unknown,OROPS,Pennsylvania
5750.0,12,2009,Skid Steer Loaders,unknown,OROPS,Virginia
29000.0,8,2005,Backhoe Loaders,unknown,OROPS,Florida
61000.0,29,2010,Motor Graders,unknown,EROPS,Florida
30000.0,1,2009,Wheel Loader,Compact,OROPS,Florida
30000.0,10,2008,Wheel Loader,unknown,OROPS,California
52000.0,10,2006,Track Excavators,Large / Medium,EROPS,Georgia
54500.0,5,2011,Track Excavators,Large / Medium,EROPS w AC,Louisiana
25000.0,11,2001,Track Type Tractors,unknown,EROPS,Florida
32000.0,10,1997,Wheel Loader,unknown,OROPS,Florida
20000.0,29,1997,Track Type Tractors,Large,OROPS,California
17000.0,15,2008,Track Excavators,Large / Medium,EROPS,Indiana
52500.0,24,2009,Track Type Tractors,Large,EROPS,Idaho
25000.0,6,2001,Backhoe Loaders,unknown,OROPS,Florida
16000.0,3,2008,Track Excavators,Mini,EROPS,Maryland
10500.0,2,2009,Skid Steer Loaders,unknown,OROPS,Tennessee
10500.0,25,2004,Track Type Tractors,unknown,OROPS,New Jersey
15500.0,17,2004,Backhoe Loaders,unknown,OROPS,California
10500.0,13,1998,Backhoe Loaders,unknown,OROPS,Indiana
31000.0,10,2011,Track Excavators,Small,EROPS w AC,Texas
36000.0,4,2001,Backhoe Loaders,unknown,OROPS,Florida
36000.0,12,2006,Track Excavators,Small,EROPS w AC,North Carolina
5500.0,6,2001,Skid Steer Loaders,unknown,OROPS,Tennessee
9500.0,7,2004,Skid Steer Loaders,unknown,OROPS,Missouri
14500.0,14,2009,Wheel Loader,unknown,OROPS,Texas
5500.0,13,2010,Skid Steer Loaders,unknown,OROPS,Texas
11000.0,19,2006,Track Type Tractors,unknown,OROPS,North Carolina
48000.0,8,2004,Track Excavators,Large / Medium,EROPS,Texas
7500.0,7,2011,Skid Steer Loaders,unknown,OROPS,Colorado
65000.0,1,2000,Track Type Tractors,Medium,OROPS,Ohio
36000.0,3,2007,Backhoe Loaders,unknown,OROPS,Texas
60000.0,7,1991,Motor Graders,unknown,OROPS,South Carolina
43000.0,8,2010,Track Excavators,Large / Medium,EROPS w AC,Florida
26000.0,24,2003,Wheel Loader,Medium,EROPS,Texas
31000.0,15,2011,Track Type Tractors,unknown,OROPS,Utah
8500.0,4,2009,Skid Steer Loaders,unknown,OROPS,Florida
11500.0,7,2011,Skid Steer Loaders,unknown,EROPS w AC,Nevada
25000.0,5,2009,Backhoe Loaders,unknown,OROPS,Florida
26000.0,33,2004,Track Type Tractors,Large,OROPS,Iowa
22000.0,11,2008,Backhoe Loaders,unknown,OROPS,Washington
35000.0,11,2006,Track Type Tractors,Medium,OROPS,Texas
29000.0,3,2004,Backhoe Loaders,unknown,EROPS,New York
31500.0,4,2009,Backhoe Loaders,unknown,OROPS,Michigan
13500.0,4,2008,Wheel Loader,Compact,OROPS,California
19950.0,18,2008,Track Excavators,Large / Medium,EROPS,Tennessee
92500.0,3,1991,Motor Graders,unknown,EROPS w AC,Nevada
72500.0,17,2006,Track Type Tractors,Medium,OROPS,California
11750.0,14,2003,Track Excavators,Mini,EROPS,Florida
20000.0,15,2011,Track Excavators,Small,EROPS w AC,Florida
20500.0,32,1999,Track Type Tractors,Large,OROPS,Oregon
22500.0,8,1991,Track Excavators,Small,EROPS,Vermont
35000.0,9,2010,Wheel Loader,unknown,EROPS w AC,Nevada
25000.0,5,2000,Track Excavators,Large / Medium,EROPS,Georgia
52500.0,19,2001,Track Type Tractors,Large,EROPS,California
83000.0,3,1996,Track Type Tractors,Large,OROPS,Kentucky
9000.0,16,1995,Backhoe Loaders,unknown,OROPS,Florida
24000.0,10,2001,Track Excavators,Small,EROPS,New Jersey
55000.0,7,2001,Track Excavators,Large / Medium,EROPS,Maryland
30000.0,14,1995,Track Excavators,Large / Medium,EROPS,Georgia
77500.0,5,2010,Wheel Loader,Medium,EROPS w AC,Colorado
26000.0,10,1997,Wheel Loader,unknown,OROPS,Colorado
13000.0,4,2009,Wheel Loader,Compact,OROPS,Arizona
12750.0,3,2001,Skid Steer Loaders,unknown,OROPS,Georgia
29000.0,8,2005,Backhoe Loaders,unknown,OROPS,Minnesota
44000.0,3,2007,Track Type Tractors,unknown,OROPS,Georgia
27000.0,20,1998,Wheel Loader,Medium,EROPS,Texas
8750.0,11,1989,Backhoe Loaders,unknown,OROPS,Florida
34000.0,10,2005,Wheel Loader,Medium,EROPS,Alabama
55000.0,22,2009,Wheel Loader,Medium,EROPS w AC,California
13500.0,10,2011,Skid Steer Loaders,unknown,EROPS,Illinois
15000.0,2,2002,Skid Steer Loaders,unknown,OROPS,California
16000.0,29,2008,Motor Graders,unknown,EROPS,California
29000.0,1,1999,Backhoe Loaders,unknown,OROPS,Tennessee
9250.0,6,2007,Track Excavators,Mini,EROPS,Pennsylvania
29000.0,13,1993,Track Type Tractors,Large,OROPS,Mississippi
56000.0,5,2003,Track Type Tractors,Medium,OROPS,Florida
11000.0,7,2009,Skid Steer Loaders,unknown,EROPS w AC,Maryland
21000.0,10,1998,Backhoe Loaders,unknown,OROPS,New York
42000.0,3,2008,Wheel Loader,Medium,EROPS w AC,Texas
10500.0,27,1993,Backhoe Loaders,unknown,EROPS,California
36000.0,17,2003,Wheel Loader,Medium,EROPS,Ohio
8500.0,23,2008,Backhoe Loaders,unknown,EROPS,Virginia
17200.0,9,2003,Backhoe Loaders,unknown,EROPS,Missouri
70000.0,1,1998,Track Excavators,Large / Medium,EROPS,Alabama
20000.0,8,2001,Backhoe Loaders,unknown,OROPS,Texas
18000.0,2,2001,Skid Steer Loaders,unknown,OROPS,Colorado
16500.0,14,2003,Track Type Tractors,unknown,OROPS,Florida
32000.0,4,2009,Track Type Tractors,unknown,OROPS,Florida
51000.0,9,2004,Track Excavators,Large / Medium,EROPS,Illinois
62000.0,9,2005,Wheel Loader,Medium,EROPS w AC,Florida
8500.0,10,2001,Track Excavators,Mini,EROPS,Washington
7000.0,17,2011,Skid Steer Loaders,unknown,EROPS,Nevada
29000.0,10,2010,Wheel Loader,Medium,OROPS,Florida
29000.0,7,2007,Track Type Tractors,unknown,OROPS,Florida
60000.0,10,2009,Wheel Loader,Medium,EROPS w AC,California
102500.0,6,2011,Motor Graders,unknown,EROPS w AC,New Mexico
19000.0,6,2005,Backhoe Loaders,unknown,OROPS,Maryland
29500.0,4,2009,Backhoe Loaders,unknown,OROPS,Texas
33000.0,14,2011,Wheel Loader,Medium,EROPS w AC,Florida
82500.0,20,2007,Track Type Tractors,Large,EROPS,Montana
38000.0,31,2009,Track Type Tractors,Large,OROPS,Idaho
25000.0,9,2010,Backhoe Loaders,unknown,EROPS,Utah
7000.0,7,2007,Skid Steer Loaders,unknown,OROPS,North Carolina
16000.0,12,1997,Backhoe Loaders,unknown,EROPS,Illinois
17000.0,11,2010,Track Type Tractors,unknown,OROPS,New York
65000.0,8,2008,Track Excavators,Large / Medium,EROPS w AC,Texas
20500.0,6,2009,Track Type Tractors,unknown,OROPS,Florida
34000.0,5,2010,Track Excavators,Small,EROPS,Washington
22000.0,4,1994,Backhoe Loaders,unknown,OROPS,Illinois
6000.0,9,2000,Skid Steer Loaders,unknown,OROPS,Florida
23000.0,6,2008,Wheel Loader,Compact,OROPS,Florida
16000.0,1,2005,Track Excavators,Mini,EROPS,Unspecified
13000.0,4,2010,Skid Steer Loaders,unknown,OROPS,California
42000.0,3,2010,Track Type Tractors,unknown,OROPS,North Carolina
36000.0,13,2011,Track Type Tractors,Medium,EROPS w AC,Pennsylvania
9500.0,6,2010,Wheel Loader,Compact,OROPS,Georgia
45000.0,6,2001,Track Type Tractors,unknown,OROPS,Minnesota
19000.0,12,2011,Backhoe Loaders,unknown,EROPS,Kentucky
13500.0,2,2007,Track Excavators,Mini,EROPS,North Carolina
20000.0,10,2005,Track Excavators,Mini,EROPS,North Carolina
15500.0,17,1998,Motor Graders,unknown,EROPS,New Jersey
10500.0,3,2001,Skid Steer Loaders,unknown,OROPS,Georgia
51000.0,9,2004,Track Excavators,Large / Medium,EROPS w AC,Alabama
75000.0,4,2007,Track Excavators,Large / Medium,EROPS w AC,New Jersey
29000.0,13,2007,Track Excavators,Small,EROPS,Connecticut
9000.0,9,1995,Skid Steer Loaders,unknown,OROPS,Georgia
36000.0,7,2010,Backhoe Loaders,unknown,EROPS w AC,Kentucky
12500.0,2,2007,Skid Steer Loaders,unknown,OROPS,California
9500.0,6,2006,Track Excavators,Mini,EROPS,Georgia
15500.0,26,1999,Track Type Tractors,unknown,OROPS,Florida
23000.0,9,2010,Backhoe Loaders,unknown,EROPS w AC,Colorado
28000.0,2,2001,Track Type Tractors,unknown,OROPS,Unspecified
110000.0,3,2001,Motor Graders,unknown,EROPS w AC,Alabama
91000.0,3,2007,Wheel Loader,Medium,EROPS,Maryland
42500.0,5,2006,Track Type Tractors,unknown,EROPS w AC,Alabama
36000.0,18,2009,Track Type Tractors,Medium,OROPS,Texas
32000.0,15,2008,Wheel Loader,unknown,EROPS,Pennsylvania
28000.0,2,2000,Backhoe Loaders,unknown,OROPS,Texas
43000.0,4,2001,Track Excavators,Large / Medium,EROPS w AC,Unspecified
10500.0,8,2009,Skid Steer Loaders,unknown,EROPS,New Jersey
26000.0,8,1995,Track Excavators,Large / Medium,EROPS,South Carolina
11250.0,23,1997,Wheel Loader,unknown,OROPS,Pennsylvania
34000.0,3,2000,Track Type Tractors,unknown,OROPS,Texas
27500.0,7,1999,Backhoe Loaders,unknown,EROPS w AC,North Carolina
37000.0,6,2011,Track Type Tractors,unknown,EROPS w AC,California
45000.0,7,2002,Track Excavators,Large / Medium,EROPS,Nevada
9600.0,17,2001,Wheel Loader,unknown,EROPS,Georgia
36000.0,9,2003,Track Excavators,Small,EROPS w AC,Mississippi
14000.0,8,2003,Skid Steer Loaders,unknown,OROPS,Pennsylvania
64000.0,9,1995,Track Type Tractors,Medium,OROPS,Missouri
6500.0,12,2007,Skid Steer Loaders,unknown,OROPS,Michigan
8000.0,20,2011,Backhoe Loaders,unknown,OROPS,Pennsylvania
8500.0,3,2007,Track Excavators,Mini,EROPS,Texas
20500.0,4,2006,Track Excavators,Mini,EROPS,Colorado
11000.0,25,1990,Track Type Tractors,Large,OROPS,Texas
44000.0,6,2004,Wheel Loader,Medium,EROPS,North Carolina
60000.0,8,2009,Track Excavators,Large / Medium,EROPS,Washington
33000.0,10,2004,Motor Graders,unknown,EROPS,Pennsylvania
5100.0,14,2009,Skid Steer Loaders,unknown,OROPS,Florida
21000.0,9,2005,Backhoe Loaders,unknown,OROPS,Florida
45000.0,13,2003,Motor Graders,unknown,OROPS,Florida
11500.0,32,2005,Track Type Tractors,Large,OROPS,Pennsylvania
12000.0,22,2010,Wheel Loader,unknown,OROPS,Nevada
90000.0,9,2010,Wheel Loader,Medium,EROPS w AC,New Mexico
27000.0,19,2008,Track Excavators,Large / Medium,EROPS,Pennsylvania
23500.0,10,2007,Backhoe Loaders,unknown,EROPS,Ohio
19500.0,9,1994,Backhoe Loaders,unknown,EROPS,Ohio
37000.0,8,2003,Wheel Loader,unknown,EROPS,South Carolina
5000.0,13,2008,Skid Steer Loaders,unknown,OROPS,Texas
24500.0,5,1995,Track Excavators,Mini,EROPS,Ohio
11000.0,16,2008,Track Excavators,Mini,EROPS,Alabama
31000.0,6,1993,Track Type Tractors,unknown,OROPS,Missouri
34000.0,6,2007,Track Excavators,Large / Medium,EROPS,Connecticut
33000.0,23,1997,Track Type Tractors,Large,OROPS,Iowa
14000.0,6,1991,Backhoe Loaders,unknown,OROPS,Maryland
37000.0,17,1993,Wheel Loader,Large,EROPS,Maine
105000.0,2,2006,Track Type Tractors,Medium,EROPS w AC,Alabama
25000.0,15,2008,Wheel Loader,unknown,OROPS,Florida
32500.0,8,2003,Track Type Tractors,Large,EROPS w AC,Colorado
63000.0,4,2000,Track Excavators,Large / Medium,EROPS w AC,South Carolina
11500.0,3,2008,Track Excavators,Mini,EROPS,Texas
37000.0,3,2006,Track Excavators,Small,EROPS w AC,Texas
50000.0,2,2004,Track Type Tractors,unknown,OROPS,South Carolina
18000.0,37,2007,Track Type Tractors,Medium,OROPS,Missouri
11000.0,2,1998,Skid Steer Loaders,unknown,OROPS,Texas
16000.0,12,2008,Track Excavators,Small,EROPS,Texas
17000.0,8,1995,Backhoe Loaders,unknown,OROPS,Florida
16000.0,3,2010,Skid Steer Loaders,unknown,EROPS w AC,North Carolina
30000.0,7,2007,Backhoe Loaders,unknown,OROPS,Georgia
37000.0,2,1990,Motor Graders,unknown,OROPS,Texas
22000.0,13,2001,Track Excavators,Large / Medium,EROPS,Florida
64500.0,4,1999,Track Excavators,Large / Medium,EROPS w AC,Florida
18000.0,8,2005,Backhoe Loaders,unknown,OROPS,Arizona
18500.0,2,2010,Track Excavators,Mini,EROPS,Illinois
40000.0,15,2010,Track Excavators,Large / Medium,EROPS w AC,Texas
18500.0,19,1993,Track Type Tractors,Large,OROPS,Arizona
8000.0,13,2010,Track Excavators,Mini,EROPS,California
12500.0,4,2009,Skid Steer Loaders,unknown,EROPS,Nebraska
71000.0,8,1995,Motor Graders,unknown,EROPS,Texas
20000.0,22,2000,Track Excavators,Large / Medium,EROPS,Pennsylvania
46000.0,25,1999,Track Type Tractors,Large,EROPS,Ohio
60000.0,18,2002,Track Type Tractors,Large,EROPS,Florida
37500.0,4,2008,Track Type Tractors,unknown,OROPS,Florida
50000.0,4,2008,Track Type Tractors,unknown,OROPS,Georgia
37000.0,11,2003,Wheel Loader,Medium,EROPS w AC,Missouri
27500.0,9,2011,Track Type Tractors,unknown,OROPS,Wisconsin
23000.0,8,2008,Backhoe Loaders,unknown,EROPS,Utah
29000.0,14,2007,Wheel Loader,Medium,EROPS,Indiana
50000.0,5,2010,Track Excavators,Large / Medium,EROPS,Idaho
11500.0,11,2001,Track Excavators,Mini,EROPS,New Jersey
50000.0,4,2007,Wheel Loader,unknown,EROPS w AC,Florida
55000.0,17,2007,Wheel Loader,Large,EROPS,Washington
16500.0,7,1993,Backhoe Loaders,unknown,OROPS,Maryland
12000.0,19,2002,Backhoe Loaders,unknown,OROPS,Connecticut
10500.0,30,2001,Motor Graders,unknown,OROPS,Georgia
10500.0,5,2004,Skid Steer Loaders,unknown,OROPS,Maryland
87000.0,3,1991,Track Excavators,Large / Medium,EROPS,Washington
19500.0,9,2004,Backhoe Loaders,unknown,EROPS,Illinois
35000.0,28,2011,Motor Graders,unknown,EROPS,Washington
50000.0,6,2009,Wheel Loader,Medium,EROPS w AC,Florida
55000.0,6,1992,Track Excavators,unknown,EROPS,Maryland
85000.0,3,2000,Track Excavators,Large / Medium,EROPS,California
60000.0,6,2004,Track Excavators,Large / Medium,EROPS,Alabama
56500.0,14,1998,Track Type Tractors,Medium,OROPS,Minnesota
30000.0,11,2011,Wheel Loader,Medium,OROPS,Texas
35000.0,5,2009,Wheel Loader,Medium,OROPS,Florida
12500.0,6,2011,Skid Steer Loaders,unknown,EROPS w AC,Illinois
71000.0,2,2007,Track Type Tractors,Medium,OROPS,Maryland
46000.0,2,1994,Wheel Loader,unknown,OROPS,Texas
28000.0,6,2011,Backhoe Loaders,unknown,EROPS w AC,Texas
77500.0,7,2008,Track Excavators,Large / Medium,EROPS w AC,Texas
36000.0,7,2000,Track Excavators,Small,EROPS w AC,New York
66000.0,11,2009,Track Type Tractors,Medium,EROPS w AC,North Carolina
8000.0,5,2009,Skid Steer Loaders,unknown,OROPS,Texas
33000.0,24,2005,Motor Graders,unknown,OROPS,Florida
76000.0,4,2000,Wheel Loader,unknown,EROPS w AC,Maryland
41000.0,7,2011,Track Excavators,Small,EROPS,Connecticut
29000.0,3,1994,Backhoe Loaders,unknown,OROPS,Mississippi
14500.0,5,2008,Skid Steer Loaders,unknown,OROPS,Texas
46000.0,5,2006,Track Type Tractors,unknown,OROPS,Washington
21000.0,10,1989,Track Type Tractors,unknown,EROPS,Florida
24000.0,3,2008,Wheel Loader,Compact,OROPS,Washington
14500.0,21,2010,Backhoe Loaders,unknown,EROPS,Florida
16500.0,7,2008,Backhoe Loaders,unknown,OROPS,Washington
11000.0,28,1999,Track Type Tractors,unknown,OROPS,Illinois
18500.0,14,2010,Wheel Loader,unknown,OROPS,North Carolina
36500.0,10,2009,Wheel Loader,Medium,OROPS,California
20000.0,8,2002,Track Excavators,Small,EROPS,Pennsylvania
37000.0,13,2011,Wheel Loader,Medium,EROPS w AC,Maryland
48000.0,7,2001,Track Excavators,Large / Medium,EROPS,California
47000.0,5,2001,Track Excavators,Large / Medium,EROPS,Texas
9750.0,8,2007,Track Excavators,Mini,EROPS,Florida
92500.0,6,2011,Wheel Loader,Medium,EROPS,Washington
39000.0,16,2002,Motor Graders,unknown,EROPS,Texas
33000.0,9,2007,Track Excavators,Large / Medium,EROPS w AC,California
26000.0,25,2000,Track Type Tractors,Large,OROPS,Connecticut
10000.0,7,2011,Track Excavators,Mini,EROPS,Texas
40000.0,12,2010,Wheel Loader,Medium,EROPS w AC,California
55000.0,2,2007,Track Type Tractors,unknown,OROPS,Louisiana
5750.0,9,2007,Skid Steer Loaders,unknown,OROPS,Florida
12000.0,21,2000,Track Excavators,Large / Medium,EROPS,Minnesota
7500.0,14,2009,Backhoe Loaders,unknown,OROPS,Arizona
50000.0,4,1991,Track Excavators,Large / Medium,EROPS,Texas
45000.0,7,2009,Wheel Loader,Medium,OROPS,Florida
9000.0,5,2008,Skid Steer Loaders,unknown,OROPS,South Carolina
65000.0,6,2007,Wheel Loader,Medium,EROPS,Ohio
23000.0,6,2003,Backhoe Loaders,unknown,OROPS,Texas
19500.0,3,2001,Skid Steer Loaders,unknown,OROPS,Tennessee
11000.0,44,2009,Track Type Tractors,Medium,OROPS,Georgia
65000.0,6,2000,Motor Graders,unknown,EROPS,Mississippi
27000.0,6,2009,Wheel Loader,unknown,EROPS,Maryland
13500.0,15,2003,Track Excavators,Small,EROPS,Washington
80000.0,6,2010,Wheel Loader,Medium,OROPS,Illinois
56000.0,8,2006,Track Excavators,Large / Medium,EROPS,Mississippi
29000.0,4,1994,Track Type Tractors,unknown,OROPS,Florida
15500.0,3,2003,Skid Steer Loaders,unknown,OROPS,Missouri
37000.0,8,1990,Motor Graders,unknown,EROPS,Kentucky
67500.0,7,2000,Track Excavators,Large / Medium,EROPS,New Jersey
23000.0,2,2001,Backhoe Loaders,unknown,OROPS,Georgia
8500.0,6,2008,Skid Steer Loaders,unknown,OROPS,Colorado
34000.0,3,1997,Wheel Loader,Compact,OROPS,Florida
13000.0,9,2011,Skid Steer Loaders,unknown,EROPS,Florida
17500.0,11,2001,Backhoe Loaders,unknown,EROPS,Florida
38000.0,25,2008,Wheel Loader,Medium,OROPS,Arizona
15000.0,3,2004,Skid Steer Loaders,unknown,OROPS,Louisiana
11000.0,13,1993,Track Type Tractors,unknown,OROPS,Georgia
20000.0,2,2008,Track Excavators,Mini,EROPS,Arkansas
35000.0,13,2009,Wheel Loader,Medium,EROPS w AC,Arizona
6000.0,4,2009,Skid Steer Loaders,unknown,OROPS,Texas
25000.0,10,2005,Track Excavators,Small,EROPS w AC,Florida
18500.0,4,2005,Skid Steer Loaders,unknown,OROPS,Texas
18500.0,6,2003,Wheel Loader,Compact,OROPS,Nevada
80000.0,5,2011,Track Type Tractors,Medium,OROPS,Florida
45000.0,27,2006,Motor Graders,unknown,EROPS,Nevada
30000.0,9,2009,Wheel Loader,unknown,EROPS w AC,Texas
47500.0,14,1994,Track Excavators,Large / Medium,EROPS,Colorado
117500.0,3,2011,Track Type Tractors,Medium,EROPS w AC,Connecticut
110000.0,3,2009,Track Type Tractors,Medium,EROPS w AC,Florida
12000.0,3,2007,Track Excavators,Mini,EROPS,Florida
67500.0,5,2006,Track Excavators,Large / Medium,EROPS,Florida
19500.0,7,1989,Track Type Tractors,unknown,EROPS,New York
26000.0,18,2002,Wheel Loader,Medium,OROPS,Florida
17000.0,21,1996,Track Type Tractors,unknown,OROPS,Texas
26000.0,6,2004,Backhoe Loaders,unknown,OROPS,Texas
14000.0,9,2007,Skid Steer Loaders,unknown,OROPS,Colorado
8800.0,26,1995,Motor Graders,unknown,OROPS,Arkansas
27500.0,3,1998,Track Excavators,Mini,EROPS,Pennsylvania
96000.0,3,2005,Track Excavators,Large / Medium,EROPS w AC,New Jersey
30000.0,9,2007,Backhoe Loaders,unknown,EROPS,Missouri
11500.0,7,2011,Track Excavators,Mini,EROPS,Alabama
25000.0,3,1995,Backhoe Loaders,unknown,OROPS,Washington
15000.0,15,2010,Track Excavators,Mini,EROPS,Connecticut
27500.0,6,1999,Track Excavators,Mini,EROPS,Connecticut
38000.0,4,2009,Track Type Tractors,unknown,OROPS,Georgia
33000.0,4,2008,Track Type Tractors,unknown,OROPS,Texas
16750.0,21,1991,Wheel Loader,unknown,OROPS,Florida
23500.0,11,2009,Motor Graders,unknown,OROPS,South Carolina
23500.0,5,2004,Backhoe Loaders,unknown,OROPS,Texas
73000.0,18,2007,Motor Graders,unknown,EROPS w AC,New Jersey
92500.0,10,2011,Motor Graders,unknown,EROPS w AC,Mississippi
15000.0,7,1998,Track Type Tractors,unknown,OROPS,Florida
27500.0,13,2008,Wheel Loader,Medium,EROPS,Ohio
39000.0,12,1989,Track Type Tractors,Large,OROPS,Kentucky
19000.0,7,1993,Track Type Tractors,unknown,OROPS,California
40000.0,22,2006,Track Type Tractors,Medium,OROPS,California
8000.0,9,2006,Skid Steer Loaders,unknown,OROPS,Texas
59000.0,3,2011,Track Excavators,Small,EROPS w AC,Illinois
31000.0,10,2007,Track Type Tractors,unknown,OROPS,Minnesota
25500.0,6,1995,Backhoe Loaders,unknown,EROPS,Indiana
31000.0,28,2007,Wheel Loader,Medium,EROPS,Ohio
10000.0,11,1991,Backhoe Loaders,unknown,OROPS,Washington
12500.0,0,2002,Skid Steer Loaders,unknown,OROPS,Minnesota
24000.0,7,1995,Backhoe Loaders,unknown,OROPS,Texas
23000.0,10,2007,Backhoe Loaders,unknown,OROPS,North Carolina
20000.0,10,2002,Track Excavators,Small,EROPS,Connecticut
11500.0,38,2011,Wheel Loader,unknown,EROPS,Nebraska
7500.0,13,2009,Skid Steer Loaders,unknown,OROPS,Missouri
20000.0,24,1995,Track Type Tractors,Medium,OROPS,New York
21000.0,11,2008,Backhoe Loaders,unknown,OROPS,Alabama
61500.0,4,1998,Track Excavators,Large / Medium,EROPS w AC,Florida
28000.0,9,2005,Wheel Loader,Medium,OROPS,Florida
13000.0,5,2010,Skid Steer Loaders,unknown,OROPS,Mississippi
37000.0,18,1996,Track Type Tractors,Large,EROPS,Pennsylvania
19000.0,14,2011,Wheel Loader,unknown,OROPS,Texas
20000.0,28,2000,Track Type Tractors,Medium,OROPS,Washington
10500.0,3,2004,Skid Steer Loaders,unknown,OROPS,New Jersey
16000.0,7,2007,Track Excavators,Mini,EROPS,Maryland
20000.0,15,2009,Track Type Tractors,Medium,OROPS,Maryland
19500.0,9,2004,Backhoe Loaders,unknown,EROPS,Utah
28000.0,13,2011,Track Excavators,Large / Medium,EROPS,Washington
13000.0,15,2011,Backhoe Loaders,unknown,EROPS,Utah
42000.0,7,2005,Track Excavators,Large / Medium,EROPS w AC,Florida
62000.0,7,2002,Wheel Loader,Medium,EROPS w AC,Texas
27500.0,7,2003,Track Excavators,Small,EROPS w AC,New Jersey
8500.0,5,2003,Track Excavators,Mini,EROPS,North Carolina
52500.0,18,2003,Track Type Tractors,Large,OROPS,Missouri
27500.0,15,2006,Track Type Tractors,unknown,OROPS,New Jersey
38000.0,7,2011,Backhoe Loaders,unknown,EROPS w AC,Missouri
9500.0,6,1997,Skid Steer Loaders,unknown,OROPS,Texas
80000.0,6,2002,Motor Graders,unknown,EROPS w AC,Texas
31500.0,23,2001,Motor Graders,unknown,EROPS,Florida
40000.0,12,1999,Wheel Loader,Medium,EROPS w AC,Ohio
8500.0,8,2010,Skid Steer Loaders,unknown,OROPS,Florida
75000.0,5,2006,Track Type Tractors,Medium,OROPS,Texas
21000.0,5,2001,Backhoe Loaders,unknown,OROPS,South Carolina
25000.0,30,2005,Track Type Tractors,Large,OROPS,California
17500.0,8,2005,Backhoe Loaders,unknown,OROPS,Florida
11500.0,4,2009,Track Excavators,Mini,EROPS,Florida
20000.0,23,2001,Wheel Loader,Medium,EROPS,Colorado
10500.0,3,2003,Skid Steer Loaders,unknown,OROPS,Florida
15000.0,2,2009,Skid Steer Loaders,unknown,OROPS,California
20000.0,13,2009,Wheel Loader,unknown,OROPS,California
34000.0,5,2009,Track Type Tractors,Medium,OROPS,Texas
8250.0,28,2010,Track Type Tractors,unknown,OROPS,New Jersey
50000.0,20,2010,Motor Graders,unknown,EROPS w AC,Colorado
44000.0,6,1998,Track Type Tractors,unknown,OROPS,Indiana
56000.0,4,2004,Track Excavators,Large / Medium,EROPS w AC,Florida
34000.0,6,2010,Backhoe Loaders,unknown,EROPS w AC,Washington
43500.0,24,1998,Track Type Tractors,Large,EROPS,Pennsylvania
92500.0,4,1993,Wheel Loader,Medium,EROPS,Ohio
78000.0,12,1995,Motor Graders,unknown,EROPS,Texas
21000.0,8,2009,Backhoe Loaders,unknown,OROPS,California
42000.0,16,2001,Motor Graders,unknown,OROPS,California
41000.0,5,2009,Wheel Loader,Medium,EROPS w AC,Florida
9000.0,7,2007,Skid Steer Loaders,unknown,OROPS,Maryland
39000.0,2,1989,Wheel Loader,Medium,EROPS,Kentucky
32000.0,6,2008,Backhoe Loaders,unknown,EROPS w AC,Maryland
30000.0,3,1997,Backhoe Loaders,unknown,EROPS,Missouri
28000.0,6,1993,Track Type Tractors,unknown,EROPS,New Jersey
19000.0,9,1996,Wheel Loader,unknown,EROPS w AC,Florida
16000.0,5,2011,Wheel Loader,Compact,OROPS,Texas
13000.0,21,1992,Wheel Loader,Medium,EROPS,Alabama
27000.0,3,2008,Backhoe Loaders,unknown,OROPS,California
15000.0,20,1999,Wheel Loader,Medium,EROPS,Connecticut
17000.0,18,1995,Wheel Loader,unknown,EROPS,Florida
17000.0,17,2010,Backhoe Loaders,unknown,OROPS,Texas
57500.0,3,2009,Wheel Loader,Medium,EROPS w AC,Texas
20500.0,26,2004,Wheel Loader,Medium,OROPS,California
27000.0,14,2010,Wheel Loader,Medium,EROPS,Illinois
62500.0,10,2008,Wheel Loader,Medium,EROPS w AC,Arizona
25000.0,14,2006,Track Excavators,Small,EROPS,Florida
27000.0,16,2003,Wheel Loader,unknown,EROPS,Utah
44000.0,9,1997,Track Excavators,Large / Medium,EROPS,Washington
11000.0,5,2009,Skid Steer Loaders,unknown,OROPS,Texas
43000.0,7,1995,Track Excavators,Large / Medium,EROPS,Indiana
35000.0,8,2011,Track Excavators,Small,EROPS,Alabama
41000.0,5,2011,Wheel Loader,unknown,OROPS,Florida
28500.0,7,1998,Backhoe Loaders,unknown,OROPS,New York
17000.0,21,2006,Wheel Loader,unknown,OROPS,New Jersey
11000.0,6,2010,Skid Steer Loaders,unknown,OROPS,Iowa
16500.0,6,2002,Backhoe Loaders,unknown,OROPS,Texas
10000.0,20,2006,Backhoe Loaders,unknown,OROPS,California
25500.0,21,1998,Track Type Tractors,Medium,OROPS,Texas
12000.0,9,1989,Wheel Loader,unknown,OROPS,Washington
28000.0,8,2011,Backhoe Loaders,unknown,OROPS,California
14500.0,12,1990,Track Type Tractors,Large,OROPS,Maryland
24000.0,4,2008,Backhoe Loaders,unknown,OROPS,Arizona
15500.0,12,2010,Backhoe Loaders,unknown,OROPS,Mississippi
90000.0,2,2008,Wheel Loader,unknown,EROPS w AC,Florida
14500.0,35,2004,Track Type Tractors,Large,OROPS,Minnesota
22500.0,15,2007,Wheel Loader,Medium,OROPS,California
95000.0,2,2010,Track Excavators,Large / Medium,EROPS,Florida
15500.0,5,1993,Backhoe Loaders,unknown,OROPS,California
10000.0,6,2004,Skid Steer Loaders,unknown,OROPS,New Jersey
61500.0,3,1995,Track Excavators,Small,EROPS,Ohio
23000.0,4,2009,Backhoe Loaders,unknown,OROPS,Florida
10000.0,41,2005,Track Type Tractors,Large,OROPS,Washington
40000.0,24,2002,Wheel Loader,Large,EROPS w AC,Wyoming
24000.0,10,2007,Track Type Tractors,unknown,EROPS,Mississippi
42000.0,3,2005,Track Type Tractors,unknown,OROPS,Florida
72500.0,10,2006,Wheel Loader,Medium,EROPS w AC,New Mexico
10500.0,11,2011,Track Excavators,Mini,EROPS,Illinois
24000.0,10,2006,Backhoe Loaders,unknown,OROPS,Texas
49000.0,13,2006,Track Excavators,Large / Medium,EROPS,Maine
55000.0,10,2011,Wheel Loader,Medium,EROPS w AC,Maryland
13000.0,2,2010,Skid Steer Loaders,unknown,OROPS,Alabama
13000.0,1,2002,Skid Steer Loaders,unknown,OROPS,Ohio
21000.0,6,1999,Track Excavators,Mini,EROPS,Ohio
55000.0,6,2004,Wheel Loader,unknown,EROPS w AC,Alabama
57000.0,11,1999,Track Type Tractors,Medium,OROPS,Texas
62000.0,3,1999,Track Type Tractors,unknown,OROPS,Texas
34650.0,3,2008,Backhoe Loaders,unknown,OROPS,Tennessee
117600.0,12,2008,Track Type Tractors,Large,OROPS,Tennessee
23500.0,6,1996,Backhoe Loaders,unknown,OROPS,New Jersey
25000.0,20,2007,Motor Graders,unknown,EROPS w AC,Arizona
20000.0,12,2002,Track Excavators,Large / Medium,EROPS,North Carolina
9500.0,20,2010,Track Type Tractors,unknown,EROPS w AC,Mississippi
30000.0,7,1995,Track Excavators,Large / Medium,EROPS,Wisconsin
58000.0,4,2002,Wheel Loader,Medium,EROPS w AC,North Carolina
17750.0,17,2008,Track Type Tractors,unknown,OROPS,Oklahoma
42500.0,3,1999,Track Excavators,Small,EROPS w AC,New York
85000.0,5,2010,Track Excavators,Large / Medium,EROPS w AC,South Dakota
12000.0,12,2011,Skid Steer Loaders,unknown,OROPS,Florida
18500.0,6,2003,Backhoe Loaders,unknown,OROPS,Florida
29000.0,9,2009,Track Excavators,Small,EROPS w AC,Texas
12500.0,12,2001,Track Type Tractors,unknown,OROPS,Connecticut
10500.0,22,2001,Backhoe Loaders,unknown,EROPS,Idaho
90000.0,4,2002,Track Excavators,Large / Medium,EROPS,Connecticut
15000.0,22,2009,Motor Graders,unknown,EROPS,Maryland
72000.0,8,2001,Wheel Loader,Medium,EROPS w AC,Florida
60000.0,12,2003,Wheel Loader,Medium,EROPS w AC,Mississippi
125000.0,4,2008,Track Type Tractors,Large,EROPS w AC,Florida
11000.0,10,1991,Wheel Loader,unknown,OROPS,Florida
25987.0,12,2008,Track Type Tractors,Medium,OROPS,Tennessee
24000.0,8,1999,Track Type Tractors,unknown,OROPS,New Jersey
11000.0,4,2010,Track Excavators,Mini,EROPS,Texas
25000.0,5,2009,Track Type Tractors,unknown,OROPS,Georgia
20000.0,8,2006,Backhoe Loaders,unknown,OROPS,Ohio
20000.0,1,2001,Skid Steer Loaders,unknown,OROPS,Pennsylvania
25000.0,14,2002,Track Excavators,Large / Medium,EROPS,Colorado
9500.0,8,2004,Skid Steer Loaders,unknown,OROPS,California
16500.0,10,1994,Backhoe Loaders,unknown,OROPS,Washington
31000.0,13,1993,Wheel Loader,Medium,EROPS,Texas
35000.0,5,2007,Backhoe Loaders,unknown,EROPS w AC,Mississippi
26000.0,5,1993,Track Type Tractors,unknown,OROPS,Maine
60000.0,8,2009,Track Excavators,Large / Medium,EROPS w AC,Florida
84000.0,5,2003,Track Excavators,Large / Medium,EROPS w AC,Florida
21000.0,10,2004,Backhoe Loaders,unknown,OROPS,Florida
21000.0,5,2004,Backhoe Loaders,unknown,OROPS,Washington
16500.0,14,2006,Backhoe Loaders,unknown,OROPS,Connecticut
13000.0,10,1999,Backhoe Loaders,unknown,EROPS,New Mexico
14500.0,7,2005,Track Excavators,Mini,EROPS,Michigan
34500.0,3,2001,Track Type Tractors,unknown,OROPS,Pennsylvania
29000.0,13,2006,Track Type Tractors,unknown,OROPS,Iowa
14000.0,11,2008,Wheel Loader,Compact,OROPS,Arizona
17000.0,12,2010,Motor Graders,unknown,OROPS,Texas
27500.0,11,1998,Track Excavators,Large / Medium,EROPS,Kentucky
15000.0,18,1989,Track Type Tractors,Medium,EROPS,Oklahoma
16000.0,8,1999,Track Excavators,Mini,EROPS,Texas
30000.0,6,2004,Track Type Tractors,unknown,OROPS,Washington
30000.0,9,2001,Track Type Tractors,unknown,OROPS,New York
32500.0,17,2000,Wheel Loader,unknown,OROPS,Florida
28000.0,10,2007,Wheel Loader,Medium,EROPS,New Jersey
46000.0,3,2004,Track Excavators,Small,EROPS,Florida
7500.0,5,2002,Skid Steer Loaders,unknown,OROPS,Connecticut
39000.0,1,1998,Backhoe Loaders,unknown,OROPS,Texas
6500.0,3,1997,Skid Steer Loaders,unknown,OROPS,Maryland
36000.0,6,2007,Track Excavators,Small,EROPS w AC,New York
20000.0,14,2009,Track Type Tractors,Medium,OROPS,Texas
56000.0,11,1999,Track Type Tractors,Medium,OROPS,New Jersey
25500.0,14,2001,Track Type Tractors,unknown,OROPS,Indiana
15000.0,29,1999,Motor Graders,unknown,OROPS,Maryland
37500.0,18,2008,Motor Graders,unknown,EROPS w AC,Texas
23000.0,18,2005,Track Type Tractors,Medium,OROPS,Unspecified
17000.0,3,2009,Wheel Loader,Medium,EROPS,Florida
26000.0,6,1989,Wheel Loader,Medium,EROPS,Arizona
13500.0,18,2008,Backhoe Loaders,unknown,OROPS,California
8200.0,12,2002,Skid Steer Loaders,unknown,OROPS,Minnesota
7750.0,26,2010,Backhoe Loaders,unknown,EROPS,Iowa
13500.0,15,2004,Backhoe Loaders,unknown,EROPS,New Jersey
27000.0,16,2010,Wheel Loader,unknown,EROPS,Indiana
20000.0,11,2005,Track Type Tractors,unknown,OROPS,South Carolina
8000.0,10,2009,Skid Steer Loaders,unknown,OROPS,Illinois
22500.0,21,2008,Wheel Loader,Medium,EROPS w AC,Connecticut
22000.0,6,2011,Track Type Tractors,unknown,OROPS,Texas
47000.0,9,2005,Wheel Loader,Medium,OROPS,Texas
33000.0,14,2004,Wheel Loader,Medium,EROPS,Texas
42500.0,4,2001,Wheel Loader,unknown,OROPS,Florida
8500.0,7,2004,Track Excavators,Mini,EROPS,Florida
58000.0,28,2011,Wheel Loader,Medium,EROPS,Florida
10500.0,11,2008,Skid Steer Loaders,unknown,OROPS,Colorado
55000.0,12,2010,Track Excavators,Large / Medium,EROPS w AC,Florida
13500.0,8,2007,Track Excavators,Mini,EROPS,Illinois
24000.0,8,1998,Track Excavators,Small,EROPS,North Carolina
49000.0,1,2007,Track Type Tractors,unknown,OROPS,Louisiana
75000.0,3,2008,Track Excavators,Large / Medium,EROPS w AC,Florida
31000.0,7,2009,Track Excavators,Large / Medium,EROPS w AC,Alabama
8000.0,23,2009,Track Excavators,Large / Medium,EROPS,Minnesota
31000.0,9,2011,Backhoe Loaders,unknown,EROPS w AC,Maryland
9750.0,23,2007,Backhoe Loaders,unknown,OROPS,South Carolina
13500.0,3,2008,Skid Steer Loaders,unknown,OROPS,Nebraska
19500.0,10,2009,Wheel Loader,unknown,EROPS w AC,New York
55000.0,7,2004,Wheel Loader,Medium,EROPS w AC,North Carolina
67500.0,4,2009,Track Type Tractors,Medium,OROPS,Texas
22000.0,7,2003,Track Type Tractors,unknown,OROPS,Florida
28500.0,3,1995,Backhoe Loaders,unknown,EROPS,Pennsylvania
59000.0,11,2008,Track Type Tractors,Medium,EROPS w AC,Illinois
11000.0,13,2008,Wheel Loader,unknown,EROPS,Georgia
21000.0,4,2011,Track Excavators,Mini,EROPS,Unspecified
8500.0,4,2009,Backhoe Loaders,unknown,OROPS,Missouri
31000.0,2,2009,Backhoe Loaders,unknown,OROPS,Tennessee
75000.0,5,2006,Track Excavators,Large / Medium,EROPS w AC,North Carolina
125000.0,1,2007,Motor Graders,unknown,EROPS w AC,South Carolina
24000.0,4,2000,Backhoe Loaders,unknown,EROPS,Mississippi
36000.0,2,2002,Backhoe Loaders,unknown,EROPS,Connecticut
20000.0,7,1999,Wheel Loader,unknown,OROPS,Tennessee
30000.0,12,2010,Track Type Tractors,Medium,OROPS,New Jersey
10500.0,6,2011,Skid Steer Loaders,unknown,OROPS,Georgia
63000.0,7,2005,Track Excavators,Large / Medium,EROPS,Florida
20000.0,14,2011,Wheel Loader,Medium,EROPS w AC,Texas
18500.0,7,2002,Backhoe Loaders,unknown,OROPS,Arizona
35000.0,3,2006,Backhoe Loaders,unknown,OROPS,Texas
70000.0,14,2008,Motor Graders,unknown,EROPS w AC,Texas
59000.0,3,2009,Track Type Tractors,unknown,EROPS w AC,Alabama
14000.0,27,1993,Track Type Tractors,Large,OROPS,Florida
38000.0,19,1997,Wheel Loader,Medium,EROPS,Texas
39000.0,2,2001,Track Type Tractors,unknown,OROPS,South Carolina
11000.0,32,2005,Track Excavators,Large / Medium,EROPS,California
26000.0,28,2004,Track Type Tractors,Large,OROPS,Minnesota
34000.0,11,1997,Track Type Tractors,unknown,OROPS,Tennessee
31000.0,4,2005,Backhoe Loaders,unknown,OROPS,Georgia
67500.0,9,2011,Wheel Loader,Medium,EROPS w AC,Florida
41000.0,12,2008,Track Excavators,Large / Medium,EROPS w AC,California
43000.0,5,1998,Wheel Loader,unknown,OROPS,California
23000.0,4,1996,Backhoe Loaders,unknown,EROPS,Kentucky
37000.0,10,2003,Wheel Loader,Medium,EROPS,Colorado
31000.0,8,2006,Backhoe Loaders,unknown,OROPS,Texas
46000.0,4,2000,Track Excavators,Small,EROPS w AC,Mississippi
40000.0,10,2000,Motor Graders,unknown,EROPS,California
37000.0,18,1996,Track Type Tractors,Large,EROPS w AC,New Jersey
11750.0,11,2009,Skid Steer Loaders,unknown,OROPS,Minnesota
19500.0,11,2006,Backhoe Loaders,unknown,OROPS,Texas
16000.0,7,2005,Track Excavators,Mini,OROPS,Texas
58000.0,14,2004,Motor Graders,unknown,EROPS,Illinois
57500.0,11,2009,Motor Graders,unknown,EROPS w AC,Florida
87500.0,5,2008,Track Excavators,Large / Medium,EROPS w AC,Nevada
61000.0,6,2001,Wheel Loader,Medium,EROPS w AC,Florida
32000.0,4,1998,Wheel Loader,unknown,OROPS,Florida
14500.0,9,2002,Backhoe Loaders,unknown,OROPS,Texas
5750.0,5,2009,Skid Steer Loaders,unknown,OROPS,Texas
57500.0,5,2008,Track Excavators,Large / Medium,EROPS w AC,Florida
37000.0,26,2000,Motor Graders,unknown,EROPS,Tennessee
8800.0,20,1997,Backhoe Loaders,unknown,OROPS,North Carolina
21000.0,6,2004,Backhoe Loaders,unknown,OROPS,Mississippi
11000.0,7,2011,Backhoe Loaders,unknown,OROPS,Texas
10000.0,19,1994,Wheel Loader,Medium,EROPS,Maine
32000.0,9,2008,Track Excavators,Large / Medium,EROPS,Texas
68000.0,11,1996,Motor Graders,unknown,EROPS w AC,Texas
67500.0,13,2008,Track Type Tractors,Medium,OROPS,Texas
20500.0,15,1995,Track Excavators,Large / Medium,EROPS,Illinois
72500.0,14,2008,Track Type Tractors,Large,OROPS,Illinois
32000.0,13,2006,Track Excavators,Large / Medium,EROPS,Texas
7750.0,11,2006,Track Excavators,Mini,EROPS,Florida
26000.0,5,2009,Backhoe Loaders,unknown,EROPS,New York
19000.0,9,2009,Backhoe Loaders,unknown,OROPS,Arizona
20000.0,24,1998,Track Type Tractors,Large,OROPS,Washington
17000.0,6,1992,Backhoe Loaders,unknown,OROPS,Texas
56000.0,6,2003,Track Excavators,Large / Medium,EROPS,Texas
8000.0,3,1996,Skid Steer Loaders,unknown,OROPS,Maine
59000.0,3,2000,Track Excavators,Large / Medium,EROPS w AC,New Jersey
23000.0,13,2008,Track Excavators,Large / Medium,EROPS w AC,Colorado
20000.0,10,1999,Wheel Loader,unknown,OROPS,Nevada
39000.0,30,2009,Track Type Tractors,Large,OROPS,Mississippi
42500.0,6,2009,Track Excavators,Large / Medium,EROPS w AC,Texas
67500.0,14,2009,Wheel Loader,Medium,EROPS w AC,Nevada
44000.0,5,1997,Track Type Tractors,unknown,OROPS,New Jersey
11000.0,22,2009,Backhoe Loaders,unknown,OROPS,Colorado
32000.0,8,2008,Track Excavators,Small,EROPS,California
60000.0,2,2002,Track Type Tractors,unknown,OROPS,Texas
32000.0,22,1998,Track Type Tractors,Large,OROPS,Maryland
8500.0,5,2001,Skid Steer Loaders,unknown,OROPS,Alabama
40000.0,13,1989,Track Type Tractors,Large,EROPS w AC,Pennsylvania
87500.0,4,2004,Track Excavators,Large / Medium,EROPS w AC,Illinois
13250.0,9,2008,Wheel Loader,Compact,OROPS,Alabama
16000.0,8,2008,Backhoe Loaders,unknown,OROPS,Texas
25000.0,12,2011,Backhoe Loaders,unknown,EROPS w AC,California
6500.0,3,1997,Skid Steer Loaders,unknown,OROPS,Maryland
42000.0,27,2010,Wheel Loader,Medium,EROPS,Pennsylvania
21000.0,9,1994,Backhoe Loaders,unknown,OROPS,Washington
46000.0,7,2011,Track Type Tractors,Medium,OROPS,Missouri
21000.0,16,1990,Track Type Tractors,Medium,OROPS,Florida
12500.0,14,2001,Track Type Tractors,unknown,OROPS,Maryland
19500.0,5,2009,Backhoe Loaders,unknown,OROPS,Texas
35000.0,6,2008,Track Type Tractors,unknown,OROPS,New York
17000.0,10,2000,Backhoe Loaders,unknown,EROPS,Maryland
18000.0,12,2010,Track Type Tractors,unknown,OROPS,South Carolina
25000.0,9,2009,Track Type Tractors,unknown,OROPS,Texas
20000.0,7,2003,Track Excavators,Mini,EROPS,New Hampshire
10000.0,15,2004,Backhoe Loaders,unknown,OROPS,Texas
38000.0,12,2010,Wheel Loader,Medium,EROPS w AC,Arizona
47000.0,6,2001,Wheel Loader,Medium,EROPS w AC,Florida
30000.0,5,2010,Track Type Tractors,unknown,OROPS,Texas
10000.0,8,2008,Skid Steer Loaders,unknown,OROPS,Minnesota
36000.0,4,2005,Backhoe Loaders,unknown,OROPS,Florida
17000.0,12,2009,Backhoe Loaders,unknown,EROPS w AC,California
33000.0,9,2002,Wheel Loader,unknown,OROPS,Florida
10250.0,8,2006,Skid Steer Loaders,unknown,OROPS,New Jersey
26000.0,7,2010,Backhoe Loaders,unknown,OROPS,Florida
64000.0,2,2000,Track Excavators,Large / Medium,EROPS w AC,Georgia
30000.0,5,2011,Track Type Tractors,unknown,OROPS,Florida
100000.0,5,2011,Wheel Loader,Medium,EROPS w AC,Utah
35000.0,4,2005,Backhoe Loaders,unknown,EROPS,New Jersey
32000.0,12,2007,Wheel Loader,Medium,EROPS w AC,Alabama
12000.0,13,2009,Track Excavators,Large / Medium,EROPS,Minnesota
12000.0,20,2007,Track Type Tractors,unknown,OROPS,Texas
56000.0,8,2003,Wheel Loader,Medium,EROPS w AC,Texas
27000.0,20,2009,Wheel Loader,Large,EROPS w AC,West Virginia
23000.0,5,1991,Motor Graders,unknown,EROPS,Arizona
82500.0,5,2010,Track Type Tractors,Medium,EROPS w AC,Alabama
62500.0,6,2008,Track Excavators,Large / Medium,EROPS,Washington
21500.0,9,2011,Backhoe Loaders,unknown,OROPS,Mississippi
8500.0,5,2008,Track Excavators,Mini,EROPS,Florida
121000.0,8,2006,Track Type Tractors,Medium,EROPS w AC,Oklahoma
19000.0,39,2009,Wheel Loader,Medium,EROPS,Minnesota
9000.0,8,1998,Track Type Tractors,unknown,OROPS,Nevada
66000.0,3,2000,Track Type Tractors,Medium,EROPS w AC,Illinois
59000.0,4,2010,Track Excavators,Small,EROPS w AC,Ohio
25000.0,16,1999,Motor Graders,unknown,EROPS,Florida
32000.0,8,2001,Track Type Tractors,Medium,OROPS,Washington
52500.0,5,1998,Wheel Loader,unknown,EROPS,Indiana
14000.0,21,1999,Wheel Loader,Medium,EROPS,New Jersey
35000.0,16,1999,Wheel Loader,Medium,EROPS w AC,Ohio
18500.0,6,2011,Backhoe Loaders,unknown,OROPS,Florida
51000.0,2,2006,Track Type Tractors,unknown,OROPS,Florida
9000.0,26,2011,Wheel Loader,Compact,OROPS,Louisiana
39000.0,3,2007,Track Type Tractors,unknown,OROPS,Florida
13000.0,7,2007,Skid Steer Loaders,unknown,OROPS,California
10000.0,8,2010,Skid Steer Loaders,unknown,OROPS,Tennessee
47000.0,4,2008,Track Excavators,Small,EROPS w AC,Maryland
13500.0,8,2000,Track Type Tractors,unknown,OROPS,Texas
23000.0,8,2007,Track Type Tractors,unknown,OROPS,Ohio
42000.0,3,1998,Wheel Loader,unknown,OROPS,Texas
20000.0,6,2003,Backhoe Loaders,unknown,OROPS,Texas
57500.0,8,2011,Track Excavators,Large / Medium,EROPS w AC,North Carolina
25500.0,7,2004,Backhoe Loaders,unknown,OROPS,Texas
48000.0,3,1998,Track Type Tractors,unknown,OROPS,Louisiana
19000.0,8,1994,Track Type Tractors,unknown,OROPS,New Jersey
52000.0,6,2011,Wheel Loader,Medium,OROPS,Florida
17000.0,12,2006,Backhoe Loaders,unknown,OROPS,Arizona
10000.0,4,2009,Track Excavators,Mini,EROPS,Florida
25000.0,5,1994,Backhoe Loaders,unknown,OROPS,Alabama
16250.0,8,1995,Wheel Loader,unknown,OROPS,South Carolina
20000.0,11,1994,Track Type Tractors,Large,OROPS,Texas
30000.0,17,1996,Track Excavators,Large / Medium,EROPS,Ohio
35250.0,9,2008,Wheel Loader,unknown,EROPS w AC,Arkansas
25000.0,6,2005,Backhoe Loaders,unknown,OROPS,California
15000.0,9,2000,Track Excavators,Mini,EROPS w AC,Texas
26000.0,6,1998,Track Excavators,Small,EROPS,Ohio
40000.0,23,2007,Motor Graders,unknown,EROPS,Indiana
9500.0,3,2001,Skid Steer Loaders,unknown,OROPS,Tennessee
23000.0,3,2000,Backhoe Loaders,unknown,OROPS,Mississippi
7500.0,22,2002,Backhoe Loaders,unknown,OROPS,Maine
24000.0,9,2003,Track Excavators,Large / Medium,EROPS,Colorado
23000.0,6,1996,Backhoe Loaders,unknown,EROPS,Ohio
27500.0,8,2011,Backhoe Loaders,unknown,EROPS w AC,California
9800.0,4,2000,Skid Steer Loaders,unknown,OROPS,Tennessee
85000.0,2,2009,Track Excavators,Large / Medium,EROPS w AC,California
41000.0,9,2006,Track Type Tractors,Medium,OROPS,Mississippi
44000.0,4,2007,Wheel Loader,Medium,EROPS w AC,Florida
7500.0,6,2009,Track Excavators,Mini,EROPS,Tennessee
20500.0,7,2002,Backhoe Loaders,unknown,OROPS,Texas
5000.0,6,2002,Skid Steer Loaders,unknown,OROPS,Connecticut
42000.0,7,1998,Track Excavators,Large / Medium,EROPS,Texas
8500.0,11,2001,Backhoe Loaders,unknown,OROPS,Mississippi
46000.0,7,2009,Track Excavators,Large / Medium,EROPS,Alabama
27000.0,15,1993,Track Type Tractors,Medium,OROPS,Texas
25250.0,7,2001,Track Excavators,Small,EROPS,Maine
33500.0,17,2007,Track Excavators,Large / Medium,EROPS,Florida
16500.0,8,2004,Backhoe Loaders,unknown,OROPS,Unspecified
17000.0,21,2011,Track Excavators,Small,EROPS,Colorado
38000.0,7,2003,Track Type Tractors,Large,EROPS w AC,Texas
34000.0,5,2006,Backhoe Loaders,unknown,EROPS w AC,Georgia
8000.0,15,1999,Backhoe Loaders,unknown,OROPS,Florida
11250.0,8,2007,Skid Steer Loaders,unknown,OROPS,New Jersey
5500.0,8,1998,Skid Steer Loaders,unknown,OROPS,Ohio
16000.0,13,1997,Motor Graders,unknown,EROPS,Tennessee
33000.0,4,2002,Wheel Loader,Medium,EROPS,Illinois
14500.0,13,2005,Track Excavators,Mini,EROPS,Kentucky
7000.0,9,2002,Skid Steer Loaders,unknown,OROPS,New Hampshire
13000.0,1,2000,Skid Steer Loaders,unknown,OROPS,Kentucky
17000.0,17,2008,Backhoe Loaders,unknown,OROPS,Texas
7000.0,9,1995,Skid Steer Loaders,unknown,OROPS,North Carolina
17000.0,24,2000,Wheel Loader,Medium,OROPS,Mississippi
13000.0,5,2009,Wheel Loader,Compact,OROPS,Arizona
85000.0,7,2011,Track Excavators,Large / Medium,EROPS,Washington
38000.0,5,2008,Wheel Loader,Medium,EROPS w AC,California
77500.0,5,1995,Track Excavators,Large / Medium,EROPS,New Jersey
39000.0,13,1999,Motor Graders,unknown,EROPS,New Mexico
70000.0,4,1999,Track Excavators,Large / Medium,EROPS,Louisiana
32000.0,24,2008,Track Type Tractors,Large,EROPS w AC,California
71000.0,3,2010,Track Excavators,Large / Medium,EROPS,Texas
15000.0,9,2001,Backhoe Loaders,unknown,EROPS,Connecticut
17000.0,15,2003,Track Excavators,Large / Medium,EROPS,New Jersey
15000.0,18,2007,Track Excavators,Large / Medium,EROPS,Tennessee
55000.0,3,2009,Track Excavators,Large / Medium,EROPS w AC,Florida
7500.0,3,1998,Skid Steer Loaders,unknown,OROPS,Maryland
87500.0,20,2010,Track Type Tractors,Large,EROPS w AC,Texas
82500.0,8,2007,Track Type Tractors,Medium,EROPS w AC,Alabama
14000.0,12,2008,Backhoe Loaders,unknown,OROPS,Texas
14000.0,4,1997,Skid Steer Loaders,unknown,OROPS,Florida
35000.0,34,2008,Motor Graders,unknown,EROPS w AC,California
47500.0,7,2000,Track Excavators,Large / Medium,EROPS,Georgia
18000.0,6,2005,Backhoe Loaders,unknown,OROPS,Mississippi
37500.0,2,2004,Backhoe Loaders,unknown,OROPS,Arizona
20000.0,16,2006,Track Type Tractors,unknown,EROPS w AC,Texas
13000.0,5,2011,Skid Steer Loaders,unknown,OROPS,Arizona
70000.0,6,1990,Motor Graders,unknown,EROPS,Colorado
37500.0,30,2011,Track Type Tractors,Large,OROPS,California
49000.0,6,2011,Wheel Loader,unknown,EROPS w AC,Colorado
42500.0,4,2009,Track Excavators,Large / Medium,EROPS,Missouri
8500.0,7,2005,Skid Steer Loaders,unknown,OROPS,Illinois
19000.0,12,1999,Backhoe Loaders,unknown,EROPS,Florida
38500.0,13,1998,Wheel Loader,Medium,EROPS,Connecticut
32000.0,5,1992,Track Excavators,Large / Medium,EROPS,Florida
8000.0,15,1999,Track Excavators,unknown,EROPS,Washington
22000.0,32,2000,Track Type Tractors,Large,OROPS,Missouri
39000.0,15,2002,Motor Graders,unknown,EROPS,Florida
38000.0,19,2000,Track Type Tractors,Medium,EROPS,Texas
25500.0,6,2008,Backhoe Loaders,unknown,EROPS,Pennsylvania
18000.0,21,2005,Track Excavators,Large / Medium,EROPS,Colorado
10500.0,6,2006,Skid Steer Loaders,unknown,OROPS,Missouri
72500.0,4,2006,Wheel Loader,Medium,EROPS w AC,Texas
20000.0,7,1993,Backhoe Loaders,unknown,EROPS,New Jersey
19000.0,9,2008,Backhoe Loaders,unknown,OROPS,Tennessee
34000.0,18,2008,Motor Graders,unknown,EROPS,Alaska
20000.0,16,2011,Track Excavators,Large / Medium,EROPS w AC,Maryland
14500.0,29,2011,Motor Graders,unknown,EROPS,Idaho
32500.0,12,2009,Track Excavators,Large / Medium,EROPS w AC,Tennessee
18000.0,36,2007,Motor Graders,unknown,EROPS,Nevada
6500.0,4,2007,Skid Steer Loaders,unknown,OROPS,California
27500.0,6,1999,Backhoe Loaders,unknown,EROPS,Florida
22000.0,10,2003,Backhoe Loaders,unknown,EROPS,Illinois
22000.0,5,2002,Backhoe Loaders,unknown,EROPS,California
11000.0,4,2009,Skid Steer Loaders,unknown,OROPS,Missouri
26000.0,24,2003,Motor Graders,unknown,OROPS,Florida
16500.0,2,2006,Skid Steer Loaders,unknown,OROPS,Illinois
7250.0,3,2001,Skid Steer Loaders,unknown,OROPS,New York
9000.0,23,2011,Track Excavators,Mini,EROPS,Pennsylvania
18000.0,10,2007,Backhoe Loaders,unknown,OROPS,Alabama
16000.0,6,1989,Track Type Tractors,unknown,OROPS,Texas
13000.0,10,2010,Wheel Loader,Compact,OROPS,Mississippi
23500.0,3,1992,Backhoe Loaders,unknown,OROPS,Texas
32000.0,5,1993,Track Excavators,Small,EROPS,New Jersey
21000.0,7,1997,Backhoe Loaders,unknown,EROPS w AC,New York
22500.0,27,1997,Wheel Loader,Medium,EROPS,Maine
48000.0,11,2007,Track Excavators,Large / Medium,EROPS w AC,Florida
53000.0,14,2006,Wheel Loader,Medium,EROPS w AC,California
29000.0,11,1992,Wheel Loader,Medium,OROPS,Illinois
10500.0,9,2006,Skid Steer Loaders,unknown,OROPS,Florida
65000.0,9,1999,Track Type Tractors,Medium,EROPS,Nevada
63500.0,7,2001,Motor Graders,unknown,EROPS,Florida
13750.0,3,1997,Skid Steer Loaders,unknown,OROPS,Florida
27000.0,13,1994,Track Type Tractors,unknown,OROPS,Texas
42000.0,10,2003,Track Excavators,Large / Medium,EROPS,Texas
41500.0,10,2005,Track Excavators,Large / Medium,EROPS w AC,Texas
29000.0,19,1994,Track Type Tractors,Large,OROPS,Tennessee
25000.0,8,2011,Backhoe Loaders,unknown,OROPS,Florida
29000.0,5,2010,Track Type Tractors,unknown,OROPS,Florida
43000.0,5,1998,Track Excavators,Large / Medium,EROPS,Louisiana
36000.0,9,1994,Track Excavators,unknown,EROPS,Texas
61000.0,4,2006,Track Type Tractors,Medium,OROPS,Texas
19000.0,39,2007,Wheel Loader,Medium,EROPS,Minnesota
71000.0,3,2011,Track Type Tractors,Medium,OROPS,Texas
17000.0,9,2009,Backhoe Loaders,unknown,OROPS,Oregon
82500.0,5,2007,Track Excavators,Large / Medium,EROPS w AC,Georgia
74000.0,6,2011,Wheel Loader,unknown,EROPS w AC,Georgia
11000.0,4,2007,Skid Steer Loaders,unknown,OROPS,Florida
12500.0,29,2002,Motor Graders,unknown,EROPS,Oklahoma
97500.0,3,2009,Track Excavators,Large / Medium,EROPS w AC,Florida
43000.0,7,2011,Wheel Loader,unknown,OROPS,Florida
87000.0,5,2007,Track Type Tractors,Medium,EROPS w AC,Georgia
28000.0,5,2008,Backhoe Loaders,unknown,OROPS,Washington
19500.0,7,1993,Backhoe Loaders,unknown,EROPS,Ohio
15250.0,7,1993,Backhoe Loaders,unknown,EROPS,Mississippi
45000.0,2,2001,Track Excavators,Large / Medium,EROPS w AC,Texas
102000.0,3,2010,Track Excavators,Large / Medium,EROPS,Maine
40000.0,5,1997,Track Excavators,Small,EROPS,Indiana
65000.0,14,1995,Wheel Loader,Medium,EROPS,Arizona
45000.0,17,2005,Track Type Tractors,Medium,OROPS,Texas
14100.0,11,1994,Backhoe Loaders,unknown,EROPS,Indiana
16500.0,4,2009,Backhoe Loaders,unknown,OROPS,Tennessee
14000.0,17,2006,Track Excavators,Large / Medium,EROPS,Washington
45000.0,12,2011,Track Excavators,Large / Medium,EROPS w AC,Utah
35000.0,3,2008,Track Type Tractors,unknown,OROPS,Texas
25000.0,6,2010,Motor Graders,unknown,OROPS,Georgia
13000.0,12,1996,Wheel Loader,unknown,EROPS,Florida
15000.0,4,2008,Track Excavators,Mini,EROPS,Florida
14000.0,6,2002,Track Excavators,Mini,EROPS,Connecticut
52500.0,6,2011,Track Excavators,Large / Medium,EROPS w AC,Texas
16000.0,8,2008,Backhoe Loaders,unknown,OROPS,Ohio
12000.0,24,2007,Track Type Tractors,unknown,OROPS,Connecticut
13000.0,10,2011,Track Excavators,Mini,EROPS,Iowa
15750.0,24,1996,Track Type Tractors,Large,OROPS,Tennessee
32500.0,2,2007,Backhoe Loaders,unknown,OROPS,California
14500.0,11,2000,Backhoe Loaders,unknown,OROPS,Tennessee
27000.0,2,1995,Backhoe Loaders,unknown,OROPS,Texas
26000.0,3,2000,Backhoe Loaders,unknown,OROPS,Georgia
12500.0,5,2011,Skid Steer Loaders,unknown,OROPS,Florida
16000.0,10,1996,Backhoe Loaders,unknown,EROPS,Pennsylvania
29000.0,4,2008,Backhoe Loaders,unknown,OROPS,Florida
35000.0,22,2000,Track Type Tractors,Large,OROPS,Tennessee
20000.0,3,2010,Skid Steer Loaders,unknown,OROPS,Texas
27500.0,2,1990,Backhoe Loaders,unknown,EROPS,Maryland
33000.0,11,1999,Track Excavators,Small,EROPS,Florida
28000.0,11,2010,Track Type Tractors,Medium,OROPS,Florida
45000.0,5,2001,Wheel Loader,unknown,EROPS,Texas
19500.0,12,2004,Backhoe Loaders,unknown,EROPS,Oregon
16000.0,10,2000,Backhoe Loaders,unknown,EROPS,Pennsylvania
9000.0,24,1989,Motor Graders,unknown,OROPS,Texas
10500.0,4,2001,Track Type Tractors,unknown,EROPS w AC,Texas
39000.0,5,2004,Backhoe Loaders,unknown,EROPS,New Jersey
22000.0,19,2006,Track Excavators,Small,EROPS,Alabama
13000.0,6,2009,Wheel Loader,Compact,OROPS,California
28000.0,14,2002,Wheel Loader,Medium,EROPS,Ohio
11000.0,24,1997,Motor Graders,unknown,EROPS,New Mexico
42000.0,15,2008,Wheel Loader,Medium,EROPS,Oregon
8000.0,5,1996,Track Excavators,Mini,EROPS,Washington
42000.0,15,1993,Wheel Loader,Medium,EROPS,Maine
12500.0,27,2001,Wheel Loader,unknown,OROPS,Maine
5000.0,14,2009,Skid Steer Loaders,unknown,OROPS,Florida
8500.0,25,2011,Skid Steer Loaders,unknown,OROPS,Virginia
60000.0,7,1989,Motor Graders,unknown,EROPS,Arizona
48000.0,4,1997,Track Type Tractors,unknown,OROPS,Texas
28500.0,6,2001,Track Type Tractors,unknown,OROPS,Ohio
10500.0,7,2011,Skid Steer Loaders,unknown,OROPS,Kentucky
18500.0,7,2009,Backhoe Loaders,unknown,OROPS,Texas
14000.0,11,1998,Backhoe Loaders,unknown,OROPS,Maryland
10000.0,20,2010,Track Excavators,Small,EROPS,Minnesota
15500.0,5,2008,Track Excavators,Mini,EROPS,Unspecified
12000.0,5,2010,Skid Steer Loaders,unknown,OROPS,Florida
13500.0,12,2001,Backhoe Loaders,unknown,OROPS,Nevada
16750.0,10,1995,Track Type Tractors,unknown,EROPS,Maine
29000.0,6,2004,Track Type Tractors,unknown,OROPS,Alabama
56000.0,15,1996,Motor Graders,unknown,EROPS,Texas
12500.0,4,2003,Track Excavators,Mini,EROPS,Missouri
27000.0,10,2001,Wheel Loader,unknown,EROPS,Connecticut
15000.0,17,1998,Track Type Tractors,unknown,OROPS,Kentucky
13000.0,5,2003,Skid Steer Loaders,unknown,OROPS,Arizona
10500.0,20,2008,Track Type Tractors,unknown,OROPS,Arkansas
12000.0,30,2004,Wheel Loader,unknown,OROPS,Florida
25000.0,9,2007,Backhoe Loaders,unknown,OROPS,Nevada
32000.0,11,1997,Track Excavators,Large / Medium,EROPS,Ohio
17250.0,4,2008,Track Excavators,Mini,EROPS,North Carolina
5200.0,9,2007,Skid Steer Loaders,unknown,OROPS,Ohio
7500.0,8,2001,Track Excavators,Mini,EROPS,Florida
7500.0,18,2008,Backhoe Loaders,unknown,OROPS,California
14000.0,6,2009,Wheel Loader,Compact,OROPS,California
9000.0,7,2008,Wheel Loader,Compact,OROPS,Texas
31000.0,6,2004,Backhoe Loaders,unknown,EROPS,Maryland
72000.0,3,1997,Wheel Loader,Medium,OROPS,Florida
81000.0,3,2007,Wheel Loader,Medium,EROPS w AC,Tennessee
17250.0,7,1997,Wheel Loader,Compact,EROPS,Illinois
65000.0,9,2005,Track Excavators,Large / Medium,EROPS w AC,Alabama
18000.0,3,2007,Track Excavators,Mini,EROPS,Missouri
54000.0,3,2010,Track Type Tractors,unknown,OROPS,Texas
13000.0,14,2010,Track Type Tractors,unknown,OROPS,Texas
40000.0,7,2007,Wheel Loader,unknown,EROPS w AC,Nevada
97500.0,10,2003,Track Type Tractors,Large,OROPS,Washington
34000.0,5,2007,Backhoe Loaders,unknown,OROPS,Louisiana
15000.0,20,2007,Track Type Tractors,Medium,EROPS,Maryland
59000.0,9,1998,Track Type Tractors,Medium,OROPS,Pennsylvania
77500.0,6,1996,Track Type Tractors,Large,EROPS,Florida
8000.0,12,2010,Wheel Loader,Compact,OROPS,California
55000.0,6,2000,Track Excavators,Large / Medium,EROPS,Wisconsin
36500.0,4,2006,Backhoe Loaders,unknown,OROPS,Florida
55000.0,6,1996,Track Excavators,Large / Medium,EROPS,Iowa
17000.0,15,2001,Track Excavators,Large / Medium,EROPS,New Jersey
12500.0,4,2004,Skid Steer Loaders,unknown,OROPS,Arizona
49500.0,6,2001,Track Type Tractors,Medium,EROPS,Florida
38000.0,17,1999,Motor Graders,unknown,EROPS,Colorado
33000.0,24,2007,Wheel Loader,Medium,EROPS,Ohio
26500.0,7,2002,Wheel Loader,Compact,EROPS w AC,Florida
61000.0,11,2003,Motor Graders,unknown,EROPS w AC,Arizona
21000.0,19,2000,Wheel Loader,Medium,EROPS,Montana
9500.0,34,2009,Wheel Loader,Compact,EROPS,Ohio
9250.0,8,2007,Track Excavators,Mini,EROPS,Florida
15000.0,11,2001,Track Excavators,Small,EROPS,Texas
61000.0,6,2002,Track Excavators,Large / Medium,EROPS w AC,Florida
19000.0,7,1997,Track Excavators,Small,EROPS,Colorado
35000.0,3,2011,Backhoe Loaders,unknown,OROPS,Texas
18500.0,23,2007,Track Excavators,Large / Medium,EROPS,Florida
14500.0,5,2009,Skid Steer Loaders,unknown,EROPS w AC,Tennessee
35000.0,10,2008,Track Type Tractors,Medium,OROPS,Ohio
22000.0,4,1992,Track Type Tractors,unknown,OROPS,Alabama
24500.0,5,1999,Track Excavators,Mini,EROPS,New York
26500.0,5,1989,Wheel Loader,unknown,EROPS,Florida
20000.0,27,2009,Wheel Loader,Large,EROPS,Idaho
17500.0,4,2008,Backhoe Loaders,unknown,OROPS,Maryland
26000.0,3,2002,Wheel Loader,Compact,EROPS w AC,Florida
30000.0,31,2011,Track Type Tractors,Medium,EROPS w AC,Florida
15500.0,8,1996,Backhoe Loaders,unknown,OROPS,Maine
22000.0,3,1991,Track Type Tractors,unknown,OROPS,Maryland
21000.0,5,2009,Backhoe Loaders,unknown,EROPS,New York
50000.0,16,1994,Track Excavators,Large / Medium,EROPS,Florida
15750.0,6,2004,Backhoe Loaders,unknown,OROPS,Alabama
23000.0,14,1994,Wheel Loader,unknown,EROPS,North Carolina
53000.0,4,2007,Wheel Loader,unknown,EROPS w AC,Maryland
23750.0,8,2009,Backhoe Loaders,unknown,EROPS w AC,Kentucky
49000.0,16,2001,Motor Graders,unknown,EROPS w AC,Missouri
110000.0,3,2008,Track Excavators,Large / Medium,EROPS w AC,Texas
59000.0,5,1996,Track Excavators,Large / Medium,EROPS,Missouri
24000.0,18,1995,Wheel Loader,Medium,OROPS,Texas
42500.0,12,1990,Track Excavators,Large / Medium,EROPS,Maine
15000.0,10,2005,Backhoe Loaders,unknown,OROPS,Georgia
31000.0,4,2009,Backhoe Loaders,unknown,OROPS,Arizona
26000.0,21,2002,Track Type Tractors,Large,OROPS,California
17500.0,19,2008,Track Type Tractors,unknown,OROPS,Florida
12000.0,15,2008,Wheel Loader,Compact,EROPS,South Carolina
58000.0,3,1992,Track Type Tractors,Medium,EROPS,Texas
49000.0,3,2004,Track Type Tractors,unknown,OROPS,Ohio
39000.0,10,2000,Wheel Loader,Medium,EROPS,Connecticut
20500.0,9,1999,Backhoe Loaders,unknown,OROPS,California
29000.0,7,2011,Backhoe Loaders,unknown,OROPS,California
31500.0,14,2001,Motor Graders,unknown,EROPS,New Jersey
37500.0,6,2011,Backhoe Loaders,unknown,EROPS w AC,California
23500.0,19,2008,Wheel Loader,unknown,EROPS,Arkansas
15500.0,5,2009,Skid Steer Loaders,unknown,OROPS,Illinois
34000.0,6,2010,Track Excavators,Small,EROPS,Florida
19000.0,9,1998,Backhoe Loaders,unknown,EROPS,Florida
23500.0,5,1999,Backhoe Loaders,unknown,OROPS,North Carolina
11500.0,19,2007,Backhoe Loaders,unknown,OROPS,Florida
14000.0,35,2010,Track Type Tractors,Large,OROPS,Missouri
41000.0,4,1998,Wheel Loader,unknown,OROPS,Florida
40500.0,10,2007,Track Excavators,Large / Medium,EROPS w AC,Arkansas
43000.0,5,1992,Track Excavators,Large / Medium,EROPS,North Carolina
105000.0,3,2005,Track Type Tractors,Medium,EROPS w AC,Texas
45000.0,5,2011,Track Type Tractors,unknown,EROPS w AC,Florida
84000.0,7,1999,Track Type Tractors,Medium,EROPS w AC,Florida
5500.0,15,1994,Skid Steer Loaders,unknown,OROPS,New Jersey
15000.0,6,1993,Track Type Tractors,unknown,OROPS,Maine
23000.0,10,1997,Wheel Loader,Medium,EROPS,Mississippi
13000.0,12,2002,Backhoe Loaders,unknown,OROPS,Alabama
37500.0,8,2010,Track Type Tractors,Medium,EROPS w AC,California
27000.0,5,1990,Backhoe Loaders,unknown,EROPS,Maryland
38000.0,4,2001,Track Excavators,Small,EROPS,New Hampshire
21000.0,11,2009,Track Excavators,Small,EROPS w AC,North Carolina
55000.0,12,2011,Track Excavators,Large / Medium,EROPS w AC,Florida
9000.0,49,2011,Track Type Tractors,Large,OROPS,Kentucky
24000.0,5,2000,Backhoe Loaders,unknown,EROPS,Maryland
8500.0,27,2007,Track Type Tractors,unknown,OROPS,Louisiana
45000.0,7,2002,Wheel Loader,unknown,EROPS w AC,Colorado
28000.0,3,2009,Backhoe Loaders,unknown,EROPS,Utah
15000.0,7,2006,Skid Steer Loaders,unknown,OROPS,Maryland
20000.0,7,2004,Track Excavators,Large / Medium,EROPS w AC,Florida
11000.0,8,1997,Backhoe Loaders,unknown,OROPS,California
19000.0,12,2001,Track Excavators,Small,EROPS,Kansas
10500.0,17,2007,Backhoe Loaders,unknown,OROPS,Florida
47500.0,20,2006,Wheel Loader,Medium,EROPS,Maryland
47500.0,28,2005,Motor Graders,unknown,EROPS,Nevada
10500.0,10,2003,Backhoe Loaders,unknown,OROPS,Arizona
13500.0,5,2005,Skid Steer Loaders,unknown,OROPS,Texas
15000.0,6,2010,Wheel Loader,Compact,OROPS,California
12000.0,5,2006,Track Excavators,Mini,EROPS,California
28500.0,4,1998,Backhoe Loaders,unknown,OROPS,New York
72000.0,8,2007,Track Type Tractors,Medium,OROPS,Texas
13000.0,4,1998,Backhoe Loaders,unknown,OROPS,Mississippi
5750.0,11,1999,Skid Steer Loaders,unknown,OROPS,Florida
7500.0,5,2004,Skid Steer Loaders,unknown,OROPS,Georgia
8500.0,34,2009,Track Type Tractors,unknown,OROPS,Washington
21000.0,25,2003,Track Type Tractors,Large,OROPS,Alabama
19250.0,19,1995,Motor Graders,unknown,EROPS,Ohio
32000.0,15,1993,Wheel Loader,Medium,EROPS,Maine
25000.0,5,2006,Wheel Loader,Compact,OROPS,Nevada
8500.0,12,2008,Skid Steer Loaders,unknown,OROPS,Texas
14500.0,12,2009,Backhoe Loaders,unknown,EROPS,Tennessee
12500.0,33,2010,Track Excavators,Large / Medium,EROPS,Pennsylvania
32000.0,4,2007,Track Excavators,Mini,EROPS w AC,Florida
14250.0,16,1997,Wheel Loader,Medium,EROPS,Mississippi
68000.0,2,2009,Track Excavators,Large / Medium,EROPS w AC,Florida
47000.0,4,2005,Track Type Tractors,unknown,OROPS,Michigan
51000.0,9,2007,Track Excavators,Large / Medium,EROPS w AC,Alabama
48000.0,13,1989,Motor Graders,unknown,EROPS,Washington
37500.0,3,2007,Backhoe Loaders,unknown,OROPS,Washington
16000.0,3,2007,Backhoe Loaders,unknown,EROPS,New Jersey
75000.0,4,2007,Track Excavators,Small,EROPS w AC,Minnesota
45000.0,31,2009,Motor Graders,unknown,OROPS,Colorado
72000.0,9,1994,Motor Graders,unknown,EROPS,Texas
18500.0,7,2008,Track Type Tractors,unknown,OROPS,Florida
12000.0,23,2008,Track Excavators,Large / Medium,EROPS,Missouri
16000.0,6,2010,Track Excavators,Mini,EROPS,Georgia
16000.0,25,2000,Wheel Loader,Medium,EROPS,Colorado
25000.0,8,2008,Backhoe Loaders,unknown,EROPS w AC,Maryland
23000.0,15,2007,Track Excavators,Large / Medium,EROPS,Texas
9500.0,9,2003,Track Excavators,Mini,EROPS,Texas
20000.0,38,2008,Track Type Tractors,Large,OROPS,Wisconsin
22000.0,21,2008,Motor Graders,unknown,OROPS,Washington
15000.0,18,1998,Track Type Tractors,unknown,OROPS,New York
17500.0,29,2005,Wheel Loader,Medium,EROPS,Kentucky
16000.0,24,2001,Wheel Loader,Medium,EROPS,Maryland
26000.0,5,2002,Backhoe Loaders,unknown,OROPS,Texas
21000.0,6,1995,Backhoe Loaders,unknown,EROPS,New York
100000.0,1,2008,Track Excavators,Large / Medium,EROPS w AC,Georgia
13500.0,5,2010,Skid Steer Loaders,unknown,OROPS,Georgia
48500.0,8,2011,Wheel Loader,unknown,EROPS w AC,Connecticut
14000.0,20,2008,Backhoe Loaders,unknown,OROPS,Florida
55000.0,25,2007,Track Type Tractors,Large,EROPS w AC,Michigan
16500.0,9,1999,Track Excavators,Large / Medium,EROPS,Tennessee
34000.0,16,1997,Wheel Loader,Medium,EROPS,Nevada
13000.0,16,1996,Wheel Loader,unknown,EROPS,Maine
7250.0,8,2001,Skid Steer Loaders,unknown,OROPS,Idaho
16500.0,8,2003,Track Excavators,Mini,EROPS,Missouri
22500.0,11,2001,Track Excavators,Small,EROPS w AC,Florida
55000.0,8,2005,Track Excavators,Large / Medium,EROPS w AC,Alabama
42000.0,7,1996,Wheel Loader,unknown,EROPS,North Carolina
9500.0,4,2007,Skid Steer Loaders,unknown,OROPS,Florida
80000.0,15,2011,Track Type Tractors,Large,EROPS w AC,Texas
25500.0,15,2008,Backhoe Loaders,unknown,OROPS,New Mexico
42500.0,4,2004,Track Excavators,Large / Medium,EROPS w AC,Georgia
32000.0,2,2009,Track Excavators,Small,EROPS w AC,New Mexico
49000.0,2,2009,Track Type Tractors,unknown,EROPS w AC,Texas
24000.0,10,2005,Backhoe Loaders,unknown,OROPS,Nevada
52500.0,3,2010,Track Type Tractors,unknown,EROPS w AC,Texas
90000.0,3,2007,Track Type Tractors,Medium,EROPS,Ohio
17000.0,4,2010,Skid Steer Loaders,unknown,OROPS,Texas
28500.0,8,2006,Backhoe Loaders,unknown,EROPS,Connecticut
15000.0,4,2010,Track Excavators,Mini,EROPS,Florida
60000.0,21,2009,Track Type Tractors,Large,EROPS,Texas
39000.0,4,2002,Backhoe Loaders,unknown,EROPS,Unspecified
11000.0,5,2009,Backhoe Loaders,unknown,OROPS,Arizona
27000.0,7,2002,Track Excavators,Large / Medium,EROPS w AC,Alabama
60000.0,8,2000,Track Excavators,Large / Medium,EROPS w AC,Tennessee
17000.0,16,2000,Motor Graders,unknown,EROPS,New Mexico
35000.0,21,1999,Motor Graders,unknown,OROPS,California
46000.0,28,2006,Wheel Loader,Large,EROPS,Missouri
13500.0,4,2008,Skid Steer Loaders,unknown,OROPS,Texas
10000.0,16,2007,Backhoe Loaders,unknown,OROPS,Ohio
110000.0,2,2007,Motor Graders,unknown,EROPS w AC,Ohio
81000.0,7,1990,Wheel Loader,Medium,EROPS,Louisiana
6500.0,4,2011,Skid Steer Loaders,unknown,OROPS,Texas
29000.0,4,2005,Track Excavators,Mini,EROPS w AC,New Jersey
15000.0,11,1990,Track Type Tractors,unknown,OROPS,Texas
15000.0,15,2010,Wheel Loader,Compact,EROPS,Washington
20000.0,7,2007,Backhoe Loaders,unknown,OROPS,Texas
5750.0,9,2011,Skid Steer Loaders,unknown,OROPS,Texas
25000.0,5,2009,Backhoe Loaders,unknown,EROPS,Missouri
24000.0,16,2003,Track Type Tractors,Medium,OROPS,California
21000.0,6,2011,Track Excavators,Mini,EROPS,California
33000.0,9,2010,Track Type Tractors,unknown,EROPS,Ohio
44000.0,8,2006,Wheel Loader,Medium,OROPS,California
24000.0,11,2004,Track Type Tractors,Medium,OROPS,Washington
16000.0,14,1998,Track Excavators,Large / Medium,EROPS,Washington
45000.0,4,2005,Track Excavators,Mini,EROPS,Florida
11500.0,13,2001,Backhoe Loaders,unknown,EROPS,New Jersey
42500.0,19,2000,Wheel Loader,Large,EROPS,Tennessee
34000.0,5,2009,Track Type Tractors,Medium,EROPS w AC,California
20500.0,39,2006,Motor Graders,unknown,EROPS,Florida
34000.0,10,2008,Wheel Loader,Medium,EROPS,Minnesota
21500.0,8,2004,Backhoe Loaders,unknown,EROPS,Illinois
27000.0,9,2002,Track Type Tractors,unknown,EROPS,Pennsylvania
12000.0,42,2011,Motor Graders,unknown,EROPS,New Mexico
11500.0,6,2011,Track Excavators,Mini,EROPS,Florida
7750.0,10,2005,Skid Steer Loaders,unknown,OROPS,Illinois
60000.0,9,2006,Track Excavators,Large / Medium,EROPS,Alabama
26000.0,5,2009,Backhoe Loaders,unknown,OROPS,Florida
10000.0,37,2004,Wheel Loader,Medium,EROPS,Texas
7500.0,12,1998,Skid Steer Loaders,unknown,OROPS,North Carolina
26000.0,6,2011,Backhoe Loaders,unknown,EROPS w AC,Georgia
31000.0,8,2010,Backhoe Loaders,unknown,EROPS,Maryland
9500.0,9,2009,Track Excavators,Mini,EROPS,Wisconsin
49000.0,5,2008,Wheel Loader,Medium,EROPS w AC,Texas
11500.0,18,2006,Track Type Tractors,unknown,OROPS,New Hampshire
13500.0,20,1994,Track Type Tractors,Large,EROPS,Ohio
57000.0,6,2008,Wheel Loader,Medium,EROPS,Colorado
9000.0,1,1998,Skid Steer Loaders,unknown,OROPS,Washington
50000.0,2,2001,Wheel Loader,unknown,EROPS w AC,Colorado
19250.0,3,2003,Track Excavators,Mini,EROPS,Wyoming
55000.0,10,2007,Motor Graders,unknown,EROPS,Oklahoma
92500.0,8,2011,Track Excavators,Large / Medium,EROPS w AC,Texas
67000.0,5,2000,Wheel Loader,Medium,EROPS,Texas
18000.0,18,2006,Track Excavators,Small,EROPS,North Carolina
30500.0,9,2002,Track Excavators,Small,EROPS,Connecticut
60000.0,11,1994,Track Type Tractors,Large,OROPS,Georgia
114000.0,5,2005,Motor Graders,unknown,EROPS w AC,South Carolina
43000.0,24,2004,Wheel Loader,Medium,EROPS w AC,Kentucky
19000.0,11,2009,Motor Graders,unknown,OROPS,Texas
23000.0,38,2008,Wheel Loader,unknown,EROPS,Texas
16000.0,16,2000,Track Excavators,Large / Medium,EROPS,Illinois
12000.0,12,2006,Track Excavators,Small,EROPS w AC,Texas
16000.0,4,2007,Skid Steer Loaders,unknown,OROPS,Ohio
56000.0,7,2001,Motor Graders,unknown,EROPS,Georgia
99000.0,6,2005,Track Excavators,Large / Medium,EROPS w AC,North Dakota
16500.0,10,2011,Backhoe Loaders,unknown,EROPS,California
37500.0,15,2009,Track Type Tractors,Medium,OROPS,New Jersey
24000.0,14,2003,Motor Graders,unknown,EROPS,Florida
22000.0,5,1996,Backhoe Loaders,unknown,EROPS,Indiana
29000.0,20,2000,Wheel Loader,Medium,EROPS,Texas
9500.0,4,2007,Track Excavators,Mini,EROPS,California
19500.0,4,2010,Skid Steer Loaders,unknown,OROPS,California
49000.0,5,1999,Wheel Loader,Medium,OROPS,Washington
16000.0,16,1993,Track Excavators,Large / Medium,EROPS,New Hampshire
19000.0,21,2011,Wheel Loader,Medium,EROPS,Texas
12000.0,6,2004,Track Excavators,Mini,EROPS,Florida
67500.0,5,2010,Track Excavators,Large / Medium,EROPS,Florida
16000.0,21,1993,Motor Graders,unknown,OROPS,Georgia
20000.0,14,2011,Track Excavators,Small,EROPS,Florida
17000.0,27,2005,Track Type Tractors,unknown,OROPS,Minnesota
15500.0,18,2007,Track Type Tractors,unknown,OROPS,Florida
42000.0,7,1994,Track Type Tractors,Medium,OROPS,Tennessee
40000.0,7,2009,Track Type Tractors,Medium,EROPS w AC,Texas
37000.0,8,2004,Track Excavators,Large / Medium,EROPS,Tennessee
17000.0,9,1998,Track Excavators,Small,EROPS,Washington
47000.0,5,1997,Track Type Tractors,unknown,OROPS,New Mexico
10250.0,10,1993,Backhoe Loaders,unknown,OROPS,North Carolina
9750.0,21,2010,Wheel Loader,unknown,OROPS,Oklahoma
77500.0,8,2004,Track Excavators,Large / Medium,EROPS w AC,Iowa
20000.0,8,1994,Backhoe Loaders,unknown,OROPS,New York
32500.0,21,2002,Wheel Loader,Medium,EROPS,Washington
22000.0,9,2007,Backhoe Loaders,unknown,OROPS,Missouri
6500.0,6,2000,Skid Steer Loaders,unknown,OROPS,Maryland
7000.0,5,2011,Skid Steer Loaders,unknown,OROPS,Oregon
40000.0,9,2007,Wheel Loader,Medium,EROPS w AC,Washington
52500.0,8,2011,Track Type Tractors,Medium,EROPS w AC,Texas
20500.0,16,2011,Track Excavators,Mini,EROPS,Washington
9200.0,11,2008,Track Excavators,Mini,EROPS,Pennsylvania
17000.0,9,2000,Track Excavators,Mini,EROPS,Connecticut
8500.0,18,1996,Backhoe Loaders,unknown,OROPS,New Jersey
22000.0,9,2004,Track Excavators,Large / Medium,EROPS,Maryland
17250.0,16,2010,Backhoe Loaders,unknown,OROPS,Texas
9000.0,16,1990,Track Type Tractors,unknown,OROPS,Florida
19750.0,8,1994,Track Type Tractors,unknown,OROPS,New York
18000.0,26,2000,Track Type Tractors,Large,OROPS,California
31000.0,15,2010,Track Excavators,Large / Medium,EROPS w AC,Florida
33000.0,4,2008,Backhoe Loaders,unknown,EROPS w AC,Texas
24000.0,5,2009,Track Excavators,Small,EROPS w AC,Texas
41000.0,4,1999,Track Excavators,Small,EROPS,Washington
17000.0,13,2001,Track Type Tractors,unknown,OROPS,South Carolina
11500.0,26,2001,Wheel Loader,unknown,EROPS,Mississippi
38500.0,4,2003,Track Excavators,Small,EROPS,Connecticut
54500.0,6,2007,Track Type Tractors,Medium,OROPS,Florida
77000.0,5,2010,Wheel Loader,unknown,EROPS w AC,Missouri
13000.0,4,2009,Track Excavators,Mini,EROPS,Missouri
37000.0,7,2007,Track Excavators,Large / Medium,EROPS w AC,Georgia
28000.0,31,2009,Wheel Loader,Medium,EROPS,Ohio
9500.0,12,1993,Backhoe Loaders,unknown,OROPS,Texas
21000.0,6,2004,Backhoe Loaders,unknown,OROPS,Georgia
12500.0,4,2009,Track Excavators,Mini,EROPS,Tennessee
39000.0,4,1989,Track Type Tractors,Large,EROPS,Kentucky
14500.0,9,2002,Backhoe Loaders,unknown,OROPS,Alabama
93000.0,2,2007,Track Type Tractors,Medium,EROPS w AC,South Carolina
17000.0,12,2007,Backhoe Loaders,unknown,OROPS,Florida
9000.0,34,1998,Motor Graders,unknown,OROPS,Kentucky
22000.0,3,2011,Track Excavators,Mini,EROPS,California
21000.0,12,1998,Track Excavators,Small,EROPS,Louisiana
37000.0,7,2008,Track Excavators,Small,EROPS w AC,New Jersey
19750.0,5,2002,Backhoe Loaders,unknown,OROPS,Louisiana
25000.0,10,2007,Backhoe Loaders,unknown,EROPS w AC,Nevada
67500.0,10,2006,Track Type Tractors,Medium,EROPS w AC,Alabama
68500.0,7,2006,Track Type Tractors,Medium,EROPS w AC,Minnesota
23500.0,9,2007,Backhoe Loaders,unknown,EROPS w AC,Mississippi
39000.0,20,1997,Track Type Tractors,Medium,OROPS,Florida
13750.0,21,1996,Motor Graders,unknown,EROPS,Maine
6500.0,10,2009,Skid Steer Loaders,unknown,OROPS,Minnesota
29000.0,1,2007,Track Excavators,Mini,EROPS,Tennessee
49000.0,8,2011,Track Excavators,Large / Medium,EROPS w AC,Colorado
85000.0,4,2006,Track Excavators,Large / Medium,EROPS w AC,Alabama
38000.0,13,1991,Track Type Tractors,Medium,OROPS,California
31000.0,3,1999,Backhoe Loaders,unknown,EROPS,North Dakota
32000.0,9,2001,Wheel Loader,Medium,EROPS w AC,Colorado
31000.0,10,2004,Track Excavators,Large / Medium,EROPS,Texas
22000.0,11,2006,Backhoe Loaders,unknown,OROPS,Texas
81000.0,7,2005,Track Type Tractors,Medium,OROPS,Tennessee
11000.0,20,2009,Backhoe Loaders,unknown,OROPS,Washington
8000.0,2,2008,Track Excavators,Mini,EROPS,California
11000.0,30,2001,Track Type Tractors,Large,OROPS,Washington
14750.0,11,2004,Backhoe Loaders,unknown,OROPS,Pennsylvania
16500.0,13,2000,Backhoe Loaders,unknown,EROPS,New Jersey
12000.0,1,2001,Skid Steer Loaders,unknown,OROPS,South Carolina
47500.0,8,2008,Track Excavators,Large / Medium,EROPS w AC,North Carolina
35500.0,4,2005,Backhoe Loaders,unknown,OROPS,Louisiana
8500.0,28,2005,Backhoe Loaders,unknown,EROPS,New York
67000.0,1,1990,Track Type Tractors,unknown,OROPS,Florida
51000.0,4,2008,Track Excavators,Large / Medium,EROPS w AC,Texas
5500.0,5,2000,Skid Steer Loaders,unknown,OROPS,Washington
75000.0,6,2011,Track Excavators,Large / Medium,EROPS w AC,Alabama
12500.0,24,1991,Wheel Loader,Medium,EROPS,Washington
16000.0,2,2004,Skid Steer Loaders,unknown,OROPS,Florida
21500.0,25,1993,Motor Graders,unknown,OROPS,Florida
32500.0,5,2011,Backhoe Loaders,unknown,EROPS w AC,Nevada
8500.0,5,2003,Track Excavators,Mini,EROPS,Ohio
20000.0,3,2011,Skid Steer Loaders,unknown,EROPS w AC,Idaho
24000.0,6,2010,Backhoe Loaders,unknown,OROPS,Arizona
18000.0,5,2009,Backhoe Loaders,unknown,OROPS,Texas
70000.0,3,2009,Wheel Loader,Medium,EROPS w AC,Nevada
23500.0,15,1997,Motor Graders,unknown,EROPS,Missouri
18000.0,13,2002,Backhoe Loaders,unknown,EROPS,Florida
21000.0,12,2008,Track Excavators,Small,EROPS,Maryland
38000.0,5,2004,Track Type Tractors,unknown,OROPS,Alabama
12000.0,13,2008,Backhoe Loaders,unknown,EROPS,Connecticut
51000.0,4,1991,Track Type Tractors,Medium,OROPS,Florida
12000.0,19,2011,Backhoe Loaders,unknown,EROPS,South Carolina
24500.0,6,2009,Track Type Tractors,unknown,OROPS,Ohio
23000.0,11,2005,Track Type Tractors,unknown,OROPS,Minnesota
12000.0,6,1995,Track Type Tractors,unknown,OROPS,New Jersey
9500.0,3,2001,Skid Steer Loaders,unknown,OROPS,New York
34000.0,14,2007,Track Type Tractors,unknown,OROPS,Florida
16000.0,4,2006,Skid Steer Loaders,unknown,OROPS,Colorado
40000.0,8,1998,Track Type Tractors,Medium,OROPS,Arkansas
105000.0,4,2008,Track Type Tractors,Medium,EROPS,Illinois
35000.0,16,1994,Track Excavators,Large / Medium,EROPS,Kentucky
55000.0,7,2006,Wheel Loader,unknown,EROPS,Alabama
19000.0,9,1992,Track Excavators,Small,EROPS,Colorado
36000.0,6,2000,Track Excavators,Small,EROPS,Maryland
77500.0,6,2011,Track Excavators,Small,EROPS w AC,Minnesota
43000.0,3,2008,Track Type Tractors,unknown,OROPS,California
21500.0,8,2007,Track Type Tractors,unknown,OROPS,Ohio
21000.0,10,2007,Wheel Loader,unknown,EROPS,Missouri
21000.0,12,2009,Track Excavators,Large / Medium,EROPS w AC,Arizona
20000.0,24,1994,Track Type Tractors,Medium,OROPS,Minnesota
52500.0,7,2010,Wheel Loader,Medium,EROPS,Illinois
25500.0,7,2009,Track Type Tractors,unknown,EROPS w AC,New York
14000.0,5,2004,Skid Steer Loaders,unknown,OROPS,New York
22500.0,7,2008,Backhoe Loaders,unknown,OROPS,Arizona
19000.0,17,2011,Backhoe Loaders,unknown,EROPS,Missouri
12100.0,14,2011,Backhoe Loaders,unknown,OROPS,Louisiana
27500.0,11,2006,Track Excavators,Large / Medium,EROPS,Colorado
65000.0,2,1996,Wheel Loader,unknown,EROPS,Florida
66000.0,15,2010,Motor Graders,unknown,EROPS,Florida
43000.0,10,2011,Wheel Loader,unknown,EROPS w AC,Maryland
16000.0,5,2004,Wheel Loader,Compact,OROPS,Colorado
8000.0,4,2007,Skid Steer Loaders,unknown,OROPS,California
9000.0,14,2009,Track Excavators,Mini,EROPS,California
10500.0,26,2008,Track Type Tractors,unknown,EROPS w AC,Florida
55000.0,2,2005,Wheel Loader,unknown,OROPS,Texas
29000.0,8,2002,Track Excavators,Small,EROPS w AC,South Carolina
9500.0,26,2004,Motor Graders,unknown,EROPS,Illinois
21000.0,17,1991,Track Excavators,Large / Medium,EROPS,Washington
14500.0,3,2004,Skid Steer Loaders,unknown,OROPS,Connecticut
12000.0,27,1994,Wheel Loader,Medium,OROPS,Tennessee
65000.0,6,2006,Track Excavators,Large / Medium,EROPS,Washington
38500.0,5,2009,Track Excavators,Large / Medium,EROPS,New Jersey
10500.0,5,2009,Skid Steer Loaders,unknown,OROPS,Florida
23500.0,6,1995,Backhoe Loaders,unknown,EROPS,New Jersey
22500.0,7,2005,Backhoe Loaders,unknown,OROPS,Florida
10500.0,20,2007,Backhoe Loaders,unknown,OROPS,Utah
80000.0,3,2007,Track Excavators,Large / Medium,EROPS w AC,Georgia
20000.0,14,1998,Track Excavators,Large / Medium,EROPS,Texas
40000.0,6,2009,Track Excavators,Large / Medium,EROPS w AC,Florida
17500.0,4,2008,Backhoe Loaders,unknown,OROPS,Texas
115000.0,7,2008,Motor Graders,unknown,EROPS w AC,Florida
9000.0,20,1994,Backhoe Loaders,unknown,EROPS,Nevada
16000.0,7,1993,Backhoe Loaders,unknown,EROPS,Pennsylvania
75000.0,14,2001,Track Type Tractors,Large,EROPS w AC,Arizona
15500.0,12,2003,Track Excavators,Mini,EROPS,New York
30500.0,6,2004,Backhoe Loaders,unknown,EROPS w AC,Colorado
15500.0,7,2011,Skid Steer Loaders,unknown,OROPS,Indiana
8250.0,17,1995,Backhoe Loaders,unknown,OROPS,Pennsylvania
42500.0,20,2000,Track Type Tractors,Medium,OROPS,Texas
39000.0,9,2006,Track Excavators,Mini,EROPS,Florida
39000.0,4,2009,Track Excavators,Small,EROPS w AC,Florida
39000.0,16,1995,Track Type Tractors,Large,OROPS,Ohio
51000.0,8,2010,Wheel Loader,Medium,EROPS w AC,Colorado
79500.0,15,2008,Motor Graders,unknown,EROPS w AC,Florida
38000.0,8,2005,Track Excavators,Small,EROPS w AC,Georgia
23000.0,5,2002,Backhoe Loaders,unknown,OROPS,Mississippi
55000.0,6,2004,Track Type Tractors,Medium,EROPS w AC,Florida
41000.0,11,2004,Track Excavators,Large / Medium,EROPS w AC,Alabama
53000.0,7,2008,Track Excavators,Large / Medium,EROPS,Mississippi
15000.0,7,1997,Backhoe Loaders,unknown,OROPS,South Carolina
13500.0,2,1996,Skid Steer Loaders,unknown,OROPS,Texas
8500.0,5,2009,Skid Steer Loaders,unknown,OROPS,Tennessee
26000.0,17,2009,Track Type Tractors,unknown,EROPS w AC,Texas
39000.0,6,2011,Track Type Tractors,unknown,EROPS w AC,Maryland
95000.0,1,2008,Wheel Loader,Medium,OROPS,Texas
16000.0,21,2007,Track Type Tractors,unknown,OROPS,Mississippi
38000.0,14,2005,Wheel Loader,unknown,EROPS,Florida
23500.0,7,1994,Backhoe Loaders,unknown,EROPS,New Jersey
20000.0,9,1991,Track Excavators,Large / Medium,EROPS,Texas
36000.0,8,2000,Wheel Loader,unknown,EROPS,New York
31000.0,5,2011,Backhoe Loaders,unknown,OROPS,Florida
13000.0,14,2010,Backhoe Loaders,unknown,OROPS,California
23000.0,12,2007,Backhoe Loaders,unknown,EROPS w AC,Arkansas
48000.0,5,1990,Wheel Loader,Medium,OROPS,Florida
55000.0,4,2010,Track Excavators,Small,EROPS w AC,Missouri
9500.0,9,2011,Skid Steer Loaders,unknown,EROPS w AC,Washington
24500.0,18,2003,Wheel Loader,Medium,OROPS,Florida
29000.0,11,2008,Track Type Tractors,unknown,OROPS,Colorado
35000.0,23,2000,Motor Graders,unknown,EROPS,South Carolina
6500.0,5,2002,Skid Steer Loaders,unknown,OROPS,Texas
17000.0,4,2006,Skid Steer Loaders,unknown,EROPS,Florida
35000.0,12,2006,Track Type Tractors,unknown,OROPS,Florida
55000.0,10,2001,Wheel Loader,Medium,OROPS,Minnesota
34000.0,3,2009,Backhoe Loaders,unknown,OROPS,California
11500.0,7,2003,Skid Steer Loaders,unknown,OROPS,California
28000.0,4,2009,Backhoe Loaders,unknown,EROPS w AC,New Jersey
34000.0,5,2010,Track Type Tractors,unknown,OROPS,Ohio
10000.0,2,2000,Skid Steer Loaders,unknown,OROPS,Ohio
52500.0,8,2008,Motor Graders,unknown,EROPS,Florida
40000.0,24,2001,Motor Graders,unknown,EROPS,Colorado
24500.0,6,2008,Backhoe Loaders,unknown,OROPS,Connecticut
24000.0,11,2000,Track Excavators,Small,EROPS,California
46000.0,5,2011,Track Type Tractors,unknown,EROPS w AC,Connecticut
31000.0,21,1996,Track Type Tractors,Large,EROPS w AC,Pennsylvania
35500.0,12,1992,Motor Graders,unknown,EROPS,New York
15750.0,10,2008,Track Type Tractors,unknown,OROPS,Arkansas
19000.0,31,2000,Wheel Loader,unknown,EROPS,Texas
13500.0,9,2004,Backhoe Loaders,unknown,OROPS,North Carolina
8500.0,18,1995,Track Excavators,Small,EROPS,Illinois
30000.0,17,2011,Track Excavators,Large / Medium,EROPS w AC,Missouri
14000.0,17,1999,Track Type Tractors,unknown,EROPS,Louisiana
9000.0,15,2001,Backhoe Loaders,unknown,OROPS,Arizona
39000.0,6,2010,Track Excavators,Large / Medium,EROPS w AC,Washington
50000.0,2,2000,Track Excavators,Small,OROPS,Florida
29000.0,7,2011,Backhoe Loaders,unknown,OROPS,California
11500.0,26,1993,Track Type Tractors,Medium,OROPS,Louisiana
40000.0,9,2010,Wheel Loader,Medium,EROPS w AC,New York
9750.0,15,1995,Backhoe Loaders,unknown,EROPS,Maine
44000.0,5,2000,Track Excavators,Small,EROPS,Ohio
43000.0,10,2010,Track Excavators,Large / Medium,EROPS,Indiana
71000.0,2,1996,Wheel Loader,unknown,OROPS,Florida
127500.0,13,2011,Track Type Tractors,Large,EROPS w AC,Missouri
19000.0,33,2009,Track Type Tractors,Large,OROPS,Washington
9500.0,27,2003,Backhoe Loaders,unknown,OROPS,Colorado
18000.0,8,2002,Backhoe Loaders,unknown,OROPS,Florida
37000.0,7,2004,Track Excavators,Small,EROPS w AC,Florida
49000.0,4,2008,Track Type Tractors,Medium,OROPS,Mississippi
20000.0,9,2010,Backhoe Loaders,unknown,OROPS,Texas
10500.0,5,2003,Skid Steer Loaders,unknown,OROPS,Ohio
46000.0,10,1997,Motor Graders,unknown,EROPS,Florida
43000.0,10,2001,Wheel Loader,Medium,EROPS w AC,Florida
23000.0,9,2007,Backhoe Loaders,unknown,EROPS w AC,Tennessee
51000.0,3,2006,Track Type Tractors,unknown,EROPS w AC,California
57000.0,7,1989,Wheel Loader,Medium,EROPS,Florida
21000.0,8,2003,Backhoe Loaders,unknown,EROPS,New Jersey
9500.0,25,1993,Track Type Tractors,Large,OROPS,Pennsylvania
57500.0,2,2009,Track Type Tractors,Large,OROPS,Texas
16500.0,11,2003,Backhoe Loaders,unknown,EROPS,Illinois
65000.0,7,2000,Track Excavators,Large / Medium,EROPS,Connecticut
34500.0,2,2004,Backhoe Loaders,unknown,OROPS,Florida
55000.0,19,2006,Wheel Loader,Large,EROPS,Arizona
27500.0,14,1989,Track Type Tractors,Large,EROPS,Georgia
57000.0,9,2005,Track Type Tractors,Large,EROPS w AC,Colorado
17500.0,5,2009,Backhoe Loaders,unknown,OROPS,Texas
19000.0,10,2007,Backhoe Loaders,unknown,OROPS,Texas
21000.0,27,1998,Wheel Loader,unknown,EROPS,Texas
51500.0,4,2010,Wheel Loader,unknown,EROPS w AC,Alabama
62500.0,11,1996,Wheel Loader,Medium,EROPS,Texas
22500.0,13,1990,Track Type Tractors,Medium,EROPS,Utah
14000.0,26,2000,Wheel Loader,unknown,EROPS,Minnesota
56000.0,11,2007,Wheel Loader,Medium,EROPS w AC,Louisiana
29000.0,4,2009,Track Excavators,Large / Medium,EROPS w AC,Florida
11000.0,4,2008,Track Excavators,Mini,EROPS,Florida
14000.0,10,2004,Track Excavators,Mini,EROPS,Texas
31000.0,2,2009,Backhoe Loaders,unknown,OROPS,Arkansas
22500.0,8,2008,Backhoe Loaders,unknown,OROPS,Nevada
16000.0,13,2009,Track Excavators,Large / Medium,EROPS,Washington
40000.0,21,1997,Motor Graders,unknown,EROPS,Nevada
40000.0,7,1999,Track Type Tractors,Large,EROPS w AC,Mississippi
28000.0,18,1999,Track Excavators,Large / Medium,EROPS,Texas
24000.0,5,2009,Track Excavators,Small,OROPS,Washington
75000.0,5,2006,Wheel Loader,Medium,OROPS,New Hampshire
26500.0,14,2008,Wheel Loader,unknown,EROPS,New Hampshire
11000.0,3,1999,Skid Steer Loaders,unknown,OROPS,North Carolina
77000.0,1,2005,Track Excavators,Small,EROPS w AC,Alabama
37000.0,10,2010,Wheel Loader,Medium,EROPS w AC,Tennessee
23000.0,10,2000,Track Excavators,Small,EROPS,Tennessee
45000.0,15,1997,Motor Graders,unknown,EROPS,Texas
24000.0,8,1996,Backhoe Loaders,unknown,EROPS,Pennsylvania
19000.0,13,2005,Track Excavators,Small,EROPS,New Jersey
13500.0,5,2011,Track Excavators,Mini,EROPS,Texas
36000.0,7,2008,Wheel Loader,Medium,EROPS w AC,New Mexico
41500.0,8,1993,Wheel Loader,Medium,EROPS,Maine
24000.0,3,2003,Track Excavators,Mini,OROPS,North Carolina
9500.0,4,2003,Skid Steer Loaders,unknown,OROPS,Colorado
36000.0,14,2011,Wheel Loader,Medium,EROPS w AC,Florida
17000.0,5,1998,Track Excavators,Large / Medium,EROPS,Arizona
11000.0,12,1990,Backhoe Loaders,unknown,OROPS,Connecticut
23000.0,8,2007,Backhoe Loaders,unknown,OROPS,Georgia
25000.0,18,2009,Wheel Loader,Medium,EROPS,Florida
36500.0,1,1999,Backhoe Loaders,unknown,OROPS,Mississippi
19000.0,5,2008,Track Excavators,Mini,EROPS,Nebraska
30000.0,5,1994,Track Type Tractors,unknown,OROPS,Texas
17000.0,2,2009,Track Excavators,Mini,EROPS,Georgia
26000.0,9,2007,Backhoe Loaders,unknown,EROPS,Texas
63000.0,6,2011,Wheel Loader,Medium,EROPS w AC,Michigan
33000.0,8,1989,Track Type Tractors,Medium,OROPS,Florida
19000.0,5,2010,Backhoe Loaders,unknown,OROPS,Florida
46000.0,8,1990,Track Type Tractors,Medium,OROPS,Wisconsin
125000.0,3,2008,Motor Graders,unknown,EROPS w AC,Florida
65000.0,4,2002,Track Type Tractors,Medium,OROPS,Texas
28000.0,2,2001,Track Type Tractors,unknown,OROPS,Illinois
57000.0,26,2008,Motor Graders,unknown,EROPS,Tennessee
30000.0,6,2009,Track Type Tractors,unknown,OROPS,Florida
27000.0,3,2009,Backhoe Loaders,unknown,OROPS,Florida
28000.0,8,2004,Track Type Tractors,unknown,OROPS,Texas
93500.0,2,1994,Wheel Loader,Medium,EROPS,New York
37000.0,5,2007,Track Type Tractors,Medium,OROPS,Florida
47500.0,5,2004,Wheel Loader,unknown,EROPS w AC,Alabama
22500.0,19,2009,Motor Graders,unknown,EROPS w AC,Florida
16500.0,13,2007,Backhoe Loaders,unknown,EROPS,New York
20000.0,23,2001,Track Type Tractors,Medium,OROPS,Mississippi
18000.0,7,2008,Backhoe Loaders,unknown,OROPS,Minnesota
35000.0,7,2009,Track Type Tractors,Medium,EROPS w AC,South Carolina
44000.0,6,2005,Wheel Loader,Medium,EROPS w AC,Minnesota
26000.0,9,2003,Wheel Loader,Medium,EROPS,Washington
22000.0,11,1999,Backhoe Loaders,unknown,OROPS,Maine
31000.0,5,2005,Wheel Loader,Compact,OROPS,Florida
15250.0,7,1991,Backhoe Loaders,unknown,EROPS,Kentucky
16000.0,11,1996,Track Excavators,Small,EROPS,Missouri
25250.0,8,2003,Wheel Loader,unknown,EROPS,Tennessee
39000.0,7,1999,Track Type Tractors,unknown,OROPS,Florida
76000.0,7,2011,Track Excavators,Large / Medium,EROPS w AC,Tennessee
5250.0,5,2002,Skid Steer Loaders,unknown,OROPS,Florida
67500.0,11,2009,Motor Graders,unknown,EROPS w AC,Florida
69000.0,2,2002,Track Excavators,Small,EROPS w AC,Georgia
31000.0,3,1998,Backhoe Loaders,unknown,EROPS,Arizona
9250.0,2,2004,Skid Steer Loaders,unknown,OROPS,New York
30500.0,8,2007,Track Excavators,Small,EROPS w AC,Florida
48000.0,18,2001,Wheel Loader,Medium,EROPS w AC,California
16000.0,14,2003,Track Excavators,Small,EROPS,Maine
35500.0,22,2010,Track Type Tractors,Medium,EROPS w AC,Iowa
77500.0,9,2002,Wheel Loader,Medium,EROPS w AC,Idaho
8500.0,23,2003,Backhoe Loaders,unknown,OROPS,Montana
64000.0,6,2011,Wheel Loader,Medium,EROPS w AC,Colorado
80000.0,2,2006,Wheel Loader,unknown,EROPS w AC,Texas
86000.0,6,2011,Track Type Tractors,Large,EROPS w AC,Florida
23000.0,29,1999,Wheel Loader,Medium,EROPS,Florida
71000.0,2,2009,Track Excavators,Small,EROPS w AC,Texas
60000.0,13,1999,Wheel Loader,Medium,EROPS w AC,Utah
19500.0,2,2005,Backhoe Loaders,unknown,OROPS,Colorado
14500.0,4,2006,Skid Steer Loaders,unknown,EROPS w AC,Maine
21250.0,10,2010,Track Type Tractors,unknown,OROPS,Arkansas
95000.0,18,2010,Track Type Tractors,Large,EROPS w AC,Minnesota
45000.0,6,1991,Track Excavators,Large / Medium,EROPS,Alabama
51000.0,30,2008,Track Type Tractors,Large,OROPS,Texas
20000.0,9,2003,Track Excavators,Large / Medium,EROPS,Maine
32500.0,11,1997,Track Type Tractors,Medium,OROPS,Vermont
50000.0,5,2004,Track Excavators,Large / Medium,EROPS w AC,Texas
26000.0,21,2005,Wheel Loader,Medium,EROPS w AC,South Carolina
80000.0,5,2010,Motor Graders,unknown,EROPS w AC,Texas
42500.0,25,2007,Track Type Tractors,Large,OROPS,Texas
18000.0,32,2007,Wheel Loader,Medium,EROPS,Illinois
23000.0,3,2011,Track Excavators,Mini,EROPS,Florida
36000.0,3,2004,Backhoe Loaders,unknown,EROPS w AC,Illinois
55000.0,6,2009,Track Type Tractors,Large,EROPS w AC,Florida
24000.0,7,2000,Track Type Tractors,unknown,OROPS,Tennessee
21000.0,12,2002,Wheel Loader,unknown,EROPS,Arizona
80000.0,2,2003,Track Excavators,Small,EROPS w AC,Ohio
11500.0,24,2001,Track Type Tractors,unknown,OROPS,Missouri
15500.0,7,2009,Backhoe Loaders,unknown,OROPS,Florida
90000.0,4,2008,Wheel Loader,Medium,EROPS w AC,Colorado
34000.0,4,2006,Backhoe Loaders,unknown,EROPS w AC,California
14000.0,19,1990,Wheel Loader,Medium,EROPS,Maryland
24000.0,1,2007,Track Excavators,Mini,EROPS,Florida
35000.0,6,2009,Track Type Tractors,Medium,EROPS,Illinois
11500.0,33,2009,Motor Graders,unknown,EROPS,Washington
19000.0,5,1998,Backhoe Loaders,unknown,EROPS w AC,New Mexico
16750.0,13,2009,Skid Steer Loaders,unknown,OROPS,Florida
37500.0,5,2010,Track Type Tractors,unknown,OROPS,North Carolina
30000.0,20,2002,Wheel Loader,Medium,EROPS w AC,California
57000.0,11,1993,Wheel Loader,Medium,EROPS,Nevada
18000.0,2,2001,Skid Steer Loaders,unknown,OROPS,Utah
10500.0,17,1991,Backhoe Loaders,unknown,OROPS,Kentucky
26500.0,6,2008,Backhoe Loaders,unknown,EROPS w AC,Texas
44000.0,8,2010,Wheel Loader,unknown,EROPS,Colorado
48000.0,5,2001,Track Excavators,Small,EROPS w AC,Florida
14000.0,36,2010,Track Type Tractors,Medium,EROPS,Tennessee
26000.0,28,2001,Track Type Tractors,Medium,OROPS,Ohio
14300.0,10,2008,Backhoe Loaders,unknown,OROPS,Texas
8500.0,7,2010,Skid Steer Loaders,unknown,EROPS,Maryland
14500.0,13,2002,Track Excavators,Large / Medium,EROPS,Utah
15000.0,6,2009,Backhoe Loaders,unknown,OROPS,California
28000.0,5,2011,Backhoe Loaders,unknown,OROPS,Florida
17000.0,13,2011,Motor Graders,unknown,OROPS,Tennessee
19000.0,14,2004,Wheel Loader,Medium,OROPS,Texas
25500.0,5,2002,Backhoe Loaders,unknown,OROPS,Ohio
27000.0,27,2001,Motor Graders,unknown,EROPS,Washington
45500.0,22,1997,Track Type Tractors,Large,EROPS w AC,Mississippi
30000.0,6,1996,Wheel Loader,unknown,OROPS,Florida
8250.0,6,2011,Track Excavators,Mini,EROPS,Florida
8000.0,27,1998,Backhoe Loaders,unknown,OROPS,Florida
47000.0,9,1995,Track Type Tractors,Medium,EROPS,Maine
48000.0,22,1999,Motor Graders,unknown,EROPS,Texas
24000.0,6,2011,Track Type Tractors,unknown,OROPS,Texas
15000.0,22,2008,Wheel Loader,Compact,EROPS,Ohio
27000.0,11,2010,Track Excavators,Small,EROPS w AC,Texas
44000.0,4,2009,Track Type Tractors,unknown,EROPS w AC,Arkansas
80000.0,2,2002,Track Excavators,Large / Medium,EROPS w AC,Florida
22500.0,7,2005,Backhoe Loaders,unknown,OROPS,Florida
11500.0,23,2006,Track Type Tractors,unknown,OROPS,Mississippi
24000.0,6,2000,Backhoe Loaders,unknown,OROPS,Arizona
29000.0,10,1989,Track Type Tractors,Medium,OROPS,Kentucky
44000.0,14,2000,Track Type Tractors,Medium,OROPS,Texas
19500.0,5,2003,Backhoe Loaders,unknown,OROPS,Texas
22000.0,11,1993,Track Type Tractors,Medium,EROPS,Florida
33000.0,4,2008,Backhoe Loaders,unknown,OROPS,Arizona
10250.0,6,2008,Track Excavators,Mini,EROPS,Florida
24000.0,4,1999,Backhoe Loaders,unknown,OROPS,Georgia
13000.0,3,2011,Track Excavators,Mini,EROPS,Texas
15000.0,7,2008,Track Excavators,Mini,EROPS,Washington
50000.0,3,2008,Wheel Loader,unknown,OROPS,Florida
20500.0,20,2004,Track Type Tractors,Medium,OROPS,North Carolina
20500.0,7,2001,Track Excavators,Small,EROPS,Pennsylvania
27500.0,7,1997,Track Type Tractors,unknown,OROPS,Washington
55000.0,2,2009,Track Excavators,Large / Medium,EROPS w AC,Florida
15000.0,4,2010,Skid Steer Loaders,unknown,OROPS,Ohio
36000.0,9,2007,Track Excavators,Large / Medium,EROPS w AC,Florida
59000.0,7,2010,Wheel Loader,Medium,EROPS w AC,Colorado
9000.0,3,2001,Skid Steer Loaders,unknown,OROPS,Arizona
22500.0,8,2008,Backhoe Loaders,unknown,OROPS,California
15000.0,13,1997,Wheel Loader,unknown,EROPS,Minnesota
18000.0,11,2008,Backhoe Loaders,unknown,OROPS,Florida
21200.0,12,1995,Track Type Tractors,unknown,OROPS,Tennessee
120000.0,5,2010,Motor Graders,unknown,EROPS w AC,Florida
17000.0,14,1998,Track Type Tractors,unknown,OROPS,Florida
12000.0,27,1995,Wheel Loader,Large,EROPS,Connecticut
12000.0,12,2009,Wheel Loader,Medium,OROPS,Arizona
14750.0,9,1995,Backhoe Loaders,unknown,EROPS,Connecticut
8000.0,3,2009,Track Excavators,Mini,EROPS,California
10500.0,21,2007,Backhoe Loaders,unknown,OROPS,Washington
18000.0,9,2009,Track Excavators,Small,EROPS,Texas
50000.0,12,2007,Motor Graders,unknown,EROPS,California
23500.0,7,2005,Backhoe Loaders,unknown,OROPS,Texas
12500.0,21,1995,Wheel Loader,unknown,EROPS,Maine
26000.0,4,2008,Backhoe Loaders,unknown,OROPS,Arizona
17000.0,3,2001,Skid Steer Loaders,unknown,OROPS,Tennessee
39000.0,7,2010,Track Excavators,Large / Medium,EROPS w AC,Louisiana
11500.0,5,2011,Skid Steer Loaders,unknown,OROPS,Florida
26000.0,32,2011,Track Type Tractors,Medium,OROPS,Texas
50000.0,6,1996,Track Excavators,Small,EROPS,Louisiana
10500.0,35,2007,Track Type Tractors,unknown,OROPS,New York
51000.0,6,2001,Track Excavators,Large / Medium,EROPS w AC,Florida
10000.0,9,1997,Skid Steer Loaders,unknown,OROPS,Pennsylvania
22000.0,25,1999,Wheel Loader,unknown,EROPS,Mississippi
26500.0,32,2009,Track Type Tractors,Medium,OROPS,Arizona
27500.0,3,2004,Backhoe Loaders,unknown,EROPS w AC,South Carolina
33000.0,9,1999,Track Type Tractors,Medium,OROPS,Arkansas
15500.0,7,1998,Track Excavators,Mini,EROPS,Ohio
39000.0,1,2005,Backhoe Loaders,unknown,EROPS,New Jersey
10500.0,2,2006,Skid Steer Loaders,unknown,OROPS,Nevada
41000.0,7,2004,Track Type Tractors,unknown,OROPS,Tennessee
24500.0,9,2005,Track Excavators,Mini,EROPS,Florida
77500.0,5,2006,Track Excavators,Large / Medium,EROPS w AC,Florida
48000.0,20,2005,Motor Graders,unknown,EROPS w AC,Alabama
20000.0,14,1994,Track Type Tractors,unknown,OROPS,New Jersey
8500.0,5,2009,Skid Steer Loaders,unknown,OROPS,Illinois
61000.0,4,2010,Track Excavators,Small,EROPS w AC,Georgia
14750.0,6,1993,Backhoe Loaders,unknown,EROPS,Maine
36000.0,10,2003,Wheel Loader,Medium,EROPS,California
137500.0,5,2006,Motor Graders,unknown,EROPS w AC,Alabama
55000.0,6,2008,Motor Graders,unknown,EROPS w AC,Minnesota
52000.0,4,2007,Track Type Tractors,unknown,OROPS,New York
18000.0,19,1996,Track Type Tractors,Large,EROPS,Pennsylvania
43000.0,7,2011,Track Excavators,Large / Medium,EROPS w AC,New Mexico
60000.0,10,2008,Track Type Tractors,Medium,EROPS w AC,Florida
44000.0,7,2000,Track Type Tractors,Medium,OROPS,Indiana
11250.0,20,2009,Backhoe Loaders,unknown,EROPS,Connecticut
15000.0,17,2008,Backhoe Loaders,unknown,OROPS,California
18500.0,26,1994,Wheel Loader,Medium,EROPS,Florida
35000.0,11,2004,Wheel Loader,unknown,EROPS,Florida
26500.0,8,2007,Wheel Loader,unknown,EROPS w AC,Florida
20000.0,32,2009,Track Type Tractors,Large,OROPS,Minnesota
21000.0,12,2010,Track Excavators,Large / Medium,EROPS,Ohio
9100.0,10,1989,Backhoe Loaders,unknown,OROPS,Maryland
21500.0,9,2009,Track Type Tractors,Medium,EROPS w AC,Georgia
51000.0,1,2007,Track Type Tractors,unknown,OROPS,Maryland
86000.0,3,2009,Track Excavators,Large / Medium,EROPS w AC,Illinois
26000.0,4,2007,Track Type Tractors,unknown,OROPS,Louisiana
62500.0,14,2002,Track Type Tractors,Large,OROPS,Alabama
54000.0,7,2011,Track Excavators,Large / Medium,EROPS w AC,Florida
30500.0,5,2008,Backhoe Loaders,unknown,OROPS,Virginia
10000.0,4,2007,Skid Steer Loaders,unknown,OROPS,New York
33000.0,18,1997,Track Excavators,Large / Medium,EROPS,Kentucky
26000.0,4,2003,Backhoe Loaders,unknown,EROPS,Tennessee
15000.0,10,1999,Backhoe Loaders,unknown,OROPS,Louisiana
52500.0,8,1997,Track Excavators,Large / Medium,EROPS,Illinois
14500.0,2,2000,Skid Steer Loaders,unknown,OROPS,Texas
30000.0,13,2010,Track Excavators,Large / Medium,EROPS w AC,Minnesota
60000.0,2,1998,Track Excavators,Large / Medium,EROPS,Texas
26000.0,6,2008,Track Excavators,Mini,EROPS,Ohio
11500.0,3,2003,Skid Steer Loaders,unknown,OROPS,New York
79000.0,5,2004,Track Excavators,Large / Medium,EROPS w AC,Wisconsin
50000.0,18,2009,Track Excavators,Small,EROPS,Texas
15000.0,27,1995,Motor Graders,unknown,EROPS,Minnesota
16000.0,8,1992,Track Type Tractors,Medium,EROPS,Minnesota
59000.0,7,2007,Wheel Loader,Medium,EROPS w AC,California
32500.0,3,2000,Backhoe Loaders,unknown,OROPS,Alabama
16000.0,20,1991,Track Type Tractors,Large,OROPS,Tennessee
65000.0,9,2010,Track Excavators,Large / Medium,EROPS,Nevada
24500.0,7,2006,Backhoe Loaders,unknown,EROPS w AC,New Jersey
20000.0,29,2010,Track Type Tractors,Medium,OROPS,Washington
38000.0,4,2009,Track Excavators,Small,EROPS,Washington
35500.0,16,1993,Track Type Tractors,Large,OROPS,Florida
25000.0,5,2009,Backhoe Loaders,unknown,OROPS,Washington
16750.0,12,2000,Track Type Tractors,unknown,OROPS,South Carolina
39000.0,14,2007,Wheel Loader,Medium,EROPS,California
33500.0,5,1997,Track Excavators,Small,EROPS,Maine
14250.0,2,2001,Track Excavators,Mini,EROPS,South Carolina
32000.0,7,2011,Backhoe Loaders,unknown,EROPS,Colorado
45500.0,3,2009,Track Excavators,Large / Medium,EROPS w AC,Louisiana
10250.0,29,1998,Wheel Loader,Large,OROPS,Illinois
96000.0,1,1999,Track Type Tractors,Medium,EROPS w AC,North Carolina
47500.0,4,1996,Wheel Loader,unknown,EROPS,Mississippi
16000.0,11,2005,Backhoe Loaders,unknown,EROPS,South Carolina
10500.0,3,2008,Skid Steer Loaders,unknown,OROPS,California
60000.0,15,2009,Motor Graders,unknown,EROPS w AC,Texas
50000.0,7,2003,Track Excavators,Small,EROPS,New Jersey
65000.0,33,2007,Motor Graders,unknown,EROPS,Ohio
90000.0,2,2000,Wheel Loader,Medium,EROPS w AC,Alabama
27000.0,4,2008,Backhoe Loaders,unknown,OROPS,Georgia
25000.0,23,1999,Wheel Loader,unknown,OROPS,Indiana
14500.0,1,2004,Skid Steer Loaders,unknown,OROPS,Texas
73500.0,2,2007,Track Type Tractors,unknown,EROPS w AC,Alabama
26000.0,6,2009,Backhoe Loaders,unknown,EROPS w AC,Colorado
36000.0,5,2010,Track Type Tractors,Large,OROPS,Texas
66000.0,3,2009,Track Excavators,Large / Medium,EROPS w AC,Utah
61000.0,4,1995,Wheel Loader,Medium,EROPS,Florida
11000.0,2,1998,Skid Steer Loaders,unknown,OROPS,Ohio
26000.0,17,1998,Motor Graders,unknown,EROPS,California
5500.0,12,2009,Skid Steer Loaders,unknown,OROPS,Mississippi
32000.0,3,1999,Track Type Tractors,unknown,OROPS,North Carolina
60000.0,10,2008,Track Excavators,Large / Medium,EROPS,Arizona
31000.0,7,2009,Backhoe Loaders,unknown,EROPS w AC,Missouri
32500.0,9,1998,Wheel Loader,Medium,EROPS,Florida
19500.0,22,1989,Wheel Loader,Medium,EROPS w AC,Kentucky
22000.0,5,2009,Backhoe Loaders,unknown,EROPS,Tennessee
75000.0,16,2007,Wheel Loader,Medium,OROPS,Colorado
8750.0,17,1998,Skid Steer Loaders,unknown,OROPS,New Jersey
33000.0,4,2004,Backhoe Loaders,unknown,EROPS w AC,Missouri
18500.0,13,2006,Track Excavators,Small,EROPS,Mississippi
22500.0,2,2005,Backhoe Loaders,unknown,EROPS,Florida
18000.0,21,1998,Track Type Tractors,Large,OROPS,Louisiana
20000.0,10,2011,Backhoe Loaders,unknown,OROPS,Arizona
38000.0,5,1993,Backhoe Loaders,unknown,OROPS,Arizona
125000.0,2,2005,Track Type Tractors,Medium,EROPS w AC,New Jersey
77000.0,4,1996,Track Excavators,Large / Medium,EROPS w AC,Tennessee
33000.0,24,2009,Wheel Loader,Medium,EROPS,Alabama
24500.0,9,2009,Backhoe Loaders,unknown,EROPS,California
28500.0,4,1999,Backhoe Loaders,unknown,OROPS,Florida
31000.0,5,1990,Track Excavators,Small,EROPS,Virginia
87500.0,7,1997,Track Excavators,Large / Medium,EROPS w AC,Arkansas
29000.0,20,2008,Track Type Tractors,Large,EROPS w AC,Alaska
33000.0,3,1997,Backhoe Loaders,unknown,OROPS,Texas
29500.0,23,2001,Track Type Tractors,Large,OROPS,South Carolina
42500.0,5,2004,Track Type Tractors,unknown,OROPS,Maine
16000.0,19,1989,Motor Graders,unknown,OROPS,Florida
40000.0,21,2001,Motor Graders,unknown,EROPS,Texas
28000.0,19,1990,Wheel Loader,Medium,EROPS,Colorado
50000.0,6,2002,Wheel Loader,Medium,OROPS,New York
9500.0,6,2006,Track Excavators,Mini,EROPS,Maryland
14250.0,24,2001,Track Type Tractors,unknown,OROPS,Maine
10000.0,23,2002,Track Excavators,Small,EROPS,Texas
62000.0,6,1999,Wheel Loader,unknown,EROPS,Florida
8000.0,16,1996,Backhoe Loaders,unknown,OROPS,Nevada
27500.0,29,2005,Motor Graders,unknown,EROPS,North Carolina
11000.0,10,1993,Backhoe Loaders,unknown,EROPS,Maryland
39000.0,4,2010,Backhoe Loaders,unknown,OROPS,Texas
42500.0,8,2007,Track Excavators,Large / Medium,EROPS,Ohio
70000.0,5,2009,Track Excavators,Large / Medium,EROPS w AC,Colorado
19500.0,8,2010,Track Excavators,Small,EROPS w AC,Arkansas
62000.0,4,1992,Track Type Tractors,Medium,OROPS,Texas
9000.0,13,2000,Skid Steer Loaders,unknown,OROPS,New York
49000.0,31,2007,Track Type Tractors,Large,OROPS,Washington
27000.0,7,1996,Backhoe Loaders,unknown,EROPS,Ohio
77500.0,2,1996,Track Excavators,Large / Medium,EROPS,Texas
27750.0,6,2008,Backhoe Loaders,unknown,EROPS w AC,Oklahoma
45000.0,7,2011,Track Excavators,Large / Medium,EROPS w AC,North Carolina
27000.0,5,2009,Backhoe Loaders,unknown,OROPS,California
14000.0,6,2009,Track Excavators,Mini,EROPS,Florida
14000.0,12,1990,Track Type Tractors,Medium,OROPS,New Hampshire
8500.0,6,2006,Skid Steer Loaders,unknown,OROPS,California
23500.0,15,2010,Track Type Tractors,unknown,EROPS w AC,Louisiana
92500.0,1,2002,Track Excavators,Large / Medium,EROPS w AC,Florida
9500.0,14,1990,Wheel Loader,Compact,EROPS,Texas
47500.0,6,2010,Wheel Loader,unknown,EROPS w AC,Texas
45000.0,4,2005,Track Type Tractors,unknown,OROPS,Florida
34000.0,12,2009,Wheel Loader,unknown,EROPS w AC,Texas
55000.0,7,2002,Track Excavators,Large / Medium,EROPS w AC,Unspecified
26000.0,7,2008,Backhoe Loaders,unknown,OROPS,Nevada
29000.0,7,2002,Track Type Tractors,unknown,OROPS,North Carolina
47000.0,5,2011,Track Excavators,Mini,EROPS,Mississippi
59000.0,4,2007,Wheel Loader,Medium,EROPS w AC,Alabama
47000.0,11,2008,Wheel Loader,Medium,EROPS w AC,Nevada
16000.0,3,2006,Skid Steer Loaders,unknown,OROPS,California
26000.0,18,2008,Wheel Loader,Large,EROPS w AC,California
50000.0,9,1998,Track Excavators,Large / Medium,EROPS,Florida
9000.0,6,2007,Skid Steer Loaders,unknown,OROPS,Georgia
22000.0,10,2006,Backhoe Loaders,unknown,OROPS,Florida
47000.0,5,1998,Track Excavators,Small,EROPS w AC,Florida
56000.0,4,2009,Track Excavators,Small,EROPS w AC,Colorado
24000.0,40,2008,Track Type Tractors,Medium,OROPS,Florida
8500.0,8,2008,Track Excavators,Mini,EROPS,Florida
21000.0,7,2009,Track Type Tractors,unknown,OROPS,California
10500.0,9,2008,Skid Steer Loaders,unknown,OROPS,Tennessee
49000.0,4,2008,Wheel Loader,Medium,EROPS w AC,Maryland
36000.0,21,2001,Track Type Tractors,Large,OROPS,Ohio
14600.0,11,1997,Wheel Loader,Compact,EROPS,Missouri
52000.0,4,2000,Wheel Loader,Medium,EROPS w AC,Minnesota
25500.0,3,1993,Backhoe Loaders,unknown,EROPS,Pennsylvania
15000.0,24,1993,Motor Graders,unknown,EROPS,Washington
35500.0,3,2000,Backhoe Loaders,unknown,EROPS,Ohio
43500.0,3,2009,Motor Graders,unknown,EROPS,North Carolina
31000.0,34,2009,Motor Graders,unknown,EROPS,California
45000.0,15,1998,Motor Graders,unknown,OROPS,Florida
87500.0,17,2011,Track Excavators,Large / Medium,EROPS w AC,Ohio
34000.0,4,2010,Backhoe Loaders,unknown,EROPS,North Carolina
42000.0,4,2009,Track Excavators,Small,EROPS w AC,North Carolina
32000.0,6,2003,Track Excavators,Small,EROPS,Washington
43000.0,2,2002,Track Type Tractors,unknown,EROPS,Unspecified
37000.0,4,2001,Track Type Tractors,unknown,OROPS,Florida
43500.0,2,2005,Track Type Tractors,unknown,OROPS,Alabama
26000.0,34,2008,Wheel Loader,Medium,EROPS,Florida
29500.0,15,2009,Track Excavators,Large / Medium,EROPS,Connecticut
30000.0,13,2007,Backhoe Loaders,unknown,EROPS,Florida
24000.0,7,2006,Backhoe Loaders,unknown,EROPS,Maryland
44000.0,26,2004,Track Type Tractors,Large,OROPS,Tennessee
14000.0,18,2007,Backhoe Loaders,unknown,EROPS,Maryland
7500.0,3,2002,Skid Steer Loaders,unknown,OROPS,Florida
12000.0,5,2008,Track Excavators,Mini,EROPS,Connecticut
17000.0,18,1991,Wheel Loader,Medium,OROPS,Tennessee
17500.0,10,2011,Backhoe Loaders,unknown,EROPS,California
19500.0,7,2004,Backhoe Loaders,unknown,EROPS,Ohio
17000.0,23,2006,Wheel Loader,unknown,OROPS,New Jersey
9500.0,6,1996,Skid Steer Loaders,unknown,OROPS,California
9700.0,29,2006,Wheel Loader,unknown,OROPS,Florida
8250.0,5,1998,Skid Steer Loaders,unknown,OROPS,Florida
8250.0,21,2005,Backhoe Loaders,unknown,EROPS,Ohio
51000.0,25,2011,Wheel Loader,Medium,EROPS w AC,Colorado
23500.0,8,1994,Wheel Loader,Medium,EROPS w AC,Pennsylvania
39000.0,14,2007,Wheel Loader,Medium,EROPS,California
21500.0,4,2000,Backhoe Loaders,unknown,OROPS,Tennessee
24500.0,24,2001,Wheel Loader,Large,EROPS w AC,New Jersey
42000.0,5,2009,Track Type Tractors,unknown,EROPS w AC,North Carolina
54000.0,24,2011,Wheel Loader,Medium,EROPS w AC,Missouri
26000.0,10,2009,Track Excavators,Large / Medium,EROPS,New Jersey
30000.0,7,2004,Track Excavators,Small,EROPS,Florida
55000.0,3,2007,Track Excavators,Small,EROPS,California
52500.0,4,2010,Track Excavators,Large / Medium,EROPS w AC,California
59000.0,5,2010,Track Excavators,Large / Medium,EROPS,Washington
17500.0,5,2009,Backhoe Loaders,unknown,OROPS,Virginia
49500.0,12,2008,Track Excavators,Large / Medium,EROPS w AC,Ohio
45000.0,17,2006,Track Type Tractors,Medium,OROPS,Minnesota
19500.0,6,2010,Backhoe Loaders,unknown,OROPS,Texas
29000.0,5,2010,Backhoe Loaders,unknown,EROPS,Wisconsin
20500.0,10,2010,Backhoe Loaders,unknown,OROPS,Alabama
19500.0,11,1997,Backhoe Loaders,unknown,EROPS,Illinois
31000.0,9,2010,Backhoe Loaders,unknown,EROPS,Florida
17500.0,2,2006,Skid Steer Loaders,unknown,OROPS,Florida
9000.0,5,2010,Skid Steer Loaders,unknown,EROPS,Michigan
14500.0,13,2003,Track Excavators,Mini,EROPS,Florida
16750.0,7,2009,Backhoe Loaders,unknown,OROPS,Arkansas
14000.0,13,2009,Track Excavators,Small,EROPS,Texas
79000.0,9,2005,Track Excavators,Large / Medium,EROPS w AC,California
28000.0,5,2001,Backhoe Loaders,unknown,OROPS,Georgia
54000.0,20,2001,Motor Graders,unknown,EROPS w AC,Minnesota
32500.0,29,2009,Wheel Loader,Medium,EROPS w AC,California
9500.0,6,2007,Skid Steer Loaders,unknown,OROPS,Tennessee
40000.0,6,1995,Track Type Tractors,unknown,OROPS,Wisconsin
24000.0,25,2009,Wheel Loader,Medium,EROPS,Maryland
41000.0,15,2003,Track Type Tractors,unknown,OROPS,North Carolina
68000.0,5,2007,Track Type Tractors,Medium,OROPS,Louisiana
52500.0,10,2004,Track Type Tractors,Medium,EROPS w AC,Texas
20000.0,15,2009,Wheel Loader,Medium,EROPS,New York
12000.0,22,2010,Wheel Loader,Medium,EROPS,Colorado
65000.0,4,2011,Track Excavators,Small,EROPS w AC,Illinois
32000.0,17,2011,Track Excavators,Large / Medium,EROPS w AC,Utah
7750.0,5,2002,Skid Steer Loaders,unknown,OROPS,Connecticut
82000.0,14,2007,Wheel Loader,Large,EROPS w AC,Florida
11500.0,6,2010,Skid Steer Loaders,unknown,EROPS w AC,California
25000.0,16,1996,Motor Graders,unknown,EROPS,Colorado
15000.0,5,1989,Backhoe Loaders,unknown,OROPS,Kentucky
29000.0,15,2001,Wheel Loader,Medium,EROPS w AC,Minnesota
85000.0,7,2005,Wheel Loader,Medium,EROPS w AC,New Mexico
46000.0,5,2006,Track Excavators,Small,EROPS w AC,New Jersey
50000.0,28,2010,Track Type Tractors,Large,EROPS w AC,Colorado
37000.0,2,2009,Backhoe Loaders,unknown,OROPS,Arizona
12500.0,20,2000,Track Excavators,Small,EROPS,Minnesota
34500.0,11,1989,Track Type Tractors,Large,EROPS,Kentucky
19500.0,12,2010,Wheel Loader,unknown,EROPS,Florida
49000.0,14,2011,Track Excavators,Large / Medium,EROPS w AC,Missouri
52500.0,5,2006,Track Excavators,Large / Medium,EROPS w AC,New York
31000.0,5,2006,Backhoe Loaders,unknown,OROPS,Texas
105000.0,3,2004,Motor Graders,unknown,EROPS w AC,Georgia
27000.0,12,2009,Wheel Loader,unknown,OROPS,California
21500.0,13,2010,Backhoe Loaders,unknown,OROPS,Pennsylvania
45000.0,13,1999,Motor Graders,unknown,EROPS,California
40000.0,8,2011,Track Type Tractors,Medium,EROPS w AC,Texas
30000.0,14,1994,Wheel Loader,unknown,EROPS,Florida
47500.0,6,2010,Track Excavators,Large / Medium,EROPS,Virginia
33000.0,12,2001,Track Type Tractors,Medium,OROPS,Pennsylvania
32000.0,3,2008,Backhoe Loaders,unknown,OROPS,California
16500.0,9,2009,Backhoe Loaders,unknown,OROPS,Nevada
28000.0,3,2010,Track Excavators,Mini,EROPS,Texas
41000.0,24,2002,Motor Graders,unknown,EROPS,California
30000.0,2,1995,Track Type Tractors,unknown,OROPS,Washington
14000.0,5,2004,Skid Steer Loaders,unknown,OROPS,Texas
24000.0,14,1990,Motor Graders,unknown,EROPS,Texas
17500.0,16,1989,Track Type Tractors,Large,OROPS,Kentucky
8500.0,3,2007,Backhoe Loaders,unknown,OROPS,New Jersey
56500.0,4,2007,Wheel Loader,unknown,OROPS,Florida
13500.0,33,2010,Wheel Loader,Large,EROPS w AC,California
23000.0,21,1995,Wheel Loader,Medium,OROPS,Arizona
37500.0,4,2005,Wheel Loader,unknown,OROPS,Florida
27000.0,5,2008,Backhoe Loaders,unknown,OROPS,California
17500.0,26,1997,Wheel Loader,Medium,EROPS,Mississippi
31000.0,5,2010,Backhoe Loaders,unknown,OROPS,Washington
37000.0,10,1999,Motor Graders,unknown,EROPS,California
39000.0,5,1992,Wheel Loader,unknown,EROPS,North Carolina
7500.0,3,1998,Skid Steer Loaders,unknown,OROPS,Arizona
90000.0,5,2011,Track Excavators,Small,EROPS w AC,Florida
14500.0,9,2001,Track Excavators,Small,EROPS,Utah
61000.0,6,2010,Wheel Loader,Medium,EROPS,Idaho
31000.0,28,2003,Track Type Tractors,unknown,OROPS,Mississippi
105000.0,4,1998,Track Type Tractors,Medium,EROPS,Wisconsin
29000.0,8,2009,Track Type Tractors,Medium,OROPS,Florida
26000.0,5,2011,Backhoe Loaders,unknown,OROPS,Florida
19000.0,6,2002,Backhoe Loaders,unknown,EROPS,Colorado
22000.0,5,1992,Track Excavators,Small,EROPS,Washington
31000.0,8,2007,Track Excavators,Mini,EROPS,Missouri
20000.0,6,1995,Backhoe Loaders,unknown,OROPS,Delaware
35000.0,4,2008,Track Type Tractors,unknown,OROPS,New Jersey
9500.0,20,2002,Backhoe Loaders,unknown,OROPS,Florida
39000.0,5,1993,Wheel Loader,unknown,EROPS,Florida
23500.0,9,1998,Backhoe Loaders,unknown,OROPS,New Jersey
57500.0,1,2005,Track Type Tractors,unknown,EROPS w AC,North Carolina
8000.0,16,2002,Backhoe Loaders,unknown,OROPS,California
44500.0,1,2001,Wheel Loader,Compact,EROPS,Pennsylvania
12000.0,14,2002,Backhoe Loaders,unknown,OROPS,New York
36000.0,6,2008,Track Type Tractors,unknown,EROPS w AC,Florida
48500.0,10,1999,Track Excavators,Large / Medium,EROPS,Connecticut
24000.0,20,2009,Wheel Loader,unknown,EROPS,Florida
38000.0,37,2011,Motor Graders,unknown,EROPS w AC,Texas
13500.0,18,2009,Track Type Tractors,unknown,OROPS,Mississippi
43000.0,21,1999,Track Type Tractors,Large,OROPS,Texas
71000.0,4,2009,Wheel Loader,Medium,EROPS w AC,Georgia
10750.0,16,1992,Track Type Tractors,Large,EROPS,New York
72000.0,3,2009,Wheel Loader,Medium,EROPS w AC,Texas
18000.0,6,2000,Backhoe Loaders,unknown,OROPS,Alabama
20000.0,8,2009,Track Excavators,Large / Medium,EROPS,Ohio
19000.0,11,2011,Backhoe Loaders,unknown,OROPS,Texas
22500.0,1,2008,Backhoe Loaders,unknown,OROPS,Georgia
9000.0,15,2006,Wheel Loader,unknown,EROPS,Florida
50000.0,8,2008,Wheel Loader,Medium,OROPS,Florida
14000.0,3,1999,Wheel Loader,Large,OROPS,Florida
22500.0,4,2000,Backhoe Loaders,unknown,OROPS,Arizona
20000.0,15,2011,Wheel Loader,Medium,EROPS w AC,Texas
11500.0,14,2001,Track Excavators,Large / Medium,EROPS,Maryland
6300.0,20,2004,Skid Steer Loaders,unknown,OROPS,South Carolina
60000.0,2,2007,Track Excavators,Mini,EROPS w AC,Louisiana
24000.0,7,2011,Backhoe Loaders,unknown,OROPS,Arizona
31000.0,6,2011,Track Type Tractors,Medium,EROPS w AC,North Carolina
16000.0,13,2009,Backhoe Loaders,unknown,EROPS w AC,California
25000.0,8,2007,Track Type Tractors,unknown,OROPS,Ohio
30000.0,8,1996,Track Excavators,Small,EROPS,New Hampshire
27500.0,23,2001,Track Type Tractors,Medium,OROPS,Alabama
8500.0,11,1991,Track Type Tractors,unknown,OROPS,Florida
77500.0,2,2008,Track Excavators,Small,EROPS w AC,Florida
37000.0,4,2009,Track Type Tractors,unknown,OROPS,Florida
43500.0,8,2001,Wheel Loader,Medium,EROPS,New Hampshire
37500.0,4,2002,Track Type Tractors,Medium,OROPS,Georgia
90000.0,3,2008,Track Excavators,Large / Medium,EROPS w AC,Mississippi
26000.0,9,2010,Backhoe Loaders,unknown,OROPS,New Mexico
50000.0,15,1998,Motor Graders,unknown,EROPS,Texas
22000.0,11,2011,Track Type Tractors,unknown,OROPS,Alabama
21000.0,16,2005,Track Excavators,Large / Medium,EROPS,Georgia
8000.0,35,2009,Wheel Loader,unknown,OROPS,New York
36000.0,19,2000,Track Type Tractors,Large,EROPS w AC,California
12000.0,20,2010,Track Type Tractors,unknown,OROPS,Texas
12000.0,3,2007,Skid Steer Loaders,unknown,EROPS,New York
10500.0,5,2002,Track Type Tractors,unknown,OROPS,Washington
29000.0,8,2005,Wheel Loader,Medium,OROPS,Florida
28000.0,8,2010,Track Type Tractors,unknown,OROPS,Tennessee
57500.0,8,2008,Track Excavators,Large / Medium,EROPS w AC,Colorado
23500.0,15,2004,Track Type Tractors,unknown,OROPS,Mississippi
42000.0,7,2003,Track Type Tractors,Medium,EROPS w AC,Florida
25000.0,6,2011,Backhoe Loaders,unknown,OROPS,Texas
22000.0,6,2004,Track Type Tractors,unknown,OROPS,Missouri
9500.0,5,1997,Skid Steer Loaders,unknown,OROPS,Georgia
29000.0,8,2006,Track Type Tractors,unknown,OROPS,Alabama
25000.0,24,1993,Wheel Loader,Medium,OROPS,California
20500.0,13,1991,Track Type Tractors,Large,EROPS,Maine
39500.0,4,2008,Track Type Tractors,unknown,OROPS,Florida
18000.0,4,2005,Skid Steer Loaders,unknown,OROPS,Florida
25000.0,11,2010,Track Excavators,Large / Medium,EROPS w AC,Maryland
38000.0,6,2007,Track Type Tractors,unknown,OROPS,Georgia
10000.0,6,2007,Skid Steer Loaders,unknown,OROPS,Florida
18000.0,5,2009,Backhoe Loaders,unknown,OROPS,Georgia
24500.0,13,2002,Track Type Tractors,unknown,OROPS,Indiana
23000.0,4,2009,Backhoe Loaders,unknown,OROPS,Texas
13000.0,5,2010,Skid Steer Loaders,unknown,EROPS w AC,Georgia
65000.0,6,2009,Wheel Loader,Medium,EROPS,Washington
21000.0,4,2009,Track Excavators,Mini,EROPS w AC,Maryland
34000.0,6,2008,Track Type Tractors,unknown,EROPS w AC,Missouri
14000.0,6,2011,Skid Steer Loaders,unknown,EROPS w AC,Texas
50000.0,2,1993,Track Type Tractors,unknown,OROPS,Pennsylvania
32000.0,4,2011,Track Type Tractors,unknown,EROPS w AC,North Carolina
28000.0,9,1989,Track Excavators,Large / Medium,EROPS,Maryland
24500.0,14,2002,Wheel Loader,unknown,OROPS,Vermont
87500.0,2,2007,Track Excavators,Small,EROPS w AC,Maryland
19500.0,9,2006,Backhoe Loaders,unknown,EROPS w AC,Tennessee
41000.0,8,2007,Wheel Loader,Medium,EROPS,Pennsylvania
18000.0,12,2005,Backhoe Loaders,unknown,EROPS,Texas
8700.0,6,2010,Skid Steer Loaders,unknown,OROPS,Virginia
13000.0,6,2009,Skid Steer Loaders,unknown,OROPS,North Carolina
50000.0,11,1999,Track Type Tractors,Medium,OROPS,Texas
9000.0,10,2005,Track Excavators,Mini,EROPS,New Jersey
27000.0,27,2011,Wheel Loader,unknown,OROPS,South Carolina
47000.0,9,2008,Motor Graders,unknown,EROPS w AC,Tennessee
100000.0,2,2001,Track Type Tractors,Medium,OROPS,New Hampshire
26000.0,17,1991,Wheel Loader,unknown,EROPS,Maryland
19500.0,14,2006,Backhoe Loaders,unknown,EROPS w AC,California
22000.0,10,2009,Wheel Loader,unknown,OROPS,Florida
110000.0,4,2008,Track Type Tractors,Medium,EROPS w AC,Nevada
13000.0,5,2011,Skid Steer Loaders,unknown,OROPS,Texas
20000.0,13,1991,Track Excavators,Small,EROPS,Pennsylvania
82500.0,6,2010,Motor Graders,unknown,EROPS,Illinois
15000.0,13,2007,Track Excavators,Small,EROPS,Louisiana
13000.0,31,2007,Wheel Loader,unknown,OROPS,North Carolina
17500.0,7,1994,Backhoe Loaders,unknown,EROPS,Colorado
8750.0,5,2003,Track Excavators,Mini,EROPS,Wisconsin
28500.0,4,2004,Track Excavators,Mini,EROPS w AC,New Jersey
9500.0,18,2006,Backhoe Loaders,unknown,EROPS,North Carolina
41000.0,15,2008,Wheel Loader,unknown,EROPS,New York
29000.0,15,1992,Track Type Tractors,Medium,OROPS,California
21000.0,6,1999,Track Type Tractors,unknown,OROPS,Florida
56000.0,6,2009,Track Excavators,Large / Medium,EROPS w AC,South Carolina
40000.0,3,2004,Track Type Tractors,unknown,OROPS,Maryland
10000.0,25,2004,Wheel Loader,Compact,EROPS,Washington
52000.0,7,1993,Track Excavators,Large / Medium,EROPS,Kentucky
85000.0,4,2010,Track Type Tractors,Medium,EROPS w AC,Georgia
20000.0,18,2006,Motor Graders,unknown,EROPS,North Carolina
42000.0,8,2004,Wheel Loader,unknown,EROPS,Mississippi
9000.0,18,2000,Backhoe Loaders,unknown,EROPS,New Mexico
22500.0,31,2009,Track Type Tractors,Medium,OROPS,Mississippi
12700.0,6,2005,Skid Steer Loaders,unknown,OROPS,South Carolina
52000.0,4,1995,Track Type Tractors,Medium,OROPS,Ohio
23000.0,19,2000,Motor Graders,unknown,EROPS,Louisiana
27500.0,18,2003,Wheel Loader,Medium,EROPS,Pennsylvania
26000.0,3,1992,Backhoe Loaders,unknown,EROPS,Maryland
17500.0,29,2001,Wheel Loader,unknown,EROPS,Ohio
8000.0,12,1998,Track Excavators,Small,EROPS,Idaho
14000.0,12,2006,Track Excavators,Mini,EROPS,Maryland
6500.0,13,2009,Skid Steer Loaders,unknown,OROPS,Idaho
61000.0,4,2003,Track Excavators,Large / Medium,EROPS w AC,Maryland
36000.0,21,2001,Wheel Loader,Medium,EROPS,Montana
10250.0,12,2009,Backhoe Loaders,unknown,OROPS,Missouri
31000.0,6,2008,Track Type Tractors,unknown,OROPS,Louisiana
20000.0,11,2008,Backhoe Loaders,unknown,OROPS,Maryland
21000.0,6,2009,Wheel Loader,unknown,EROPS,Washington
42000.0,6,1996,Wheel Loader,unknown,OROPS,Florida
29000.0,4,2009,Track Type Tractors,unknown,OROPS,Georgia
29000.0,18,2006,Track Excavators,Small,EROPS,Connecticut
58000.0,2,2006,Track Type Tractors,unknown,EROPS w AC,Louisiana
11500.0,4,2002,Track Excavators,Mini,EROPS,Nevada
10000.0,5,2004,Skid Steer Loaders,unknown,OROPS,Mississippi
78000.0,3,2007,Track Excavators,Large / Medium,EROPS w AC,Pennsylvania
14000.0,15,2006,Track Excavators,Small,EROPS,New Hampshire
10000.0,29,2009,Track Type Tractors,Medium,OROPS,Idaho
9000.0,6,2002,Skid Steer Loaders,unknown,OROPS,Wyoming
12500.0,10,1999,Backhoe Loaders,unknown,OROPS,Florida
40000.0,15,1999,Wheel Loader,Medium,EROPS,Ohio
38000.0,5,2001,Motor Graders,unknown,EROPS,California
14500.0,18,2010,Backhoe Loaders,unknown,EROPS,Colorado
36000.0,5,2008,Backhoe Loaders,unknown,OROPS,Alabama
8000.0,7,1996,Skid Steer Loaders,unknown,OROPS,California
46000.0,18,1997,Motor Graders,unknown,EROPS,New Jersey
20000.0,11,2011,Track Excavators,Large / Medium,EROPS,Wisconsin
12500.0,29,2004,Wheel Loader,Medium,EROPS,Mississippi
7500.0,9,2009,Skid Steer Loaders,unknown,OROPS,Michigan
99000.0,6,2005,Track Excavators,Large / Medium,EROPS w AC,Florida
42000.0,21,2004,Wheel Loader,Medium,EROPS,Illinois
25000.0,24,1994,Track Type Tractors,Medium,OROPS,Texas
22000.0,12,2007,Track Excavators,Large / Medium,EROPS,California
6000.0,5,2007,Skid Steer Loaders,unknown,OROPS,Texas
20500.0,21,2008,Track Type Tractors,unknown,OROPS,Florida
35000.0,13,2008,Track Excavators,Large / Medium,EROPS,California
20500.0,6,2011,Backhoe Loaders,unknown,OROPS,Texas
9500.0,15,1993,Motor Graders,unknown,EROPS,Florida
13500.0,7,2006,Backhoe Loaders,unknown,OROPS,Maryland
52000.0,6,2001,Track Excavators,Large / Medium,EROPS w AC,South Carolina
27500.0,9,2007,Wheel Loader,unknown,OROPS,Texas
52500.0,4,2010,Track Excavators,Small,EROPS w AC,Florida
26000.0,5,2003,Backhoe Loaders,unknown,EROPS,Ohio
25000.0,9,2008,Track Excavators,Large / Medium,EROPS,Washington
31000.0,3,2001,Backhoe Loaders,unknown,EROPS,Utah
11500.0,9,2011,Skid Steer Loaders,unknown,OROPS,Pennsylvania
37000.0,6,2007,Track Excavators,Small,EROPS w AC,New York
6500.0,8,2008,Skid Steer Loaders,unknown,OROPS,Texas
14000.0,2,2001,Skid Steer Loaders,unknown,OROPS,Washington
35000.0,23,1997,Track Type Tractors,Large,OROPS,Georgia
30000.0,5,2003,Backhoe Loaders,unknown,EROPS,Colorado
33000.0,8,1996,Wheel Loader,unknown,EROPS,Indiana
17000.0,9,2001,Track Excavators,Large / Medium,EROPS w AC,Tennessee
23500.0,6,2009,Backhoe Loaders,unknown,OROPS,Washington
21000.0,16,1995,Wheel Loader,unknown,EROPS,Maine
43000.0,7,2009,Wheel Loader,Medium,EROPS w AC,Texas
45000.0,10,2000,Track Type Tractors,Medium,OROPS,Florida
15500.0,18,1995,Wheel Loader,Medium,EROPS,Illinois
62500.0,5,2008,Wheel Loader,unknown,EROPS w AC,Florida
32000.0,9,2009,Wheel Loader,Medium,EROPS,Washington
18000.0,12,2010,Backhoe Loaders,unknown,EROPS,Indiana
25000.0,11,2009,Track Excavators,Large / Medium,EROPS,Washington
52000.0,22,2008,Track Type Tractors,Large,EROPS,Washington
21000.0,9,2002,Backhoe Loaders,unknown,OROPS,Florida
45000.0,4,2007,Track Type Tractors,unknown,OROPS,Florida
30000.0,18,2011,Wheel Loader,Medium,EROPS w AC,Nebraska
37500.0,25,2006,Motor Graders,unknown,EROPS,North Carolina
9000.0,3,2002,Skid Steer Loaders,unknown,OROPS,Illinois
19000.0,12,2002,Track Type Tractors,unknown,EROPS,Alabama
57500.0,6,2008,Track Excavators,Large / Medium,EROPS w AC,Florida
47500.0,9,1992,Wheel Loader,Medium,EROPS,Kentucky
14500.0,10,1997,Backhoe Loaders,unknown,OROPS,Kentucky
41000.0,2,2007,Track Type Tractors,unknown,EROPS w AC,Georgia
18000.0,26,2011,Wheel Loader,unknown,EROPS,Ohio
26000.0,21,2011,Wheel Loader,Medium,EROPS w AC,Missouri
8000.0,42,2006,Motor Graders,unknown,EROPS,Maryland
42000.0,8,2008,Wheel Loader,Medium,EROPS,Florida
74000.0,6,1996,Track Excavators,Large / Medium,EROPS,Arizona
17000.0,17,2008,Backhoe Loaders,unknown,OROPS,Washington
23000.0,21,2007,Track Type Tractors,unknown,OROPS,New York
27000.0,3,1997,Backhoe Loaders,unknown,OROPS,Texas
33000.0,12,2008,Backhoe Loaders,unknown,EROPS,Nebraska
7500.0,14,2000,Skid Steer Loaders,unknown,OROPS,Florida
38000.0,3,2002,Backhoe Loaders,unknown,OROPS,Texas
52500.0,24,2011,Wheel Loader,Medium,EROPS,Texas
22000.0,27,2006,Track Type Tractors,Medium,OROPS,Georgia
23000.0,19,2000,Wheel Loader,Medium,OROPS,Arizona
20000.0,13,2010,Wheel Loader,Medium,EROPS,Washington
26000.0,16,2011,Wheel Loader,Medium,EROPS,Georgia
59000.0,4,2008,Track Excavators,Large / Medium,EROPS w AC,Florida
47500.0,9,2007,Track Excavators,Large / Medium,EROPS,Arizona
26500.0,11,2005,Track Excavators,Small,EROPS,Pennsylvania
42000.0,13,2011,Track Type Tractors,Medium,OROPS,Kentucky
18000.0,23,1991,Motor Graders,unknown,OROPS,Arizona
20000.0,10,2009,Track Excavators,Small,EROPS,Maine
55000.0,4,1998,Track Excavators,Large / Medium,EROPS w AC,Mississippi
21000.0,11,2006,Backhoe Loaders,unknown,EROPS,Pennsylvania
36000.0,17,1989,Track Type Tractors,Large,OROPS,California
11500.0,19,2011,Backhoe Loaders,unknown,OROPS,Alabama
52000.0,3,2009,Track Excavators,Large / Medium,EROPS w AC,North Carolina
55000.0,4,2002,Track Excavators,Large / Medium,EROPS,Unspecified
14500.0,5,2006,Track Excavators,Mini,EROPS,Maryland
16500.0,9,2001,Backhoe Loaders,unknown,OROPS,Texas
13500.0,19,2006,Track Type Tractors,unknown,OROPS,Florida
72500.0,2,1998,Wheel Loader,unknown,EROPS,Maine
16500.0,33,2004,Motor Graders,unknown,EROPS,Texas
21000.0,16,2010,Track Excavators,Large / Medium,EROPS w AC,Nebraska
65000.0,2,1996,Wheel Loader,Medium,EROPS w AC,Alabama
13000.0,5,2010,Skid Steer Loaders,unknown,OROPS,Florida
10250.0,13,2011,Skid Steer Loaders,unknown,OROPS,Nebraska
54000.0,6,2007,Track Excavators,Large / Medium,EROPS w AC,Florida
47500.0,27,2009,Wheel Loader,Medium,EROPS,Texas
15000.0,14,1999,Backhoe Loaders,unknown,OROPS,Florida
29000.0,6,2005,Track Type Tractors,unknown,OROPS,New Jersey
11000.0,3,2008,Skid Steer Loaders,unknown,OROPS,Arkansas
38000.0,5,2011,Track Excavators,Large / Medium,EROPS w AC,Texas
42500.0,7,2006,Wheel Loader,unknown,OROPS,Florida
29000.0,14,1996,Wheel Loader,Medium,EROPS,Colorado
39000.0,5,2001,Backhoe Loaders,unknown,OROPS,Arizona
100000.0,5,2011,Track Type Tractors,Medium,EROPS w AC,Connecticut
27750.0,5,2007,Backhoe Loaders,unknown,OROPS,South Carolina
96000.0,4,2005,Motor Graders,unknown,EROPS w AC,Florida
25000.0,7,2010,Backhoe Loaders,unknown,OROPS,California
10250.0,19,2011,Wheel Loader,unknown,EROPS,South Carolina
41000.0,9,2008,Wheel Loader,Medium,EROPS w AC,Texas
26500.0,12,1998,Track Excavators,Large / Medium,EROPS,New York
36000.0,20,1997,Wheel Loader,Large,EROPS,Kentucky
47500.0,24,2005,Track Type Tractors,Large,OROPS,New Mexico
67500.0,5,2002,Track Type Tractors,Medium,EROPS,Tennessee
31000.0,9,1999,Track Type Tractors,Medium,OROPS,Mississippi
61000.0,7,1995,Track Type Tractors,Medium,EROPS,New York
29000.0,7,2002,Track Type Tractors,unknown,OROPS,Alabama
11500.0,5,2007,Skid Steer Loaders,unknown,OROPS,Florida
58000.0,12,2008,Track Type Tractors,Medium,EROPS w AC,Maryland
120000.0,4,2011,Track Type Tractors,Medium,EROPS w AC,Missouri
10500.0,17,1989,Motor Graders,unknown,EROPS,Georgia
21000.0,8,2004,Backhoe Loaders,unknown,EROPS,Colorado
10500.0,6,2008,Skid Steer Loaders,unknown,OROPS,Florida
19500.0,9,2007,Track Type Tractors,unknown,OROPS,Alabama
14000.0,17,1999,Track Type Tractors,unknown,OROPS,Wyoming
72500.0,8,1996,Motor Graders,unknown,EROPS,North Carolina
37000.0,4,2006,Backhoe Loaders,unknown,EROPS w AC,Pennsylvania
27500.0,22,1996,Track Excavators,Large / Medium,EROPS,New Hampshire
11000.0,17,2002,Track Excavators,Large / Medium,EROPS,Tennessee
11000.0,4,2003,Track Excavators,Mini,EROPS,Unspecified
39000.0,3,2007,Track Type Tractors,unknown,OROPS,New Jersey
18000.0,2,2008,Skid Steer Loaders,unknown,OROPS,Georgia
11000.0,28,1998,Motor Graders,unknown,EROPS,California
17500.0,33,2009,Motor Graders,unknown,EROPS,Ohio
57500.0,5,2004,Motor Graders,unknown,EROPS w AC,Illinois
18500.0,20,1991,Track Type Tractors,Medium,OROPS,New York
29000.0,41,2008,Track Type Tractors,Large,OROPS,New Jersey
18500.0,2,2002,Wheel Loader,Compact,EROPS w AC,New Hampshire
55000.0,7,1996,Wheel Loader,Medium,EROPS,Maine
43000.0,30,2008,Track Type Tractors,Large,OROPS,Washington
18000.0,14,2011,Backhoe Loaders,unknown,EROPS w AC,Texas
36000.0,4,2010,Backhoe Loaders,unknown,OROPS,Texas
24000.0,3,2009,Track Excavators,Mini,EROPS w AC,Virginia
65000.0,16,2009,Motor Graders,unknown,EROPS w AC,Nevada
95000.0,6,2004,Motor Graders,unknown,EROPS w AC,Mississippi
17000.0,9,2001,Track Excavators,Mini,EROPS,New Hampshire
22500.0,21,2009,Backhoe Loaders,unknown,EROPS,Indiana
66000.0,3,1992,Track Type Tractors,Medium,OROPS,Georgia
82500.0,5,2007,Track Excavators,Large / Medium,EROPS w AC,Florida
24500.0,4,2005,Track Excavators,Mini,EROPS,New Jersey
33000.0,22,2002,Motor Graders,unknown,OROPS,Florida
27000.0,16,2008,Track Excavators,Small,EROPS,Ohio
85000.0,4,1993,Motor Graders,unknown,EROPS,Georgia
19500.0,12,2005,Backhoe Loaders,unknown,OROPS,Florida
8500.0,34,2011,Motor Graders,unknown,EROPS,North Carolina
25000.0,13,2006,Wheel Loader,Medium,EROPS,Texas
25500.0,7,1990,Wheel Loader,unknown,OROPS,Georgia
20000.0,36,2008,Track Type Tractors,Large,OROPS,Minnesota
20000.0,2,2007,Skid Steer Loaders,unknown,OROPS,Florida
15000.0,6,2005,Track Excavators,Mini,EROPS,Georgia
70000.0,6,2008,Wheel Loader,Medium,EROPS w AC,Idaho
27500.0,2,1997,Backhoe Loaders,unknown,OROPS,Kentucky
16000.0,13,2002,Track Type Tractors,unknown,OROPS,Pennsylvania
95000.0,8,2007,Wheel Loader,Medium,EROPS w AC,Florida
10500.0,7,2006,Skid Steer Loaders,unknown,OROPS,Florida
25000.0,6,2011,Track Type Tractors,unknown,EROPS w AC,New Jersey
11000.0,46,2008,Motor Graders,unknown,EROPS,Missouri
9000.0,3,2005,Skid Steer Loaders,unknown,OROPS,Utah
26000.0,9,2007,Backhoe Loaders,unknown,EROPS w AC,Arizona
39000.0,8,2006,Wheel Loader,unknown,EROPS w AC,Florida
22000.0,9,2000,Wheel Loader,unknown,EROPS,Tennessee
29000.0,22,2011,Track Type Tractors,Medium,OROPS,Texas
16000.0,15,2004,Track Excavators,Small,EROPS w AC,South Carolina
20500.0,12,2010,Backhoe Loaders,unknown,OROPS,Washington
110000.0,16,2004,Track Type Tractors,Large,EROPS w AC,California
68000.0,16,2005,Track Type Tractors,Large,EROPS,Arkansas
57000.0,17,2005,Wheel Loader,Medium,EROPS,Washington
17000.0,22,2010,Track Type Tractors,Medium,OROPS,Connecticut
18075.0,18,2007,Backhoe Loaders,unknown,OROPS,Michigan
13000.0,7,2010,Skid Steer Loaders,unknown,OROPS,Nevada
27000.0,6,2010,Backhoe Loaders,unknown,OROPS,California
14500.0,11,1989,Track Type Tractors,unknown,OROPS,Florida
7750.0,7,2004,Skid Steer Loaders,unknown,OROPS,Wyoming
92500.0,2,2006,Track Excavators,Large / Medium,EROPS w AC,South Dakota
16250.0,6,2005,Backhoe Loaders,unknown,OROPS,Alabama
7000.0,10,2010,Skid Steer Loaders,unknown,OROPS,Louisiana
28000.0,28,2001,Track Type Tractors,Large,OROPS,Washington
18000.0,13,2002,Track Excavators,Small,EROPS,Texas
82500.0,4,1989,Wheel Loader,Medium,EROPS w AC,Minnesota
21000.0,10,2008,Backhoe Loaders,unknown,OROPS,California
42000.0,6,1993,Track Excavators,Small,EROPS,Washington
54500.0,9,2008,Wheel Loader,Medium,EROPS w AC,New Jersey
23250.0,9,1995,Track Excavators,Large / Medium,EROPS,Florida
7500.0,13,2009,Skid Steer Loaders,unknown,OROPS,Missouri
28000.0,9,2003,Track Excavators,Small,EROPS,Maryland
67500.0,3,2008,Wheel Loader,unknown,EROPS w AC,Texas
33000.0,4,2007,Backhoe Loaders,unknown,OROPS,Tennessee
137500.0,4,2000,Motor Graders,unknown,EROPS w AC,Missouri
65000.0,13,2009,Track Type Tractors,Large,EROPS w AC,Texas
11500.0,14,2002,Backhoe Loaders,unknown,OROPS,Illinois
97500.0,3,2005,Track Excavators,Large / Medium,EROPS w AC,Georgia
9000.0,16,2004,Wheel Loader,Compact,OROPS,Arkansas
30000.0,4,2009,Backhoe Loaders,unknown,OROPS,Texas
47500.0,10,1989,Motor Graders,unknown,OROPS,Georgia
12000.0,6,2011,Skid Steer Loaders,unknown,EROPS w AC,Texas
17000.0,13,2010,Wheel Loader,Medium,EROPS,Ohio
14500.0,13,2006,Backhoe Loaders,unknown,EROPS,Connecticut
15500.0,5,2010,Backhoe Loaders,unknown,OROPS,California
22000.0,20,2002,Wheel Loader,Medium,EROPS,Nevada
15500.0,19,2004,Track Excavators,Large / Medium,EROPS,New York
26000.0,26,2002,Track Type Tractors,Large,OROPS,Florida
38000.0,11,2009,Wheel Loader,Medium,EROPS,Maryland
16000.0,10,2007,Backhoe Loaders,unknown,OROPS,Texas
86000.0,3,2010,Track Excavators,Large / Medium,EROPS,New York
23500.0,10,2001,Wheel Loader,Compact,EROPS w AC,Florida
13500.0,3,2001,Skid Steer Loaders,unknown,OROPS,Florida
7000.0,9,2004,Skid Steer Loaders,unknown,OROPS,Arkansas
14500.0,27,2002,Wheel Loader,Compact,EROPS,Pennsylvania
30000.0,4,2000,Backhoe Loaders,unknown,EROPS,North Carolina
90000.0,4,2005,Track Excavators,Large / Medium,EROPS w AC,Texas
9400.0,6,2001,Skid Steer Loaders,unknown,OROPS,Florida
19000.0,8,2009,Backhoe Loaders,unknown,OROPS,California
51000.0,3,2010,Track Type Tractors,unknown,EROPS w AC,Georgia
10500.0,23,2009,Motor Graders,unknown,EROPS,Texas
13000.0,29,2001,Wheel Loader,Medium,EROPS,California
9500.0,6,2007,Track Excavators,Mini,EROPS,Georgia
58500.0,3,2010,Track Excavators,Small,EROPS w AC,Florida
35000.0,23,1998,Motor Graders,unknown,OROPS,Florida
8500.0,7,2004,Skid Steer Loaders,unknown,OROPS,California
11000.0,13,1989,Track Type Tractors,unknown,OROPS,Florida
10500.0,19,1994,Wheel Loader,unknown,OROPS,New Mexico
7250.0,4,2002,Skid Steer Loaders,unknown,OROPS,Florida
28000.0,9,2007,Wheel Loader,Medium,EROPS,Illinois
127500.0,3,1997,Motor Graders,unknown,EROPS,Florida
12500.0,0,2005,Backhoe Loaders,unknown,OROPS,Alabama
13000.0,8,2001,Track Excavators,Small,EROPS,Texas
16000.0,9,2001,Backhoe Loaders,unknown,OROPS,Texas
74000.0,3,1997,Track Type Tractors,Large,OROPS,New York
120000.0,3,2001,Track Type Tractors,Medium,OROPS,Texas
15500.0,2,2003,Skid Steer Loaders,unknown,OROPS,Unspecified
17500.0,11,2004,Track Excavators,Large / Medium,EROPS,Maine
28000.0,6,2001,Track Excavators,Small,EROPS,Ohio
37000.0,3,1997,Track Excavators,Small,EROPS,Ohio
22500.0,10,2008,Backhoe Loaders,unknown,EROPS w AC,Arizona
31000.0,26,1999,Track Type Tractors,Large,OROPS,Pennsylvania
19500.0,7,1995,Track Type Tractors,unknown,EROPS,Pennsylvania
10000.0,10,2009,Backhoe Loaders,unknown,OROPS,Colorado
21000.0,11,2007,Track Type Tractors,unknown,OROPS,Indiana
14000.0,20,2004,Backhoe Loaders,unknown,EROPS,New York
43000.0,12,2011,Track Type Tractors,Large,EROPS w AC,Texas
47500.0,22,1999,Track Type Tractors,Large,OROPS,Pennsylvania
91000.0,3,2010,Track Type Tractors,Medium,EROPS w AC,Alabama
27000.0,12,2010,Track Excavators,Small,EROPS,North Carolina
10000.0,11,2010,Skid Steer Loaders,unknown,EROPS,Illinois
40000.0,8,2003,Track Excavators,Large / Medium,EROPS,Texas
74000.0,12,2010,Motor Graders,unknown,EROPS w AC,Texas
18000.0,20,2000,Track Excavators,Large / Medium,EROPS,Maryland
21000.0,8,1995,Backhoe Loaders,unknown,OROPS,Ohio
27000.0,4,1998,Backhoe Loaders,unknown,EROPS,Florida
19000.0,18,2003,Track Excavators,Large / Medium,EROPS,California
21000.0,15,2011,Backhoe Loaders,unknown,EROPS w AC,Texas
23000.0,4,2009,Backhoe Loaders,unknown,OROPS,California
39500.0,5,2010,Track Type Tractors,Medium,EROPS w AC,Florida
10000.0,3,2008,Skid Steer Loaders,unknown,OROPS,Texas
27500.0,5,2009,Track Excavators,Large / Medium,EROPS w AC,Nevada
49000.0,12,2006,Track Type Tractors,Medium,OROPS,North Carolina
87000.0,7,2006,Track Type Tractors,Medium,EROPS,West Virginia
39000.0,2,2000,Track Type Tractors,unknown,OROPS,Texas
22000.0,10,2004,Track Excavators,Large / Medium,EROPS,Texas
9750.0,4,2001,Skid Steer Loaders,unknown,OROPS,Florida
67500.0,7,2011,Track Excavators,Large / Medium,EROPS,Florida
17500.0,6,2003,Backhoe Loaders,unknown,OROPS,Arizona
26000.0,30,2007,Track Type Tractors,Large,OROPS,Washington
13500.0,16,1995,Wheel Loader,Compact,OROPS,Florida
47000.0,8,2004,Track Type Tractors,Medium,OROPS,South Carolina
30000.0,3,2001,Wheel Loader,unknown,OROPS,Alabama
9500.0,13,2011,Skid Steer Loaders,unknown,OROPS,Colorado
53500.0,4,2008,Track Type Tractors,unknown,EROPS w AC,Florida
15000.0,18,1993,Wheel Loader,Compact,OROPS,California
36000.0,10,1997,Wheel Loader,unknown,EROPS,Maryland
32000.0,10,1989,Wheel Loader,Medium,EROPS,Florida
29000.0,4,2007,Backhoe Loaders,unknown,OROPS,California
83000.0,1,2008,Track Excavators,Large / Medium,EROPS w AC,Mississippi
45000.0,8,2008,Wheel Loader,Medium,EROPS w AC,California
44000.0,12,2006,Track Excavators,Large / Medium,EROPS,New Jersey
10000.0,9,1998,Track Excavators,Large / Medium,EROPS,Colorado
9750.0,17,2002,Skid Steer Loaders,unknown,OROPS,Oklahoma
19000.0,12,2007,Track Excavators,Small,EROPS,Michigan
9000.0,22,2007,Track Type Tractors,unknown,OROPS,Texas
42500.0,15,1992,Motor Graders,unknown,EROPS,Washington
66000.0,4,2008,Wheel Loader,Medium,EROPS w AC,Texas
15000.0,12,2001,Wheel Loader,Medium,EROPS,Alabama
30000.0,20,1996,Track Type Tractors,Large,EROPS,Montana
16000.0,37,2007,Wheel Loader,Medium,EROPS,Florida
14500.0,11,1998,Backhoe Loaders,unknown,EROPS,Florida
25500.0,9,1994,Wheel Loader,unknown,EROPS,Ohio
23000.0,2,1991,Backhoe Loaders,unknown,OROPS,Texas
27000.0,11,2004,Wheel Loader,Medium,OROPS,Nevada
9000.0,4,2009,Skid Steer Loaders,unknown,OROPS,California
97000.0,1,1997,Track Type Tractors,Medium,OROPS,Mississippi
88000.0,4,2006,Track Excavators,Large / Medium,EROPS w AC,Florida
23000.0,5,2009,Backhoe Loaders,unknown,OROPS,Texas
29000.0,6,1993,Backhoe Loaders,unknown,EROPS,Connecticut
9000.0,5,2009,Track Excavators,Mini,EROPS,Washington
17000.0,17,2006,Backhoe Loaders,unknown,EROPS,Florida
37000.0,7,2011,Track Type Tractors,unknown,EROPS w AC,Tennessee
12500.0,21,2008,Track Type Tractors,unknown,OROPS,Nevada
25000.0,16,2005,Track Type Tractors,unknown,OROPS,Mississippi
80000.0,0,1998,Track Excavators,Large / Medium,EROPS w AC,Louisiana
7500.0,23,2001,Backhoe Loaders,unknown,EROPS,Maine
69000.0,2,1996,Wheel Loader,unknown,OROPS,Georgia
52000.0,12,2001,Wheel Loader,Medium,EROPS,Maine
37000.0,7,2000,Track Type Tractors,unknown,OROPS,Alabama
10500.0,14,1999,Backhoe Loaders,unknown,OROPS,Florida
24000.0,11,2008,Backhoe Loaders,unknown,EROPS,Oregon
13750.0,10,1999,Track Excavators,Mini,EROPS,South Carolina
16000.0,8,2009,Backhoe Loaders,unknown,OROPS,Florida
11000.0,5,2004,Skid Steer Loaders,unknown,OROPS,Missouri
16000.0,4,2009,Track Excavators,Mini,EROPS,Indiana
46000.0,21,1999,Track Type Tractors,Large,EROPS,California
15000.0,7,1993,Backhoe Loaders,unknown,EROPS,New York
26000.0,9,2005,Backhoe Loaders,unknown,EROPS w AC,Colorado
46000.0,15,2009,Wheel Loader,Medium,EROPS w AC,Florida
100000.0,12,2006,Wheel Loader,Large,EROPS w AC,Nevada
38000.0,3,2009,Backhoe Loaders,unknown,OROPS,Florida
40000.0,1,1995,Backhoe Loaders,unknown,EROPS,New Jersey
67000.0,3,2005,Wheel Loader,unknown,EROPS w AC,Florida
26500.0,3,2006,Track Excavators,Mini,EROPS,Mississippi
17000.0,4,2008,Track Excavators,Mini,EROPS,Texas
41000.0,10,2008,Track Excavators,Large / Medium,EROPS w AC,Maryland
25500.0,7,2003,Backhoe Loaders,unknown,EROPS,New York
42000.0,2,2000,Track Type Tractors,unknown,OROPS,Texas
25000.0,20,2004,Track Type Tractors,Medium,OROPS,North Carolina
14000.0,8,1991,Backhoe Loaders,unknown,OROPS,Texas
32500.0,6,1989,Wheel Loader,Medium,EROPS,Colorado
17500.0,14,2009,Track Excavators,Large / Medium,EROPS,Florida
31000.0,13,1998,Track Excavators,Large / Medium,EROPS,Texas
17500.0,7,1994,Backhoe Loaders,unknown,EROPS,Florida
25000.0,9,2007,Wheel Loader,unknown,EROPS,Oregon
32000.0,17,2004,Track Type Tractors,unknown,OROPS,Washington
29000.0,12,2009,Track Type Tractors,Large,EROPS,Arkansas
10000.0,43,2010,Motor Graders,unknown,OROPS,Texas
36000.0,3,1997,Backhoe Loaders,unknown,OROPS,Mississippi
110000.0,2,2007,Track Excavators,Large / Medium,EROPS w AC,Florida
15000.0,22,2008,Track Excavators,Large / Medium,EROPS,California
48000.0,6,2007,Track Excavators,Large / Medium,EROPS w AC,Texas
38000.0,9,2009,Wheel Loader,unknown,EROPS w AC,Texas
12500.0,6,1993,Backhoe Loaders,unknown,OROPS,California
25000.0,5,2004,Backhoe Loaders,unknown,OROPS,Texas
25000.0,6,1995,Backhoe Loaders,unknown,EROPS,Florida
16000.0,12,1996,Track Excavators,Small,EROPS,Tennessee
69000.0,7,1999,Track Excavators,Large / Medium,EROPS,Connecticut
18000.0,19,1992,Track Type Tractors,Large,OROPS,Georgia
17000.0,13,2011,Track Type Tractors,unknown,OROPS,Alabama
20000.0,9,2001,Backhoe Loaders,unknown,EROPS,New Jersey
11500.0,6,2010,Skid Steer Loaders,unknown,OROPS,Arizona
35000.0,10,1995,Wheel Loader,Medium,EROPS,Nevada
100000.0,4,2008,Track Excavators,Large / Medium,EROPS,Texas
35000.0,4,2003,Backhoe Loaders,unknown,EROPS,Minnesota
89000.0,3,2004,Track Excavators,Large / Medium,EROPS w AC,New York
40500.0,5,1994,Track Excavators,Small,EROPS,New York
47500.0,23,2008,Wheel Loader,Medium,EROPS w AC,Tennessee
6000.0,9,1995,Skid Steer Loaders,unknown,OROPS,California
20000.0,14,2007,Backhoe Loaders,unknown,EROPS,Maryland
8750.0,6,1990,Backhoe Loaders,unknown,OROPS,Arizona
22500.0,20,1994,Wheel Loader,Medium,EROPS,Kentucky
43000.0,14,2007,Wheel Loader,Medium,EROPS w AC,Texas
19000.0,8,2002,Backhoe Loaders,unknown,OROPS,Arizona
23000.0,18,1999,Wheel Loader,unknown,OROPS,Kentucky
11000.0,4,2000,Track Excavators,Mini,EROPS,Texas
9500.0,11,2011,Skid Steer Loaders,unknown,OROPS,Illinois
9500.0,11,1998,Skid Steer Loaders,unknown,OROPS,California
10500.0,2,2009,Skid Steer Loaders,unknown,OROPS,Texas
9750.0,5,2010,Skid Steer Loaders,unknown,OROPS,Kentucky
8000.0,16,2009,Backhoe Loaders,unknown,OROPS,Washington
35000.0,3,2009,Backhoe Loaders,unknown,OROPS,Florida
10500.0,3,2008,Track Excavators,Mini,EROPS,Florida
84000.0,1,2008,Track Type Tractors,Medium,OROPS,Florida
9500.0,14,1992,Backhoe Loaders,unknown,OROPS,Virginia
32000.0,12,1991,Track Type Tractors,Medium,OROPS,California
27000.0,16,2007,Track Type Tractors,unknown,OROPS,Florida
14000.0,12,2006,Backhoe Loaders,unknown,OROPS,South Carolina
13500.0,12,2002,Backhoe Loaders,unknown,OROPS,Arizona
39000.0,11,2005,Wheel Loader,Medium,EROPS w AC,Florida
36000.0,2,1998,Backhoe Loaders,unknown,EROPS,New Jersey
8100.0,25,2009,Track Excavators,Large / Medium,EROPS,Nebraska
40000.0,8,2003,Track Type Tractors,Medium,OROPS,Florida
26000.0,8,2002,Track Excavators,Mini,EROPS w AC,Alabama
47500.0,24,2010,Track Type Tractors,Large,OROPS,Texas
13000.0,2,1997,Skid Steer Loaders,unknown,OROPS,Florida
25000.0,20,2008,Wheel Loader,Medium,EROPS,Missouri
35000.0,13,2004,Track Excavators,Large / Medium,EROPS w AC,Nevada
13000.0,4,1998,Skid Steer Loaders,unknown,OROPS,Florida
14500.0,2,2009,Skid Steer Loaders,unknown,OROPS,Florida
9000.0,7,2007,Skid Steer Loaders,unknown,OROPS,Texas
13000.0,1,1998,Skid Steer Loaders,unknown,OROPS,North Carolina
14000.0,20,2010,Track Type Tractors,unknown,OROPS,Illinois
62000.0,14,2010,Wheel Loader,Medium,EROPS w AC,Utah
30000.0,13,1998,Track Type Tractors,Medium,OROPS,Connecticut
15000.0,11,2009,Backhoe Loaders,unknown,OROPS,Texas
40000.0,6,2010,Track Excavators,Large / Medium,EROPS w AC,Maryland
33000.0,4,2009,Track Type Tractors,unknown,OROPS,Texas
92500.0,3,2011,Track Type Tractors,Medium,EROPS w AC,Georgia
24000.0,10,2009,Wheel Loader,unknown,OROPS,Alabama
24000.0,5,2008,Backhoe Loaders,unknown,OROPS,Texas
15500.0,13,2010,Backhoe Loaders,unknown,OROPS,Mississippi
40000.0,5,2010,Track Type Tractors,unknown,EROPS w AC,Florida
11000.0,16,1996,Backhoe Loaders,unknown,EROPS,New Jersey
35000.0,3,2001,Backhoe Loaders,unknown,EROPS,Illinois
105000.0,3,2007,Track Excavators,Large / Medium,EROPS w AC,Texas
18000.0,12,2007,Track Excavators,Mini,EROPS,Connecticut
10500.0,3,2002,Skid Steer Loaders,unknown,OROPS,Texas
17000.0,13,2011,Backhoe Loaders,unknown,EROPS,New Jersey
21000.0,3,2009,Backhoe Loaders,unknown,OROPS,Texas
21000.0,16,2004,Track Excavators,Small,EROPS w AC,Florida
24000.0,11,1997,Track Excavators,Large / Medium,EROPS,Florida
20000.0,9,2009,Backhoe Loaders,unknown,OROPS,Texas
9750.0,2,1999,Skid Steer Loaders,unknown,OROPS,Mississippi
12000.0,7,2011,Skid Steer Loaders,unknown,OROPS,Florida
29750.0,7,2007,Track Type Tractors,unknown,OROPS,Michigan
20000.0,6,2011,Wheel Loader,Compact,OROPS,California
15000.0,9,2009,Backhoe Loaders,unknown,EROPS,California
13000.0,11,2008,Backhoe Loaders,unknown,OROPS,South Carolina
8500.0,38,2009,Wheel Loader,Medium,EROPS,Idaho
25000.0,6,2005,Backhoe Loaders,unknown,OROPS,Florida
23000.0,13,2001,Track Type Tractors,unknown,EROPS,Maryland
35000.0,11,2011,Track Excavators,Large / Medium,EROPS w AC,Maryland
53000.0,11,2010,Track Type Tractors,Medium,EROPS w AC,Georgia
17500.0,37,2011,Track Type Tractors,Large,OROPS,Illinois
27000.0,4,2010,Track Type Tractors,unknown,OROPS,Idaho
13000.0,3,2009,Skid Steer Loaders,unknown,EROPS,Louisiana
15000.0,18,1993,Wheel Loader,unknown,OROPS,Texas
9000.0,19,2005,Backhoe Loaders,unknown,OROPS,Illinois
23000.0,14,1993,Wheel Loader,unknown,OROPS,Wisconsin
20000.0,4,2009,Backhoe Loaders,unknown,OROPS,Texas
18000.0,12,2001,Track Excavators,Small,EROPS,Florida
12750.0,14,2001,Backhoe Loaders,unknown,EROPS,Indiana
37000.0,18,2005,Track Type Tractors,Medium,OROPS,West Virginia
27500.0,10,2008,Backhoe Loaders,unknown,EROPS,Texas
69000.0,4,2002,Track Excavators,Large / Medium,EROPS w AC,North Carolina
90000.0,9,2009,Motor Graders,unknown,EROPS w AC,Nevada
23000.0,12,2009,Track Excavators,Small,EROPS,Minnesota
21000.0,6,2010,Backhoe Loaders,unknown,OROPS,Kentucky
34000.0,1,1998,Track Type Tractors,unknown,OROPS,Texas
30000.0,7,2010,Backhoe Loaders,unknown,OROPS,Florida
50000.0,10,2007,Wheel Loader,unknown,EROPS,Nebraska
9500.0,17,2011,Backhoe Loaders,unknown,OROPS,Texas
63000.0,6,2004,Wheel Loader,Medium,EROPS,Connecticut
37000.0,5,2002,Track Excavators,Large / Medium,EROPS w AC,Alabama
16000.0,7,2007,Wheel Loader,Compact,EROPS w AC,Georgia
9500.0,7,2008,Skid Steer Loaders,unknown,OROPS,North Carolina
112500.0,26,2011,Track Type Tractors,Large,EROPS w AC,Arizona
24000.0,21,1995,Wheel Loader,Medium,EROPS,Maryland
35500.0,15,2002,Wheel Loader,Medium,EROPS w AC,Florida
9000.0,4,2009,Skid Steer Loaders,unknown,OROPS,Tennessee
72500.0,18,2007,Wheel Loader,Medium,EROPS,New Jersey
14000.0,2,2004,Skid Steer Loaders,unknown,OROPS,Florida
54000.0,2,1999,Track Type Tractors,Medium,OROPS,Maryland
12500.0,16,2008,Backhoe Loaders,unknown,OROPS,Texas
15500.0,7,1993,Backhoe Loaders,unknown,OROPS,Kentucky
42000.0,8,1998,Wheel Loader,unknown,OROPS,Florida
21500.0,8,2006,Motor Graders,unknown,OROPS,Oregon
70000.0,5,2007,Track Excavators,Large / Medium,EROPS w AC,Louisiana
20000.0,7,2002,Track Excavators,Large / Medium,EROPS w AC,Florida
32000.0,5,1997,Backhoe Loaders,unknown,EROPS,Maine
68500.0,4,2009,Track Excavators,Large / Medium,EROPS,New Jersey
46000.0,6,1998,Wheel Loader,Medium,EROPS w AC,Florida
13500.0,19,2000,Track Excavators,Small,EROPS,Pennsylvania
54000.0,5,2000,Wheel Loader,Medium,EROPS w AC,Florida
22000.0,7,2010,Track Excavators,Mini,EROPS w AC,North Carolina
14000.0,2,2003,Skid Steer Loaders,unknown,OROPS,Maine
36000.0,7,2009,Wheel Loader,Medium,OROPS,Florida
9000.0,17,2006,Track Excavators,Large / Medium,EROPS,Idaho
75000.0,16,2004,Track Type Tractors,Large,EROPS,Illinois
27000.0,8,2009,Track Type Tractors,Medium,OROPS,Florida
27000.0,1,2002,Track Excavators,Mini,EROPS,Washington
27000.0,27,2002,Track Type Tractors,Large,OROPS,Missouri
50000.0,10,2007,Motor Graders,unknown,EROPS w AC,Texas
28000.0,9,2010,Backhoe Loaders,unknown,EROPS w AC,Florida
5500.0,4,2000,Skid Steer Loaders,unknown,OROPS,Maryland
20000.0,7,1993,Backhoe Loaders,unknown,EROPS,Maine
61000.0,11,2008,Motor Graders,unknown,EROPS w AC,Florida
24250.0,6,1999,Track Type Tractors,unknown,OROPS,Arkansas
13500.0,14,2008,Track Type Tractors,unknown,OROPS,Texas
24500.0,28,2003,Track Type Tractors,Large,OROPS,Minnesota
38000.0,5,2005,Track Type Tractors,unknown,OROPS,Connecticut
16000.0,20,1994,Wheel Loader,unknown,EROPS,Maryland
63000.0,13,2001,Track Type Tractors,Large,EROPS w AC,Pennsylvania
34500.0,12,2009,Track Excavators,Large / Medium,EROPS w AC,Ohio
8500.0,13,2006,Skid Steer Loaders,unknown,OROPS,Mississippi
105000.0,2,2002,Wheel Loader,Medium,EROPS w AC,Florida
23000.0,15,2009,Wheel Loader,Medium,OROPS,Florida
8500.0,9,2011,Skid Steer Loaders,unknown,OROPS,Texas
31000.0,3,2007,Backhoe Loaders,unknown,OROPS,Texas
41000.0,8,1995,Track Type Tractors,Large,OROPS,Ohio
20000.0,16,1997,Track Type Tractors,unknown,OROPS,Maryland
92000.0,14,2007,Track Type Tractors,Large,EROPS w AC,Minnesota
21000.0,16,2002,Wheel Loader,Medium,EROPS w AC,Maryland
37500.0,4,2009,Track Type Tractors,Medium,EROPS w AC,Alabama
70000.0,3,2006,Track Excavators,Large / Medium,EROPS w AC,Maryland
87500.0,5,2000,Wheel Loader,Medium,EROPS,Florida
72500.0,10,2005,Motor Graders,unknown,EROPS w AC,Minnesota
52000.0,9,2000,Track Excavators,Large / Medium,EROPS,Florida
87500.0,12,1998,Track Type Tractors,Large,OROPS,Tennessee
33000.0,3,2003,Backhoe Loaders,unknown,OROPS,Florida
32750.0,5,2010,Track Type Tractors,unknown,OROPS,Alabama
13500.0,14,2000,Backhoe Loaders,unknown,OROPS,Texas
19000.0,3,2009,Backhoe Loaders,unknown,OROPS,California
59000.0,4,1992,Track Excavators,Large / Medium,EROPS,Florida
42500.0,1,1999,Track Type Tractors,unknown,OROPS,Mississippi
16000.0,6,1992,Backhoe Loaders,unknown,OROPS,Arizona
8500.0,5,2009,Track Excavators,Mini,EROPS,Florida
8500.0,34,2005,Motor Graders,unknown,EROPS,Mississippi
16000.0,22,1992,Track Type Tractors,Medium,OROPS,Ohio
70000.0,6,2004,Track Excavators,Large / Medium,EROPS w AC,Georgia
42000.0,17,1995,Track Excavators,Large / Medium,EROPS,California
30000.0,17,1991,Track Type Tractors,Medium,EROPS,Texas
17500.0,5,2009,Backhoe Loaders,unknown,EROPS,Virginia
11000.0,12,1991,Track Type Tractors,unknown,OROPS,New Jersey
9250.0,10,1997,Backhoe Loaders,unknown,EROPS,New York
51000.0,9,2005,Track Excavators,Large / Medium,EROPS,Alabama
57500.0,6,1993,Track Type Tractors,Medium,OROPS,Pennsylvania
49500.0,5,2005,Track Excavators,Small,EROPS w AC,Florida
31000.0,5,2010,Backhoe Loaders,unknown,OROPS,Florida
34000.0,31,2004,Wheel Loader,Medium,EROPS,California
21000.0,18,2011,Track Excavators,Large / Medium,EROPS,Alabama
34500.0,6,2007,Track Type Tractors,unknown,OROPS,West Virginia
15000.0,33,2000,Wheel Loader,Medium,EROPS,Tennessee
49000.0,15,2011,Wheel Loader,Medium,EROPS,Ohio
27000.0,5,1989,Track Type Tractors,Large,OROPS,Georgia
8000.0,17,1997,Backhoe Loaders,unknown,OROPS,California
10000.0,11,2002,Backhoe Loaders,unknown,OROPS,Nevada
14500.0,19,1999,Wheel Loader,unknown,EROPS,Texas
15000.0,4,2010,Skid Steer Loaders,unknown,EROPS w AC,Maryland
72500.0,4,2008,Track Excavators,Large / Medium,EROPS w AC,Florida
17500.0,4,2007,Track Excavators,Mini,EROPS,Iowa
13000.0,16,2010,Backhoe Loaders,unknown,OROPS,Florida
9500.0,23,2009,Backhoe Loaders,unknown,EROPS,Nevada
24000.0,8,2005,Track Type Tractors,unknown,OROPS,Mississippi
15500.0,14,2009,Backhoe Loaders,unknown,OROPS,Alabama
23000.0,13,2000,Track Type Tractors,Large,EROPS,Kentucky
55000.0,2,1994,Wheel Loader,unknown,OROPS,North Carolina
16000.0,39,2007,Motor Graders,unknown,EROPS,California
6500.0,10,1998,Skid Steer Loaders,unknown,OROPS,New Mexico
19000.0,20,2008,Track Type Tractors,unknown,EROPS,Mississippi
13000.0,18,2008,Track Excavators,Small,EROPS,West Virginia
77500.0,2,2008,Track Excavators,Small,EROPS w AC,California
23000.0,7,2007,Backhoe Loaders,unknown,OROPS,Nevada
17000.0,2,2010,Skid Steer Loaders,unknown,OROPS,Texas
38000.0,4,2008,Track Type Tractors,unknown,OROPS,Florida
70000.0,13,1997,Wheel Loader,Large,EROPS w AC,Louisiana
10000.0,38,2008,Wheel Loader,unknown,EROPS,Texas
18000.0,36,2007,Track Type Tractors,Large,OROPS,Idaho
20500.0,14,1993,Wheel Loader,unknown,OROPS,New York
13000.0,6,2011,Backhoe Loaders,unknown,OROPS,Texas
36000.0,2,2001,Backhoe Loaders,unknown,OROPS,Florida
35000.0,3,2001,Backhoe Loaders,unknown,EROPS w AC,Alabama
75000.0,13,2008,Wheel Loader,Medium,EROPS w AC,Arizona
10000.0,5,2010,Skid Steer Loaders,unknown,OROPS,Texas
26000.0,4,2008,Backhoe Loaders,unknown,OROPS,Texas
12000.0,13,1999,Backhoe Loaders,unknown,OROPS,Tennessee
11500.0,11,2000,Track Excavators,Large / Medium,EROPS,Illinois
33000.0,16,2006,Wheel Loader,unknown,EROPS,Maryland
27500.0,12,1989,Track Excavators,Large / Medium,EROPS,Florida
48000.0,13,1998,Wheel Loader,Medium,EROPS,Texas
55000.0,4,2007,Track Excavators,Small,EROPS,Washington
17000.0,4,2002,Backhoe Loaders,unknown,OROPS,California
14000.0,21,2007,Track Type Tractors,unknown,OROPS,Maryland
16000.0,14,2007,Track Excavators,Small,EROPS,Florida
9000.0,28,2010,Track Type Tractors,unknown,OROPS,Washington
97500.0,5,2007,Track Type Tractors,Medium,EROPS w AC,Minnesota
11000.0,18,2004,Wheel Loader,Compact,EROPS,Colorado
26000.0,9,2011,Track Type Tractors,unknown,OROPS,Florida
33000.0,12,1998,Wheel Loader,unknown,EROPS,New York
70000.0,8,2006,Wheel Loader,Medium,EROPS w AC,Florida
31000.0,6,2010,Backhoe Loaders,unknown,OROPS,Florida
21500.0,3,1991,Track Type Tractors,unknown,OROPS,Illinois
39500.0,9,2010,Wheel Loader,Medium,EROPS,South Carolina
15000.0,7,2006,Skid Steer Loaders,unknown,OROPS,Illinois
8000.0,8,1995,Backhoe Loaders,unknown,OROPS,California
17500.0,9,2002,Backhoe Loaders,unknown,EROPS w AC,Utah
17500.0,12,2009,Track Excavators,Small,EROPS w AC,Florida
34500.0,5,2000,Backhoe Loaders,unknown,EROPS,New York
18000.0,16,2004,Wheel Loader,Medium,EROPS w AC,Maryland
15000.0,4,2010,Skid Steer Loaders,unknown,EROPS,Illinois
32500.0,10,2009,Track Excavators,Large / Medium,EROPS,Washington
57500.0,5,1998,Track Type Tractors,Medium,OROPS,Florida
18000.0,12,2003,Track Excavators,Small,EROPS w AC,Utah
12000.0,8,2007,Track Excavators,Mini,EROPS,Missouri
36000.0,13,2003,Track Type Tractors,Large,OROPS,California
44000.0,29,2007,Motor Graders,unknown,EROPS,Tennessee
31000.0,5,1989,Motor Graders,unknown,EROPS w AC,Colorado
39000.0,20,2001,Track Type Tractors,Large,OROPS,Texas
18500.0,5,2010,Backhoe Loaders,unknown,OROPS,Florida
13750.0,2,1990,Backhoe Loaders,unknown,OROPS,Texas
15000.0,32,1998,Motor Graders,unknown,OROPS,North Carolina
14500.0,2,1997,Track Excavators,Mini,EROPS,Arkansas
17000.0,8,1995,Backhoe Loaders,unknown,EROPS,Washington
87500.0,2,2009,Track Excavators,Large / Medium,EROPS w AC,Texas
61000.0,5,2003,Track Excavators,Large / Medium,EROPS,Texas
9500.0,8,2008,Skid Steer Loaders,unknown,OROPS,Colorado
48000.0,10,2010,Track Excavators,Large / Medium,EROPS w AC,North Carolina
16500.0,22,1990,Motor Graders,unknown,EROPS,Florida
9000.0,4,1999,Skid Steer Loaders,unknown,OROPS,Texas
14500.0,3,2010,Skid Steer Loaders,unknown,OROPS,California
23000.0,7,2000,Backhoe Loaders,unknown,OROPS,Maryland
35000.0,7,2008,Wheel Loader,unknown,OROPS,Mississippi
27500.0,6,2009,Track Excavators,Small,EROPS,Illinois
8500.0,4,1999,Skid Steer Loaders,unknown,OROPS,Texas
92000.0,5,2010,Track Excavators,Large / Medium,EROPS,South Carolina
62000.0,12,1998,Wheel Loader,Large,EROPS,Texas
20000.0,3,2008,Track Excavators,Mini,EROPS,California
27000.0,7,1996,Track Excavators,Large / Medium,EROPS,Pennsylvania
42500.0,4,2010,Track Excavators,Small,EROPS w AC,North Carolina
22500.0,20,2011,Track Excavators,Large / Medium,EROPS,Illinois
15000.0,9,1995,Backhoe Loaders,unknown,EROPS,Pennsylvania
26000.0,9,1999,Wheel Loader,Medium,EROPS,California
8500.0,19,2002,Backhoe Loaders,unknown,EROPS,Maryland
41500.0,11,2010,Wheel Loader,Medium,EROPS w AC,Pennsylvania
14000.0,38,1998,Motor Graders,unknown,EROPS,New Jersey
40000.0,11,2010,Track Type Tractors,Medium,OROPS,Alabama
17500.0,7,2007,Backhoe Loaders,unknown,EROPS w AC,California
13000.0,13,2000,Backhoe Loaders,unknown,OROPS,Connecticut
13500.0,10,2010,Backhoe Loaders,unknown,OROPS,Unspecified
18000.0,13,2011,Backhoe Loaders,unknown,EROPS w AC,Texas
32500.0,6,2009,Track Excavators,Small,EROPS,Idaho
66000.0,2,2002,Track Excavators,Large / Medium,EROPS w AC,New Jersey
55000.0,5,2007,Track Type Tractors,Large,OROPS,Louisiana
30000.0,9,2004,Track Excavators,Small,EROPS w AC,New Jersey
26000.0,34,2010,Wheel Loader,Medium,EROPS,Maryland
9500.0,7,2007,Skid Steer Loaders,unknown,OROPS,Texas
37500.0,4,2010,Track Type Tractors,unknown,OROPS,Florida
12000.0,13,2010,Skid Steer Loaders,unknown,OROPS,Nebraska
35000.0,3,2004,Backhoe Loaders,unknown,OROPS,Louisiana
47500.0,4,2007,Track Excavators,Small,EROPS w AC,Alabama
29000.0,7,2001,Track Excavators,Small,EROPS w AC,New Jersey
84000.0,3,2007,Wheel Loader,Medium,EROPS w AC,California
8500.0,16,2009,Skid Steer Loaders,unknown,OROPS,Illinois
57000.0,7,2005,Wheel Loader,Medium,EROPS w AC,Texas
23500.0,7,1996,Backhoe Loaders,unknown,EROPS,Ohio
30000.0,4,2008,Track Type Tractors,unknown,OROPS,Texas
25000.0,5,2009,Backhoe Loaders,unknown,OROPS,Alabama
28000.0,10,2008,Track Excavators,Small,EROPS w AC,Florida
24000.0,6,2008,Backhoe Loaders,unknown,EROPS w AC,Missouri
30000.0,10,1998,Wheel Loader,Medium,EROPS,California
38000.0,2,1998,Backhoe Loaders,unknown,OROPS,North Carolina
22000.0,30,2007,Track Excavators,Large / Medium,EROPS,Illinois
14000.0,13,2003,Track Excavators,Mini,EROPS,Connecticut
13000.0,18,2007,Backhoe Loaders,unknown,EROPS,Ohio
23000.0,11,2009,Backhoe Loaders,unknown,OROPS,Florida
14000.0,9,2002,Track Type Tractors,unknown,OROPS,Washington
26500.0,6,1995,Track Excavators,Mini,EROPS w AC,Louisiana
13500.0,17,2004,Track Type Tractors,unknown,OROPS,Florida
27000.0,9,2011,Track Type Tractors,unknown,OROPS,Minnesota
27000.0,6,2009,Track Excavators,Small,EROPS w AC,Texas
55000.0,7,1990,Wheel Loader,Medium,EROPS,Florida
43000.0,8,1997,Wheel Loader,Medium,OROPS,Mississippi
33000.0,18,2008,Wheel Loader,Medium,EROPS w AC,Nevada
46000.0,4,2007,Wheel Loader,unknown,EROPS,Florida
12500.0,12,2007,Track Excavators,Small,EROPS w AC,Texas
22500.0,6,2010,Backhoe Loaders,unknown,OROPS,Florida
21500.0,5,1989,Track Type Tractors,unknown,OROPS,Florida
18500.0,5,1993,Wheel Loader,unknown,OROPS,Florida
57000.0,5,2009,Track Excavators,Large / Medium,EROPS w AC,Texas
27500.0,16,1997,Motor Graders,unknown,EROPS,Florida
76000.0,1,2007,Track Type Tractors,unknown,OROPS,Alabama
21000.0,9,2010,Backhoe Loaders,unknown,OROPS,California
7250.0,13,2000,Skid Steer Loaders,unknown,OROPS,New Jersey
23000.0,7,2007,Backhoe Loaders,unknown,OROPS,California
13100.0,8,1994,Backhoe Loaders,unknown,OROPS,Alabama
24000.0,6,2006,Wheel Loader,Compact,OROPS,California
56000.0,10,1992,Wheel Loader,Medium,EROPS,Minnesota
52000.0,14,2011,Wheel Loader,Medium,EROPS w AC,Colorado
98000.0,4,1990,Track Excavators,Large / Medium,EROPS,Florida
19000.0,17,2007,Track Excavators,Small,EROPS,Illinois
30000.0,2,2005,Backhoe Loaders,unknown,OROPS,Texas
23500.0,9,2008,Track Type Tractors,unknown,OROPS,Connecticut
40000.0,5,1990,Track Excavators,Large / Medium,EROPS,Virginia
23000.0,9,2007,Backhoe Loaders,unknown,OROPS,Nevada
27000.0,9,2010,Backhoe Loaders,unknown,OROPS,North Carolina
13000.0,10,2007,Wheel Loader,unknown,OROPS,Florida
43000.0,18,2011,Motor Graders,unknown,EROPS w AC,California
13500.0,3,2003,Skid Steer Loaders,unknown,OROPS,Colorado
14700.0,14,2009,Track Type Tractors,unknown,OROPS,Tennessee
77000.0,4,2005,Track Excavators,Large / Medium,EROPS w AC,Florida
6500.0,5,2003,Skid Steer Loaders,unknown,OROPS,Florida
19000.0,6,1991,Track Type Tractors,unknown,OROPS,Washington
18000.0,17,2003,Track Excavators,Large / Medium,EROPS,Maryland
49000.0,7,1996,Track Type Tractors,unknown,OROPS,California
8500.0,14,2010,Skid Steer Loaders,unknown,OROPS,Florida
18000.0,3,2000,Skid Steer Loaders,unknown,OROPS,Texas
15500.0,1,2005,Skid Steer Loaders,unknown,OROPS,Texas
9000.0,11,2003,Track Excavators,Small,EROPS,Utah
19000.0,12,2007,Backhoe Loaders,unknown,OROPS,Maryland
26000.0,10,2004,Backhoe Loaders,unknown,OROPS,California
46500.0,7,2004,Track Excavators,Large / Medium,EROPS w AC,Florida
26000.0,16,2011,Wheel Loader,Medium,EROPS,Texas
35000.0,6,2011,Backhoe Loaders,unknown,EROPS w AC,Texas
80000.0,10,1996,Track Excavators,Large / Medium,EROPS,New Jersey
32000.0,21,2010,Wheel Loader,Medium,EROPS,Alaska
23000.0,14,2009,Wheel Loader,unknown,EROPS,Connecticut
49000.0,6,2002,Track Excavators,Large / Medium,EROPS w AC,Alabama
38000.0,7,1993,Track Excavators,Large / Medium,EROPS,Maryland
20500.0,8,2009,Backhoe Loaders,unknown,OROPS,Florida
67000.0,6,2011,Track Excavators,Large / Medium,EROPS w AC,Texas
6500.0,15,2010,Skid Steer Loaders,unknown,OROPS,Florida
26000.0,11,1998,Track Type Tractors,unknown,OROPS,Wisconsin
6000.0,6,1994,Skid Steer Loaders,unknown,OROPS,Florida
31000.0,11,2005,Track Type Tractors,unknown,EROPS w AC,Connecticut
11000.0,3,2009,Skid Steer Loaders,unknown,OROPS,California
61000.0,15,2005,Motor Graders,unknown,OROPS,California
35000.0,5,2001,Track Excavators,Small,EROPS,New Jersey
67000.0,2,1998,Track Excavators,Large / Medium,EROPS w AC,Texas
71000.0,5,1999,Track Type Tractors,Medium,EROPS w AC,Texas
27500.0,30,2009,Motor Graders,unknown,EROPS,North Carolina
31000.0,15,1996,Motor Graders,unknown,OROPS,Nevada
15000.0,23,2000,Wheel Loader,unknown,OROPS,Texas
75000.0,4,1998,Track Excavators,Large / Medium,EROPS w AC,South Carolina
55000.0,2,2001,Track Excavators,Small,EROPS w AC,Nevada
86000.0,9,2003,Track Type Tractors,Large,OROPS,Tennessee
80000.0,4,2009,Track Type Tractors,Medium,OROPS,Washington
37000.0,26,2003,Track Type Tractors,Large,EROPS w AC,Pennsylvania
87500.0,5,2004,Track Excavators,Large / Medium,EROPS,Illinois
15000.0,22,2011,Track Type Tractors,unknown,OROPS,California
20500.0,10,1995,Track Excavators,Large / Medium,EROPS,Connecticut
42500.0,6,2000,Track Excavators,Large / Medium,EROPS w AC,New Jersey
27000.0,16,2004,Track Excavators,Large / Medium,EROPS,California
8500.0,21,2008,Backhoe Loaders,unknown,OROPS,California
6750.0,4,2001,Skid Steer Loaders,unknown,OROPS,Ohio
45000.0,10,2001,Wheel Loader,Medium,OROPS,California
24500.0,8,2011,Backhoe Loaders,unknown,OROPS,Louisiana
8750.0,8,2002,Skid Steer Loaders,unknown,OROPS,Minnesota
32000.0,3,2002,Backhoe Loaders,unknown,OROPS,Texas
33000.0,2,1995,Backhoe Loaders,unknown,OROPS,Georgia
19000.0,14,2003,Track Excavators,Small,EROPS,Mississippi
55000.0,7,2005,Wheel Loader,unknown,OROPS,South Carolina
22000.0,23,2003,Wheel Loader,Medium,EROPS,Florida
62000.0,7,1993,Track Type Tractors,Medium,OROPS,California
71000.0,2,1997,Track Type Tractors,unknown,OROPS,Ohio
23500.0,6,1999,Backhoe Loaders,unknown,OROPS,Louisiana
34000.0,12,1997,Wheel Loader,unknown,OROPS,California
23000.0,17,2011,Track Type Tractors,unknown,OROPS,Washington
11500.0,3,2005,Skid Steer Loaders,unknown,OROPS,Missouri
65000.0,5,2011,Track Type Tractors,Medium,OROPS,Mississippi
13000.0,1,2009,Skid Steer Loaders,unknown,OROPS,Florida
34000.0,23,2003,Motor Graders,unknown,EROPS,Colorado
65000.0,14,2008,Track Excavators,Large / Medium,EROPS,Iowa
20500.0,20,2001,Wheel Loader,unknown,OROPS,Kentucky
12500.0,6,1999,Track Excavators,Mini,EROPS,South Carolina
15000.0,34,2000,Track Type Tractors,unknown,OROPS,Texas
98000.0,2,2000,Track Type Tractors,Large,EROPS w AC,Minnesota
16000.0,2,2004,Skid Steer Loaders,unknown,OROPS,North Carolina
37000.0,5,2004,Track Type Tractors,unknown,OROPS,Florida
32000.0,5,2009,Backhoe Loaders,unknown,OROPS,Indiana
42500.0,4,1998,Track Excavators,Small,EROPS w AC,Louisiana
32500.0,1,1995,Track Excavators,Small,EROPS,Illinois
140000.0,3,1999,Motor Graders,unknown,EROPS w AC,Georgia
90000.0,17,2001,Track Type Tractors,Large,EROPS,California
21000.0,22,1995,Wheel Loader,unknown,EROPS,New Mexico
9250.0,8,2007,Track Excavators,Mini,EROPS w AC,Florida
26000.0,9,2002,Track Excavators,Small,EROPS w AC,New York
25000.0,9,1999,Track Excavators,Small,EROPS,Louisiana
92000.0,2,2008,Track Excavators,Large / Medium,EROPS w AC,Louisiana
33000.0,14,2011,Wheel Loader,unknown,EROPS w AC,Texas
25000.0,8,2002,Backhoe Loaders,unknown,OROPS,California
33000.0,19,2003,Wheel Loader,Medium,EROPS,Alabama
14000.0,6,2010,Skid Steer Loaders,unknown,OROPS,Minnesota
7000.0,5,2004,Skid Steer Loaders,unknown,OROPS,Colorado
11000.0,20,2008,Backhoe Loaders,unknown,EROPS,Connecticut
17500.0,6,1991,Backhoe Loaders,unknown,OROPS,Arizona
49000.0,3,1997,Track Type Tractors,unknown,OROPS,Maine
87500.0,5,1994,Track Excavators,Large / Medium,EROPS,Kentucky
19000.0,2,2006,Skid Steer Loaders,unknown,EROPS,Pennsylvania
12500.0,13,1999,Track Type Tractors,unknown,OROPS,Mississippi
44000.0,23,2000,Track Type Tractors,Large,EROPS,California
72500.0,5,1990,Motor Graders,unknown,EROPS,Colorado
14000.0,15,2004,Backhoe Loaders,unknown,OROPS,Florida
58500.0,9,2003,Wheel Loader,Medium,EROPS w AC,Alabama
19500.0,7,2008,Backhoe Loaders,unknown,EROPS,New York
9500.0,4,2008,Skid Steer Loaders,unknown,OROPS,Arizona
9500.0,11,2010,Wheel Loader,Compact,OROPS,California
8000.0,8,2006,Skid Steer Loaders,unknown,OROPS,California
10000.0,24,2009,Backhoe Loaders,unknown,OROPS,Texas
16500.0,21,2006,Wheel Loader,unknown,EROPS,Idaho
35000.0,5,2004,Track Type Tractors,unknown,OROPS,Florida
11500.0,21,1992,Wheel Loader,unknown,EROPS,Pennsylvania
72500.0,7,1996,Track Type Tractors,Large,EROPS w AC,Texas
12500.0,9,1999,Track Excavators,Mini,EROPS,New York
20000.0,17,2010,Track Type Tractors,Medium,EROPS,Kentucky
23500.0,5,2010,Backhoe Loaders,unknown,OROPS,Florida
87000.0,6,2000,Motor Graders,unknown,EROPS w AC,Arizona
14500.0,10,2011,Track Excavators,Small,EROPS,Alabama
24000.0,8,2006,Backhoe Loaders,unknown,EROPS w AC,California
53000.0,6,2005,Track Type Tractors,Medium,EROPS w AC,Missouri
25000.0,7,2006,Backhoe Loaders,unknown,OROPS,California
30000.0,6,2003,Track Excavators,Large / Medium,EROPS w AC,Pennsylvania
36000.0,20,2004,Wheel Loader,Medium,EROPS,California
9000.0,21,1997,Track Excavators,Large / Medium,EROPS,Louisiana
8000.0,12,1997,Skid Steer Loaders,unknown,OROPS,Maine
24000.0,10,2003,Wheel Loader,unknown,OROPS,Florida
25500.0,15,1995,Track Excavators,Large / Medium,EROPS,New Jersey
33000.0,5,2005,Track Excavators,Small,EROPS,Florida
78000.0,4,1999,Wheel Loader,Medium,EROPS w AC,New York
15000.0,9,1989,Track Type Tractors,Large,OROPS,Texas
105000.0,1,2002,Track Excavators,Large / Medium,EROPS w AC,Florida
51500.0,4,2010,Track Excavators,Large / Medium,EROPS w AC,Ohio
36000.0,6,2002,Track Excavators,Small,EROPS,Georgia
32000.0,12,2008,Track Excavators,Large / Medium,EROPS,California
23000.0,8,2006,Backhoe Loaders,unknown,OROPS,Texas
13500.0,2,2009,Skid Steer Loaders,unknown,OROPS,Georgia
26500.0,7,2008,Backhoe Loaders,unknown,EROPS,Texas
45000.0,17,1997,Motor Graders,unknown,OROPS,Florida
37500.0,28,2005,Motor Graders,unknown,EROPS,Colorado
9000.0,11,2006,Track Excavators,Mini,EROPS,New Jersey
17000.0,18,2011,Backhoe Loaders,unknown,EROPS w AC,Colorado
35500.0,8,2005,Track Excavators,Large / Medium,EROPS w AC,South Carolina
17000.0,12,1992,Track Excavators,Large / Medium,EROPS,California
12500.0,6,2011,Skid Steer Loaders,unknown,OROPS,Texas
45000.0,4,2008,Track Excavators,Small,EROPS,Washington
44000.0,9,2008,Wheel Loader,Medium,EROPS,Texas
70000.0,15,2007,Wheel Loader,Medium,EROPS w AC,Missouri
20000.0,6,1994,Wheel Loader,Medium,OROPS,Tennessee
12000.0,7,2010,Skid Steer Loaders,unknown,OROPS,Maryland
15500.0,8,1991,Backhoe Loaders,unknown,OROPS,Washington
41000.0,6,2008,Track Type Tractors,unknown,EROPS w AC,Maryland
65000.0,7,2011,Track Excavators,Small,EROPS w AC,Alabama
96000.0,5,2011,Track Type Tractors,Medium,EROPS w AC,Texas
16000.0,13,2009,Backhoe Loaders,unknown,OROPS,Washington
24500.0,5,2009,Track Type Tractors,unknown,OROPS,California
27000.0,5,1997,Track Type Tractors,unknown,OROPS,Alabama
10000.0,15,2008,Track Excavators,Mini,EROPS,Ohio
117000.0,2,1996,Motor Graders,unknown,EROPS,Texas
16500.0,16,2003,Backhoe Loaders,unknown,EROPS,Maine
19000.0,9,1990,Track Type Tractors,Medium,OROPS,Connecticut
14500.0,3,2008,Skid Steer Loaders,unknown,OROPS,Arkansas
76000.0,3,1991,Track Excavators,Large / Medium,EROPS,South Carolina
29000.0,34,2007,Track Type Tractors,Large,OROPS,Florida
6000.0,16,2004,Skid Steer Loaders,unknown,OROPS,Florida
16000.0,15,2009,Track Type Tractors,unknown,OROPS,Washington
14500.0,5,2010,Skid Steer Loaders,unknown,OROPS,Georgia
6500.0,6,2000,Skid Steer Loaders,unknown,OROPS,Maryland
41000.0,9,1993,Track Excavators,Large / Medium,EROPS,Texas
26000.0,10,2011,Backhoe Loaders,unknown,EROPS w AC,Arkansas
11000.0,5,2010,Track Excavators,Mini,EROPS,Colorado
36500.0,11,2006,Track Excavators,Large / Medium,EROPS,Alabama
67500.0,6,2011,Track Excavators,Large / Medium,EROPS w AC,Nevada
35000.0,6,2002,Wheel Loader,unknown,EROPS w AC,Texas
22500.0,6,2005,Backhoe Loaders,unknown,OROPS,Georgia
47000.0,25,2009,Motor Graders,unknown,EROPS,Idaho
14500.0,6,2000,Track Excavators,Mini,EROPS,Florida
15000.0,10,1991,Wheel Loader,Large,EROPS,Colorado
8000.0,9,2010,Track Excavators,Mini,EROPS,Utah
24000.0,14,2001,Track Excavators,Large / Medium,EROPS,Colorado
25000.0,8,2008,Track Excavators,Small,EROPS w AC,Texas
17500.0,8,2003,Backhoe Loaders,unknown,OROPS,Tennessee
12500.0,6,2000,Skid Steer Loaders,unknown,OROPS,Florida
22000.0,27,2003,Wheel Loader,Medium,OROPS,Florida
17000.0,11,2008,Track Type Tractors,unknown,OROPS,California
27000.0,22,1995,Track Type Tractors,Large,OROPS,California
14000.0,15,2010,Track Type Tractors,unknown,EROPS,Wisconsin
41000.0,2,2007,Track Type Tractors,unknown,OROPS,Florida
12000.0,9,2004,Track Excavators,Mini,EROPS w AC,California
16500.0,7,2001,Backhoe Loaders,unknown,OROPS,South Carolina
72000.0,4,2011,Track Excavators,Small,EROPS w AC,Texas
58000.0,14,2008,Wheel Loader,Medium,EROPS w AC,Colorado
77500.0,27,2008,Motor Graders,unknown,EROPS w AC,Minnesota
17000.0,12,2008,Backhoe Loaders,unknown,OROPS,North Carolina
49000.0,11,1997,Wheel Loader,Medium,EROPS,Delaware
14500.0,23,2008,Track Excavators,Large / Medium,EROPS,Missouri
14000.0,19,2000,Backhoe Loaders,unknown,OROPS,California
23000.0,9,2010,Wheel Loader,unknown,EROPS w AC,South Carolina
11000.0,23,2010,Track Type Tractors,unknown,unknown,Indiana
25500.0,5,2006,Wheel Loader,Compact,OROPS,Florida
9500.0,17,1995,Track Type Tractors,unknown,OROPS,Delaware
13000.0,6,2008,Skid Steer Loaders,unknown,OROPS,Georgia
47000.0,4,2008,Track Type Tractors,Medium,OROPS,Texas
20000.0,5,2009,Backhoe Loaders,unknown,OROPS,Texas
35000.0,11,1995,Track Excavators,Large / Medium,EROPS,North Carolina
27000.0,14,2004,Wheel Loader,Medium,EROPS,Ohio
18000.0,12,1997,Track Excavators,Small,EROPS,Pennsylvania
9500.0,5,2007,Skid Steer Loaders,unknown,OROPS,Florida
14000.0,15,2010,Track Type Tractors,unknown,OROPS,Mississippi
48000.0,5,2010,Track Excavators,Small,EROPS w AC,Florida
21000.0,5,2010,Backhoe Loaders,unknown,OROPS,Texas
55000.0,24,2003,Track Type Tractors,Large,OROPS,California
16000.0,20,1999,Track Excavators,Small,EROPS,Texas
43000.0,7,2007,Track Excavators,Large / Medium,EROPS w AC,California
30000.0,7,2010,Track Type Tractors,Medium,OROPS,Florida
72000.0,22,2010,Track Type Tractors,Large,EROPS w AC,New Jersey
6250.0,10,2005,Skid Steer Loaders,unknown,OROPS,Missouri
26000.0,5,2004,Backhoe Loaders,unknown,EROPS w AC,New Mexico
30000.0,33,2005,Track Type Tractors,Large,OROPS,Oregon
13000.0,18,2002,Track Type Tractors,Large,EROPS,Ohio
23000.0,12,2001,Wheel Loader,Medium,EROPS,Illinois
40000.0,4,2009,Track Excavators,Large / Medium,EROPS,Mississippi
27000.0,3,1989,Wheel Loader,Compact,OROPS,Georgia
31000.0,25,1999,Motor Graders,unknown,OROPS,Texas
109000.0,4,1999,Track Type Tractors,Medium,OROPS,Florida
22500.0,12,2010,Track Excavators,Small,EROPS,Mississippi
71000.0,11,2010,Wheel Loader,Medium,OROPS,South Dakota
24500.0,16,2001,Wheel Loader,unknown,EROPS w AC,New York
19000.0,10,2011,Track Type Tractors,unknown,EROPS w AC,Tennessee
9500.0,6,2010,Wheel Loader,Compact,OROPS,Georgia
8000.0,0,1994,Skid Steer Loaders,unknown,OROPS,Colorado
90000.0,7,2000,Wheel Loader,Large,EROPS,Montana
65000.0,4,2006,Track Excavators,Large / Medium,EROPS w AC,Tennessee
15500.0,5,2008,Skid Steer Loaders,unknown,OROPS,New Jersey
23500.0,8,2009,Backhoe Loaders,unknown,EROPS,Michigan
51000.0,2,1990,Track Excavators,Small,EROPS,Maryland
28000.0,30,2011,Track Type Tractors,Medium,OROPS,Texas
77500.0,4,2009,Track Type Tractors,Medium,EROPS w AC,Florida
34000.0,5,2009,Backhoe Loaders,unknown,OROPS,Texas
14000.0,9,1998,Backhoe Loaders,unknown,OROPS,Washington
92500.0,2,2007,Track Excavators,Large / Medium,EROPS,Oklahoma
17000.0,15,2006,Track Excavators,Small,EROPS,Florida
55000.0,13,1995,Wheel Loader,Medium,EROPS,Nevada
20000.0,7,2009,Track Type Tractors,unknown,OROPS,Georgia
65000.0,5,1994,Track Excavators,Large / Medium,EROPS,Kansas
9500.0,20,2011,Track Excavators,Large / Medium,EROPS,Texas
46000.0,15,1998,Track Excavators,Large / Medium,EROPS,Idaho
26000.0,3,2009,Track Excavators,Mini,EROPS,Florida
46000.0,2,2007,Track Excavators,Mini,EROPS w AC,Florida
15000.0,4,2004,Skid Steer Loaders,unknown,OROPS,Texas
8500.0,5,2009,Skid Steer Loaders,unknown,OROPS,Georgia
8000.0,11,2010,Track Excavators,Mini,EROPS,Florida
9750.0,3,2007,Skid Steer Loaders,unknown,OROPS,Florida
8000.0,12,1990,Backhoe Loaders,unknown,OROPS,Mississippi
59000.0,6,2008,Track Type Tractors,Medium,EROPS w AC,New York
46000.0,21,1999,Wheel Loader,Large,EROPS w AC,Wisconsin
9750.0,17,1998,Wheel Loader,unknown,EROPS,New Jersey
82500.0,13,2009,Motor Graders,unknown,EROPS w AC,Texas
36000.0,20,2004,Motor Graders,unknown,OROPS,Mississippi
33000.0,3,2006,Backhoe Loaders,unknown,OROPS,Florida
22500.0,37,2008,Wheel Loader,Medium,EROPS,Tennessee
45150.0,11,2008,Track Type Tractors,Medium,OROPS,Tennessee
33500.0,14,2000,Track Type Tractors,unknown,OROPS,Connecticut
87500.0,4,2006,Wheel Loader,Medium,EROPS w AC,Connecticut
27500.0,5,2009,Track Type Tractors,unknown,EROPS w AC,Alabama
105000.0,10,2008,Motor Graders,unknown,EROPS w AC,Missouri
4750.0,10,2001,Skid Steer Loaders,unknown,OROPS,California
25000.0,27,1997,Wheel Loader,Medium,OROPS,New Mexico
45500.0,12,2011,Wheel Loader,Medium,EROPS w AC,North Carolina
77000.0,6,1989,Wheel Loader,Medium,EROPS,Montana
17500.0,3,2009,Track Excavators,Mini,EROPS,California
25500.0,5,1995,Backhoe Loaders,unknown,EROPS,Tennessee
80000.0,4,2008,Track Excavators,Large / Medium,EROPS w AC,Texas
18500.0,15,2006,Track Excavators,Small,EROPS,Florida
19000.0,4,1989,Backhoe Loaders,unknown,OROPS,California
22500.0,5,2009,Backhoe Loaders,unknown,EROPS,Colorado
8000.0,40,2004,Track Type Tractors,unknown,OROPS,Mississippi
8500.0,8,2008,Skid Steer Loaders,unknown,OROPS,Texas
79000.0,3,2002,Track Type Tractors,Medium,OROPS,Florida
27000.0,24,2002,Track Type Tractors,Large,OROPS,Tennessee
87000.0,5,2010,Track Excavators,Large / Medium,EROPS w AC,Florida
15000.0,7,2007,Wheel Loader,Compact,OROPS,Arizona
18000.0,9,1995,Track Type Tractors,unknown,OROPS,Maine
112000.0,5,2005,Track Type Tractors,Medium,OROPS,Mississippi
17000.0,6,2011,Wheel Loader,Compact,OROPS,California
18000.0,23,2010,Wheel Loader,Medium,EROPS w AC,Virginia
32500.0,2,2007,Backhoe Loaders,unknown,OROPS,Washington
38000.0,5,2010,Backhoe Loaders,unknown,EROPS w AC,California
9000.0,20,1993,Track Type Tractors,unknown,OROPS,New Jersey
28000.0,18,2003,Motor Graders,unknown,EROPS,Maine
80000.0,5,2009,Track Type Tractors,Medium,EROPS w AC,Florida
11500.0,7,2008,Track Excavators,Mini,EROPS,Texas
12000.0,21,2010,Wheel Loader,unknown,EROPS,Washington
17500.0,5,2009,Backhoe Loaders,unknown,OROPS,North Carolina
27000.0,10,2000,Track Excavators,Large / Medium,EROPS,California
21000.0,14,2004,Wheel Loader,unknown,EROPS,South Carolina
45000.0,6,2011,Track Excavators,Small,EROPS w AC,Texas
82500.0,12,2009,Track Excavators,Large / Medium,EROPS w AC,Florida
7000.0,11,2008,Skid Steer Loaders,unknown,OROPS,Illinois
64000.0,3,2002,Track Excavators,Small,EROPS,Maryland
17500.0,23,2007,Motor Graders,unknown,EROPS,North Carolina
15000.0,4,1998,Backhoe Loaders,unknown,OROPS,Texas
7250.0,6,2010,Skid Steer Loaders,unknown,OROPS,New York
17000.0,4,2001,Backhoe Loaders,unknown,OROPS,Texas
70000.0,5,2009,Track Type Tractors,Medium,EROPS w AC,Wyoming
23000.0,7,2007,Wheel Loader,Compact,OROPS,Nevada
30000.0,10,2011,Wheel Loader,unknown,OROPS,Texas
33000.0,7,1993,Track Type Tractors,Medium,OROPS,Florida
5000.0,22,2002,Skid Steer Loaders,unknown,OROPS,Minnesota
35000.0,7,2011,Backhoe Loaders,unknown,EROPS w AC,Mississippi
48000.0,5,2004,Track Excavators,Large / Medium,EROPS w AC,Georgia
24500.0,11,2003,Track Type Tractors,unknown,OROPS,New Jersey
57500.0,14,2007,Wheel Loader,Medium,EROPS,Colorado
8000.0,11,2003,Track Excavators,Small,EROPS,Maine
13000.0,8,1997,Track Excavators,Small,EROPS,Nevada
14000.0,7,2001,Track Excavators,Mini,EROPS,Florida
24500.0,4,2008,Backhoe Loaders,unknown,OROPS,Texas
30000.0,7,2010,Track Excavators,Small,EROPS w AC,Illinois
38000.0,14,2009,Track Type Tractors,Medium,OROPS,North Carolina
75000.0,8,2005,Wheel Loader,Medium,EROPS w AC,New Mexico
62500.0,4,1993,Wheel Loader,Medium,EROPS,Washington
51000.0,7,2007,Wheel Loader,unknown,EROPS w AC,New Jersey
13500.0,3,2006,Skid Steer Loaders,unknown,OROPS,Florida
15000.0,23,2007,Track Excavators,Small,EROPS,Texas
10500.0,17,1997,Backhoe Loaders,unknown,OROPS,Washington
60000.0,8,2009,Track Excavators,Large / Medium,EROPS,Mississippi
21000.0,13,2008,Backhoe Loaders,unknown,EROPS w AC,California
11500.0,30,2007,Wheel Loader,Medium,EROPS,New York
9000.0,18,2009,Track Type Tractors,unknown,OROPS,Missouri
38000.0,15,2009,Wheel Loader,Medium,EROPS w AC,Maryland
16000.0,8,2007,Backhoe Loaders,unknown,OROPS,Texas
30500.0,4,2005,Backhoe Loaders,unknown,OROPS,Georgia
8100.0,17,2003,Skid Steer Loaders,unknown,OROPS,Minnesota
7500.0,9,2008,Skid Steer Loaders,unknown,OROPS,Missouri
135000.0,2,1991,Motor Graders,unknown,EROPS,Oregon
15000.0,10,2008,Backhoe Loaders,unknown,OROPS,Texas
35000.0,15,2009,Track Excavators,Large / Medium,EROPS,Florida
13500.0,11,2008,Track Excavators,Mini,EROPS,New Hampshire
33000.0,11,2007,Track Excavators,Large / Medium,EROPS,Alabama
39000.0,4,2006,Backhoe Loaders,unknown,OROPS,Texas
55000.0,5,2003,Wheel Loader,Medium,EROPS w AC,Florida
13500.0,20,2000,Track Type Tractors,unknown,OROPS,South Carolina
17000.0,15,2011,Backhoe Loaders,unknown,EROPS,Illinois
60000.0,3,2010,Track Excavators,Small,EROPS w AC,Florida
37500.0,12,2011,Wheel Loader,unknown,EROPS,Ohio
21000.0,4,1996,Backhoe Loaders,unknown,OROPS,Florida
18000.0,11,2004,Backhoe Loaders,unknown,EROPS,Florida
14000.0,13,2008,Backhoe Loaders,unknown,OROPS,Texas
44000.0,28,2011,Motor Graders,unknown,EROPS w AC,Alabama
50000.0,11,2010,Track Type Tractors,Large,EROPS w AC,Georgia
30000.0,20,2008,Track Excavators,Large / Medium,EROPS,Texas
20500.0,3,2004,Track Excavators,Mini,EROPS,Florida
14000.0,28,2007,Track Excavators,Small,EROPS,Alabama
29000.0,11,2008,Track Excavators,Large / Medium,EROPS w AC,Texas
17000.0,7,1996,Backhoe Loaders,unknown,OROPS,Alabama
14000.0,20,2000,Track Type Tractors,unknown,OROPS,Pennsylvania
82500.0,4,1992,Track Type Tractors,Large,EROPS w AC,North Carolina
24000.0,4,2002,Backhoe Loaders,unknown,EROPS,Unspecified
20000.0,13,2001,Track Excavators,Small,EROPS,Louisiana
86000.0,4,1992,Wheel Loader,Medium,EROPS,Texas
25000.0,5,2010,Wheel Loader,unknown,OROPS,Florida
57500.0,27,2008,Wheel Loader,Medium,EROPS,New Mexico
18000.0,5,1995,Backhoe Loaders,unknown,EROPS,Texas
65000.0,2,1995,Track Type Tractors,unknown,OROPS,Florida
11500.0,7,2008,Skid Steer Loaders,unknown,OROPS,Florida
10000.0,31,1997,Motor Graders,unknown,EROPS,Louisiana
17500.0,7,2002,Backhoe Loaders,unknown,OROPS,Florida
38000.0,4,2009,Track Type Tractors,unknown,OROPS,Arizona
70000.0,4,2008,Wheel Loader,Medium,EROPS w AC,Arizona
17000.0,5,2010,Skid Steer Loaders,unknown,OROPS,Illinois
16000.0,10,2000,Track Excavators,Large / Medium,EROPS w AC,Nevada
50000.0,20,2005,Wheel Loader,Medium,EROPS w AC,Texas
12500.0,7,2010,Track Excavators,Mini,EROPS,Maryland
49000.0,12,2011,Track Type Tractors,Medium,OROPS,Missouri
56000.0,6,2010,Track Excavators,Large / Medium,EROPS w AC,Florida
8750.0,4,2002,Skid Steer Loaders,unknown,OROPS,Texas
20000.0,11,2010,Backhoe Loaders,unknown,OROPS,California
35000.0,5,2008,Backhoe Loaders,unknown,OROPS,Nevada
9000.0,11,1996,Skid Steer Loaders,unknown,OROPS,Colorado
15000.0,22,1995,Motor Graders,unknown,EROPS,Texas
9000.0,20,1997,Wheel Loader,unknown,OROPS,South Carolina
11000.0,3,2004,Skid Steer Loaders,unknown,OROPS,Florida
20000.0,8,2007,Backhoe Loaders,unknown,OROPS,Florida
70000.0,3,2007,Wheel Loader,unknown,EROPS,Ohio
17500.0,15,2009,Track Type Tractors,unknown,OROPS,Washington
27500.0,6,2005,Backhoe Loaders,unknown,EROPS,Michigan
53000.0,13,2002,Wheel Loader,Medium,EROPS w AC,Nevada
27000.0,4,2010,Backhoe Loaders,unknown,OROPS,Texas
103000.0,3,2010,Track Type Tractors,Medium,EROPS w AC,Illinois
105000.0,7,1994,Track Type Tractors,Large,EROPS w AC,Texas
61000.0,6,2008,Wheel Loader,Medium,EROPS,Illinois
51000.0,8,2006,Track Excavators,Large / Medium,EROPS w AC,New Hampshire
55000.0,2,2007,Track Type Tractors,unknown,EROPS,Connecticut
39000.0,7,2000,Wheel Loader,unknown,EROPS w AC,Texas
57000.0,6,2011,Wheel Loader,unknown,EROPS w AC,California
75000.0,12,2003,Track Type Tractors,Large,OROPS,Alabama
48000.0,8,2011,Track Type Tractors,Medium,EROPS w AC,Virginia
28000.0,4,1999,Backhoe Loaders,unknown,OROPS,Mississippi
15000.0,8,2011,Skid Steer Loaders,unknown,EROPS,Illinois
27500.0,3,2006,Wheel Loader,Compact,OROPS,Florida
48000.0,4,2009,Track Excavators,Large / Medium,EROPS w AC,Florida
8500.0,20,1997,Wheel Loader,unknown,OROPS,Florida
9500.0,9,1993,Backhoe Loaders,unknown,OROPS,Arizona
32500.0,11,2007,Wheel Loader,Medium,OROPS,Nebraska
36000.0,21,1998,Motor Graders,unknown,EROPS,Texas
29000.0,18,1995,Wheel Loader,Medium,EROPS,Colorado
9750.0,8,1993,Backhoe Loaders,unknown,OROPS,Mississippi
13000.0,17,2011,Track Excavators,Mini,EROPS,Washington
5500.0,10,1999,Skid Steer Loaders,unknown,OROPS,Washington
69000.0,6,2003,Track Type Tractors,Medium,OROPS,Tennessee
15000.0,24,1995,Track Type Tractors,Medium,OROPS,Pennsylvania
52000.0,10,1999,Motor Graders,unknown,EROPS w AC,Texas
13500.0,4,2010,Skid Steer Loaders,unknown,OROPS,California
11500.0,16,2010,Backhoe Loaders,unknown,OROPS,Washington
12250.0,13,2007,Track Excavators,Small,OROPS,Connecticut
27000.0,6,2008,Backhoe Loaders,unknown,OROPS,Florida
19000.0,5,2006,Backhoe Loaders,unknown,OROPS,Texas
74000.0,3,2008,Track Excavators,Large / Medium,EROPS w AC,Florida
75000.0,7,2007,Wheel Loader,Medium,EROPS w AC,Texas
13000.0,21,2001,Wheel Loader,unknown,EROPS,Texas
25500.0,12,2008,Track Excavators,Large / Medium,EROPS w AC,South Carolina
16500.0,7,1994,Backhoe Loaders,unknown,EROPS,Wisconsin
36000.0,21,1996,Motor Graders,unknown,EROPS,Florida
15000.0,27,1996,Track Type Tractors,Large,OROPS,Texas
31000.0,3,2002,Backhoe Loaders,unknown,OROPS,California
23500.0,5,2004,Backhoe Loaders,unknown,OROPS,Tennessee
61000.0,6,2011,Track Excavators,Large / Medium,EROPS w AC,Florida
35000.0,6,2000,Track Type Tractors,unknown,OROPS,Texas
27000.0,8,2007,Wheel Loader,unknown,EROPS,California
93000.0,10,2010,Motor Graders,unknown,EROPS w AC,Florida
62000.0,6,2007,Wheel Loader,unknown,EROPS w AC,Florida
14500.0,23,2011,Wheel Loader,Large,EROPS,Washington
37500.0,15,2002,Motor Graders,unknown,EROPS,Mississippi
27500.0,7,2011,Backhoe Loaders,unknown,OROPS,Florida
19000.0,1,2009,Track Excavators,Mini,EROPS,Washington
24500.0,5,2011,Backhoe Loaders,unknown,OROPS,Georgia
9500.0,11,1991,Backhoe Loaders,unknown,OROPS,Kentucky
42000.0,20,2010,Track Type Tractors,Medium,EROPS w AC,Maryland
8500.0,6,2004,Track Excavators,Mini,EROPS,Florida
11000.0,7,2011,Skid Steer Loaders,unknown,OROPS,Indiana
27000.0,18,1989,Wheel Loader,Medium,EROPS,Florida
34000.0,8,2007,Track Excavators,Large / Medium,EROPS,Delaware
26500.0,8,2010,Backhoe Loaders,unknown,EROPS w AC,Ohio
7000.0,2,2001,Skid Steer Loaders,unknown,OROPS,Unspecified
27000.0,4,2009,Backhoe Loaders,unknown,OROPS,Texas
59000.0,14,1991,Track Type Tractors,Large,OROPS,Texas
24000.0,2,1991,Backhoe Loaders,unknown,EROPS,Minnesota
34000.0,13,2002,Track Type Tractors,Medium,OROPS,South Carolina
37500.0,7,2009,Wheel Loader,Medium,EROPS w AC,Texas
85000.0,4,2011,Track Type Tractors,Medium,EROPS w AC,Texas
20500.0,8,2002,Backhoe Loaders,unknown,EROPS,Connecticut
28000.0,6,2009,Backhoe Loaders,unknown,EROPS w AC,Florida
39000.0,14,1989,Track Type Tractors,Large,OROPS,Georgia
9500.0,19,2004,Backhoe Loaders,unknown,OROPS,Iowa
22500.0,13,2009,Track Excavators,Small,EROPS,Virginia
70000.0,5,1998,Wheel Loader,Medium,OROPS,Texas
24000.0,7,2007,Track Excavators,Small,EROPS,Florida
18500.0,15,2010,Track Excavators,Large / Medium,EROPS w AC,Louisiana
87000.0,8,2009,Motor Graders,unknown,EROPS w AC,Arizona
24000.0,10,2008,Backhoe Loaders,unknown,OROPS,New Jersey
26000.0,28,2006,Track Type Tractors,Medium,OROPS,Missouri
44000.0,13,1997,Track Excavators,Large / Medium,EROPS,Texas
9500.0,6,2004,Skid Steer Loaders,unknown,OROPS,Missouri
12500.0,21,2004,Track Excavators,Large / Medium,EROPS,Wyoming
9500.0,14,2010,Track Type Tractors,unknown,EROPS,North Carolina
36000.0,3,2009,Backhoe Loaders,unknown,OROPS,California
17000.0,3,2005,Skid Steer Loaders,unknown,OROPS,South Carolina
18500.0,13,2005,Backhoe Loaders,unknown,EROPS,Illinois
19500.0,4,2009,Track Excavators,Mini,EROPS,Idaho
15500.0,17,2011,Track Excavators,Small,EROPS,Washington
15500.0,3,2004,Skid Steer Loaders,unknown,OROPS,Florida
69000.0,2,2008,Wheel Loader,unknown,EROPS w AC,Arizona
10500.0,14,1997,Backhoe Loaders,unknown,OROPS,Mississippi
17000.0,4,2006,Skid Steer Loaders,unknown,EROPS,Connecticut
37500.0,8,1996,Track Excavators,Small,EROPS,Maine
15000.0,3,2005,Wheel Loader,Compact,OROPS,Texas
19500.0,8,2005,Backhoe Loaders,unknown,OROPS,Mississippi
16500.0,8,2001,Backhoe Loaders,unknown,OROPS,Florida
16500.0,12,2009,Backhoe Loaders,unknown,OROPS,Florida
13500.0,3,2009,Track Excavators,Mini,EROPS,Alabama
19000.0,30,2005,Track Type Tractors,Large,EROPS,Florida
105000.0,1,2008,Wheel Loader,Medium,EROPS w AC,Minnesota
9750.0,18,2009,Backhoe Loaders,unknown,OROPS,South Carolina
29500.0,19,1998,Track Type Tractors,Medium,OROPS,Tennessee
27000.0,22,2003,Wheel Loader,Medium,OROPS,Texas
29000.0,18,2008,Track Excavators,Large / Medium,EROPS,Minnesota
22000.0,11,2008,Backhoe Loaders,unknown,EROPS,Tennessee
82500.0,5,2009,Track Excavators,Large / Medium,EROPS,Minnesota
46000.0,12,2011,Wheel Loader,Medium,EROPS w AC,Mississippi
24000.0,5,2000,Backhoe Loaders,unknown,OROPS,Arizona
17500.0,9,2001,Track Excavators,Small,EROPS,Texas
75000.0,3,2004,Track Type Tractors,Medium,OROPS,Mississippi
39500.0,7,2007,Track Excavators,Small,EROPS,Connecticut
14500.0,3,1995,Skid Steer Loaders,unknown,OROPS,South Carolina
22000.0,16,2011,Track Excavators,Large / Medium,EROPS,South Carolina
8500.0,4,2008,Skid Steer Loaders,unknown,OROPS,Maryland
100000.0,6,2011,Motor Graders,unknown,EROPS w AC,Florida
10500.0,20,2003,Track Type Tractors,unknown,OROPS,Ohio
10000.0,3,2009,Skid Steer Loaders,unknown,OROPS,Minnesota
27000.0,8,2002,Track Type Tractors,unknown,OROPS,Mississippi
68000.0,5,2010,Wheel Loader,Medium,EROPS w AC,Florida
7000.0,4,2001,Skid Steer Loaders,unknown,OROPS,Texas
21000.0,9,1991,Wheel Loader,Medium,EROPS,California
6500.0,4,2009,Skid Steer Loaders,unknown,OROPS,Florida
28000.0,17,2004,Track Excavators,Large / Medium,EROPS,Illinois
18500.0,2,2006,Skid Steer Loaders,unknown,OROPS,California
16000.0,23,1989,Motor Graders,unknown,EROPS,Kentucky
30000.0,14,2009,Track Type Tractors,unknown,OROPS,Georgia
82500.0,3,1990,Wheel Loader,Medium,EROPS,Florida
67500.0,3,2009,Wheel Loader,Medium,OROPS,Florida
12500.0,2,2007,Backhoe Loaders,unknown,OROPS,Florida
26000.0,4,1989,Wheel Loader,unknown,EROPS,Maryland
23500.0,5,2000,Backhoe Loaders,unknown,OROPS,Louisiana
14000.0,4,2009,Wheel Loader,Compact,OROPS,California
28500.0,4,2002,Track Type Tractors,unknown,OROPS,Texas
8000.0,5,2009,Skid Steer Loaders,unknown,OROPS,Tennessee
24500.0,14,2011,Wheel Loader,unknown,EROPS w AC,Florida
18500.0,8,2005,Backhoe Loaders,unknown,OROPS,Florida
32000.0,8,1998,Wheel Loader,unknown,OROPS,Florida
7250.0,11,2010,Skid Steer Loaders,unknown,OROPS,Texas
5750.0,14,2004,Skid Steer Loaders,unknown,OROPS,Texas
22000.0,14,2002,Track Excavators,Large / Medium,EROPS,Mississippi
25500.0,6,1993,Wheel Loader,unknown,EROPS,Pennsylvania
50000.0,13,2000,Motor Graders,unknown,EROPS,South Carolina
29000.0,7,2007,Backhoe Loaders,unknown,OROPS,Illinois
13500.0,10,2009,Backhoe Loaders,unknown,OROPS,Texas
15500.0,14,2009,Backhoe Loaders,unknown,OROPS,Texas
14000.0,11,1991,Wheel Loader,unknown,OROPS,Florida
44000.0,18,2007,Wheel Loader,Medium,EROPS,Washington
40000.0,11,1989,Motor Graders,unknown,EROPS,Texas
37000.0,3,2001,Track Excavators,Mini,EROPS w AC,Florida
12500.0,37,2006,Wheel Loader,unknown,EROPS,Connecticut
7250.0,7,1997,Skid Steer Loaders,unknown,OROPS,Illinois
27500.0,20,2006,Wheel Loader,unknown,EROPS w AC,New Jersey
24500.0,4,2008,Backhoe Loaders,unknown,OROPS,California
28000.0,4,2009,Track Type Tractors,unknown,OROPS,Florida
10500.0,4,2009,Skid Steer Loaders,unknown,OROPS,Maryland
21000.0,21,1995,Track Type Tractors,Large,OROPS,Pennsylvania
23000.0,8,2008,Track Excavators,Small,EROPS,Washington
33500.0,4,1998,Track Excavators,Mini,EROPS,Florida
21000.0,12,1996,Wheel Loader,unknown,OROPS,Illinois
107500.0,3,2004,Track Excavators,Large / Medium,EROPS w AC,Florida
72500.0,17,2011,Wheel Loader,Medium,EROPS w AC,Colorado
24000.0,7,2008,Backhoe Loaders,unknown,OROPS,California
19500.0,2,2005,Skid Steer Loaders,unknown,EROPS,Florida
28500.0,6,2003,Track Type Tractors,unknown,OROPS,Ohio
27000.0,11,2008,Track Excavators,Large / Medium,EROPS,Mississippi
15000.0,2,2000,Skid Steer Loaders,unknown,OROPS,Georgia
27500.0,7,2009,Motor Graders,unknown,EROPS,Connecticut
91000.0,4,1994,Track Excavators,Large / Medium,EROPS,Florida
14000.0,4,2009,Skid Steer Loaders,unknown,OROPS,Minnesota
40000.0,7,1996,Track Type Tractors,unknown,OROPS,Florida
37000.0,2,1999,Backhoe Loaders,unknown,OROPS,Georgia
35000.0,24,2003,Motor Graders,unknown,EROPS,Washington
61000.0,3,2009,Track Excavators,Large / Medium,EROPS w AC,California
5500.0,14,2008,Skid Steer Loaders,unknown,OROPS,Texas
15500.0,4,2006,Track Excavators,Mini,EROPS,California
37500.0,11,2011,Wheel Loader,Medium,EROPS w AC,Texas
12000.0,29,2000,Motor Graders,unknown,OROPS,South Carolina
49500.0,17,1997,Track Type Tractors,Large,OROPS,Minnesota
10500.0,8,1993,Backhoe Loaders,unknown,EROPS,New York
30000.0,5,2009,Track Excavators,Small,EROPS w AC,California
7000.0,3,2000,Skid Steer Loaders,unknown,OROPS,Louisiana
63000.0,12,2006,Track Excavators,Large / Medium,EROPS w AC,North Carolina
28500.0,17,2008,Wheel Loader,Medium,EROPS w AC,Florida
29000.0,9,2004,Track Excavators,Small,EROPS w AC,New York
63000.0,3,2008,Track Type Tractors,Medium,OROPS,Florida
15500.0,6,2010,Skid Steer Loaders,unknown,OROPS,South Carolina
50000.0,24,2009,Motor Graders,unknown,EROPS,Washington
80000.0,5,2006,Track Excavators,Large / Medium,EROPS,Washington
22000.0,8,2008,Track Type Tractors,unknown,OROPS,Minnesota
36000.0,13,2005,Wheel Loader,Medium,EROPS w AC,Mississippi
16250.0,14,2006,Backhoe Loaders,unknown,EROPS,Florida
19000.0,8,2000,Backhoe Loaders,unknown,OROPS,Texas
85000.0,12,2011,Motor Graders,unknown,EROPS w AC,Texas
25000.0,18,2007,Track Type Tractors,Large,EROPS w AC,Georgia
25000.0,21,2009,Track Excavators,Large / Medium,EROPS,Illinois
11500.0,6,2005,Track Excavators,Mini,EROPS,Mississippi
57500.0,4,1999,Wheel Loader,Medium,EROPS w AC,California
115000.0,3,2003,Track Type Tractors,Medium,EROPS w AC,Mississippi
43000.0,11,2006,Wheel Loader,unknown,EROPS,New Mexico
25500.0,4,2008,Track Type Tractors,unknown,OROPS,Iowa
71000.0,14,2011,Wheel Loader,Medium,EROPS w AC,Arizona
68500.0,6,2011,Motor Graders,unknown,EROPS w AC,Florida
38500.0,14,2000,Track Type Tractors,Medium,OROPS,Louisiana
36000.0,12,2002,Wheel Loader,Medium,EROPS,Colorado
23750.0,11,2007,Track Type Tractors,unknown,OROPS,Indiana
14000.0,9,2011,Track Excavators,Mini,EROPS w AC,Georgia
57500.0,13,2008,Wheel Loader,Medium,EROPS w AC,Maryland
10000.0,32,2003,Track Type Tractors,Large,OROPS,Wyoming
49000.0,6,2011,Track Excavators,Large / Medium,EROPS w AC,Florida
35000.0,2,2000,Backhoe Loaders,unknown,EROPS,Missouri
23000.0,13,2007,Track Type Tractors,unknown,OROPS,Minnesota
26500.0,18,2000,Track Type Tractors,Medium,OROPS,New Jersey
35000.0,7,2007,Backhoe Loaders,unknown,EROPS w AC,South Carolina
54000.0,14,2011,Track Type Tractors,Medium,EROPS w AC,California
22750.0,4,1999,Backhoe Loaders,unknown,OROPS,Georgia
33000.0,4,2008,Track Type Tractors,unknown,OROPS,Texas
35000.0,11,2008,Wheel Loader,Medium,EROPS w AC,California
8500.0,2,2000,Skid Steer Loaders,unknown,OROPS,Florida
35000.0,10,1997,Track Type Tractors,unknown,OROPS,Florida
19000.0,12,2010,Backhoe Loaders,unknown,EROPS,Florida
31000.0,23,2001,Wheel Loader,Medium,EROPS,Texas
23000.0,10,2003,Track Excavators,Small,EROPS,Florida
29000.0,11,2009,Track Type Tractors,unknown,OROPS,Texas
18000.0,16,2011,Wheel Loader,unknown,EROPS w AC,Minnesota
19500.0,6,2008,Backhoe Loaders,unknown,OROPS,California
73000.0,15,2006,Motor Graders,unknown,EROPS w AC,Arizona
6750.0,8,2011,Skid Steer Loaders,unknown,OROPS,Virginia
19500.0,10,1996,Track Type Tractors,unknown,OROPS,New Jersey
102500.0,3,1997,Wheel Loader,Medium,OROPS,New York
65000.0,4,2011,Track Excavators,Large / Medium,EROPS w AC,Georgia
16000.0,5,2010,Skid Steer Loaders,unknown,OROPS,California
57500.0,3,2008,Wheel Loader,unknown,EROPS w AC,Texas
75000.0,2,1997,Track Excavators,Large / Medium,EROPS,Wisconsin
8500.0,6,2005,Skid Steer Loaders,unknown,OROPS,Florida
15000.0,19,1998,Track Type Tractors,unknown,OROPS,Texas
36000.0,4,1998,Track Excavators,Small,EROPS,Texas
97500.0,11,2008,Wheel Loader,Medium,EROPS w AC,Utah
24000.0,3,1989,Track Type Tractors,unknown,OROPS,Maryland
28500.0,7,2000,Track Excavators,Small,EROPS,California
16000.0,1,2008,Track Excavators,Mini,EROPS,Georgia
17000.0,35,2007,Motor Graders,unknown,EROPS,Oklahoma
80000.0,6,2004,Motor Graders,unknown,EROPS,North Carolina
72500.0,4,2002,Track Excavators,Large / Medium,EROPS,Illinois
13500.0,25,1999,Track Excavators,Large / Medium,EROPS,New York
40000.0,7,2004,Wheel Loader,Medium,EROPS w AC,Ohio
11000.0,19,2010,Backhoe Loaders,unknown,OROPS,Florida
49500.0,3,1999,Track Excavators,Small,EROPS w AC,Ohio
16000.0,13,2004,Track Type Tractors,unknown,OROPS,Tennessee
13000.0,4,2010,Skid Steer Loaders,unknown,OROPS,Florida
15000.0,12,1991,Motor Graders,unknown,EROPS,Oklahoma
10500.0,15,2002,Backhoe Loaders,unknown,EROPS,Oregon
26000.0,22,2004,Wheel Loader,Medium,OROPS,California
29000.0,7,2011,Backhoe Loaders,unknown,EROPS w AC,North Carolina
16750.0,8,1995,Backhoe Loaders,unknown,OROPS,Florida
40000.0,4,2003,Wheel Loader,unknown,EROPS w AC,Washington
23000.0,13,2007,Track Excavators,Large / Medium,EROPS,Maryland
27000.0,9,2004,Track Excavators,Small,EROPS w AC,New York
66000.0,3,2000,Track Excavators,Small,EROPS,Connecticut
23000.0,11,2011,Track Excavators,Large / Medium,EROPS w AC,Maryland
12500.0,5,1994,Skid Steer Loaders,unknown,OROPS,Florida
11500.0,2,2005,Backhoe Loaders,unknown,OROPS,New York
35000.0,3,2009,Backhoe Loaders,unknown,EROPS w AC,New Mexico
23000.0,8,1994,Backhoe Loaders,unknown,EROPS w AC,Texas
22000.0,4,1993,Backhoe Loaders,unknown,OROPS,Mississippi
15500.0,22,2008,Wheel Loader,Medium,EROPS,Texas
86000.0,5,1995,Track Excavators,Large / Medium,EROPS,Washington
33000.0,3,2006,Track Type Tractors,unknown,OROPS,North Carolina
28500.0,15,2008,Wheel Loader,Medium,OROPS,California
19000.0,37,2007,Track Type Tractors,Large,OROPS,Illinois
57500.0,6,2011,Track Type Tractors,unknown,OROPS,Mississippi
50000.0,9,2008,Motor Graders,unknown,EROPS w AC,Missouri
14000.0,15,2010,Backhoe Loaders,unknown,EROPS,New Jersey
30000.0,12,2011,Wheel Loader,Large,OROPS,Minnesota
6900.0,9,1997,Skid Steer Loaders,unknown,OROPS,Illinois
13750.0,7,1998,Backhoe Loaders,unknown,OROPS,North Carolina
10500.0,21,1994,Track Type Tractors,unknown,OROPS,Georgia
11750.0,8,1994,Backhoe Loaders,unknown,OROPS,Mississippi
14000.0,18,2007,Backhoe Loaders,unknown,OROPS,Florida
75000.0,3,2000,Track Excavators,Small,EROPS,Minnesota
15000.0,22,2009,Track Type Tractors,Large,EROPS w AC,Pennsylvania
14500.0,14,2009,Track Excavators,Small,EROPS,Colorado
75000.0,4,2001,Track Type Tractors,Medium,OROPS,Texas
31000.0,9,2003,Wheel Loader,unknown,EROPS,Illinois
30000.0,4,2008,Backhoe Loaders,unknown,OROPS,Unspecified
6500.0,12,2007,Skid Steer Loaders,unknown,OROPS,Illinois
51000.0,15,2001,Wheel Loader,Large,EROPS w AC,California
65000.0,6,2009,Wheel Loader,Medium,OROPS,Florida
15500.0,6,2009,Wheel Loader,Compact,OROPS,California
14000.0,5,1997,Track Excavators,Mini,EROPS,New Jersey
56000.0,14,2000,Motor Graders,unknown,EROPS w AC,Arizona
22500.0,3,2001,Backhoe Loaders,unknown,OROPS,Texas
50500.0,13,2006,Wheel Loader,Medium,EROPS w AC,Louisiana
46000.0,6,2009,Track Excavators,Small,EROPS,Washington
61000.0,1,2009,Track Excavators,Small,EROPS,Florida
21000.0,6,2011,Backhoe Loaders,unknown,OROPS,Florida
16500.0,11,2004,Backhoe Loaders,unknown,OROPS,South Carolina
52000.0,5,2010,Track Excavators,Large / Medium,EROPS w AC,Texas
25000.0,13,2005,Track Excavators,Small,EROPS w AC,North Carolina
8000.0,3,2006,Skid Steer Loaders,unknown,EROPS,Massachusetts
26000.0,7,2009,Track Type Tractors,unknown,OROPS,Arkansas
50000.0,13,2010,Track Excavators,Large / Medium,EROPS w AC,North Carolina
7500.0,3,1999,Skid Steer Loaders,unknown,OROPS,Georgia
27000.0,3,2000,Backhoe Loaders,unknown,OROPS,Georgia
19000.0,6,1995,Track Type Tractors,unknown,OROPS,Florida
10500.0,18,2011,Backhoe Loaders,unknown,OROPS,Texas
8250.0,9,2004,Skid Steer Loaders,unknown,OROPS,Kentucky
12000.0,3,2010,Track Excavators,Mini,EROPS,Florida
92000.0,3,2008,Wheel Loader,Medium,EROPS w AC,Virginia
19500.0,4,2006,Backhoe Loaders,unknown,OROPS,Texas
39500.0,9,1994,Track Excavators,Large / Medium,EROPS,Florida
68500.0,4,2000,Track Excavators,Large / Medium,EROPS w AC,Georgia
27500.0,2,2009,Backhoe Loaders,unknown,OROPS,Texas
15000.0,8,2008,Track Excavators,Small,EROPS,Maryland
37000.0,4,2001,Backhoe Loaders,unknown,EROPS,Florida
39000.0,5,2009,Backhoe Loaders,unknown,OROPS,Florida
12500.0,24,2010,Track Type Tractors,unknown,OROPS,Georgia
17500.0,15,2009,Backhoe Loaders,unknown,EROPS w AC,Nevada
70000.0,5,2004,Wheel Loader,unknown,EROPS w AC,Mississippi
24000.0,2,2009,Track Excavators,Mini,EROPS,North Carolina
18000.0,4,1989,Backhoe Loaders,unknown,OROPS,Pennsylvania
7500.0,4,2000,Skid Steer Loaders,unknown,OROPS,Oregon
58000.0,9,2007,Wheel Loader,unknown,EROPS w AC,Nevada
19000.0,7,2003,Backhoe Loaders,unknown,OROPS,Mississippi
9000.0,9,2009,Skid Steer Loaders,unknown,OROPS,Minnesota
26500.0,6,2004,Backhoe Loaders,unknown,EROPS,Indiana
8500.0,6,2009,Skid Steer Loaders,unknown,EROPS,Wyoming
35000.0,2,2010,Backhoe Loaders,unknown,OROPS,Nevada
77000.0,4,2006,Track Type Tractors,Medium,OROPS,South Dakota
13500.0,30,2010,Motor Graders,unknown,EROPS w AC,Utah
51000.0,25,2001,Wheel Loader,Large,EROPS,Washington
15500.0,12,2008,Track Excavators,Small,EROPS,South Carolina
51000.0,21,1999,Track Type Tractors,Large,OROPS,Texas
77500.0,4,2001,Track Type Tractors,Medium,EROPS w AC,Florida
18500.0,8,2004,Backhoe Loaders,unknown,OROPS,Florida
27000.0,7,2007,Backhoe Loaders,unknown,OROPS,Georgia
44000.0,7,2008,Track Excavators,Large / Medium,EROPS,Florida
34000.0,2,2007,Backhoe Loaders,unknown,OROPS,Georgia
33000.0,4,1993,Motor Graders,unknown,EROPS,Wisconsin
55000.0,2,1998,Track Excavators,Large / Medium,EROPS w AC,Louisiana
27000.0,3,2002,Backhoe Loaders,unknown,EROPS,Missouri
35000.0,3,1998,Track Excavators,Large / Medium,EROPS w AC,Louisiana
11500.0,39,2004,Track Type Tractors,Large,OROPS,Utah
56000.0,7,2010,Track Excavators,Large / Medium,EROPS w AC,Tennessee
28500.0,14,2004,Wheel Loader,unknown,OROPS,Florida
6000.0,13,2011,Skid Steer Loaders,unknown,OROPS,Maryland
55000.0,4,1991,Track Excavators,Large / Medium,EROPS,Texas
75000.0,4,2003,Track Excavators,Small,EROPS w AC,Ohio
16500.0,2,2001,Skid Steer Loaders,unknown,OROPS,Tennessee
16500.0,14,2000,Track Type Tractors,unknown,OROPS,California
35000.0,9,2007,Track Excavators,Large / Medium,EROPS w AC,California
10250.0,4,2005,Track Excavators,Mini,EROPS,Pennsylvania
16000.0,13,2011,Track Type Tractors,unknown,EROPS,North Carolina
28000.0,16,2011,Track Excavators,Small,EROPS,Washington
9500.0,11,2008,Wheel Loader,Compact,OROPS,Texas
100000.0,2,2009,Motor Graders,unknown,EROPS w AC,South Dakota
7000.0,10,2004,Skid Steer Loaders,unknown,OROPS,Texas
67500.0,4,2009,Motor Graders,unknown,EROPS w AC,Florida
16000.0,22,1999,Track Excavators,Small,EROPS,Texas
42500.0,32,2007,Motor Graders,unknown,EROPS,Washington
90000.0,1,2009,Track Excavators,Large / Medium,EROPS w AC,Wisconsin
18250.0,24,2000,Track Type Tractors,Medium,OROPS,New York
6500.0,8,2009,Skid Steer Loaders,unknown,OROPS,California
26000.0,3,1993,Track Type Tractors,unknown,OROPS,New York
16500.0,11,2005,Track Type Tractors,unknown,OROPS,Maryland
65000.0,5,2000,Track Excavators,Large / Medium,EROPS w AC,Oregon
22500.0,13,2009,Track Excavators,Large / Medium,EROPS w AC,Utah
32000.0,4,2008,Track Type Tractors,unknown,OROPS,Florida
10000.0,17,2006,Track Type Tractors,Medium,OROPS,Ohio
12500.0,21,2009,Backhoe Loaders,unknown,OROPS,Florida
29000.0,10,2010,Track Excavators,Large / Medium,EROPS w AC,Florida
35000.0,9,2006,Track Type Tractors,unknown,OROPS,Indiana
99000.0,3,1991,Track Type Tractors,Large,EROPS w AC,Florida
30000.0,4,2010,Backhoe Loaders,unknown,OROPS,Texas
14000.0,14,2008,Backhoe Loaders,unknown,EROPS,Wyoming
14000.0,20,2009,Wheel Loader,unknown,EROPS,Washington
17500.0,9,2010,Backhoe Loaders,unknown,OROPS,Nevada
31000.0,8,2003,Track Type Tractors,unknown,OROPS,Tennessee
51000.0,5,2010,Track Excavators,Small,EROPS w AC,California
47500.0,6,2010,Track Excavators,Large / Medium,EROPS w AC,New Jersey
17500.0,12,2009,Backhoe Loaders,unknown,OROPS,California
16500.0,13,2010,Backhoe Loaders,unknown,OROPS,Washington
68500.0,14,2000,Wheel Loader,Medium,EROPS w AC,Florida
25000.0,5,2009,Backhoe Loaders,unknown,OROPS,Nevada
18000.0,6,2008,Track Excavators,Mini,EROPS,California
47000.0,2,1999,Track Excavators,Small,EROPS w AC,Connecticut
43000.0,25,2000,Motor Graders,unknown,EROPS,Tennessee
27000.0,7,2008,Backhoe Loaders,unknown,EROPS w AC,West Virginia
23000.0,6,2010,Track Type Tractors,unknown,OROPS,Florida
18500.0,28,2009,Wheel Loader,unknown,EROPS,Connecticut
23500.0,9,2010,Backhoe Loaders,unknown,OROPS,Michigan
14500.0,23,1991,Track Type Tractors,Medium,OROPS,Washington
30000.0,19,1999,Track Type Tractors,Large,OROPS,Missouri
17250.0,5,2005,Wheel Loader,unknown,EROPS,South Carolina
92500.0,5,2008,Motor Graders,unknown,EROPS w AC,Missouri
9000.0,5,2010,Skid Steer Loaders,unknown,OROPS,Texas
28000.0,8,2004,Track Type Tractors,unknown,OROPS,Texas
26000.0,5,2003,Track Type Tractors,unknown,OROPS,Texas
63500.0,6,2010,Track Type Tractors,Medium,EROPS w AC,Tennessee
55000.0,5,2006,Track Type Tractors,unknown,OROPS,Mississippi
9250.0,12,2009,Track Excavators,Mini,EROPS,Maryland
17000.0,18,2011,Track Type Tractors,unknown,OROPS,Mississippi
19750.0,12,1999,Backhoe Loaders,unknown,EROPS,Connecticut
7500.0,10,1999,Skid Steer Loaders,unknown,OROPS,Colorado
14500.0,18,2007,Backhoe Loaders,unknown,OROPS,Minnesota
13000.0,19,2006,Backhoe Loaders,unknown,EROPS,Missouri
11500.0,7,2009,Track Excavators,Mini,EROPS,Colorado
13000.0,24,1996,Track Type Tractors,Large,OROPS,Texas
28000.0,6,2008,Backhoe Loaders,unknown,EROPS w AC,Nevada
16000.0,7,2004,Backhoe Loaders,unknown,OROPS,Florida
11000.0,13,2011,Track Excavators,Mini,EROPS,Texas
15500.0,4,2007,Track Excavators,Mini,EROPS,North Carolina
63000.0,20,2010,Motor Graders,unknown,EROPS w AC,Arizona
33000.0,4,2009,Track Type Tractors,unknown,OROPS,Ohio
47500.0,16,2011,Track Type Tractors,Medium,OROPS,South Carolina
15000.0,15,1989,Skid Steer Loaders,unknown,OROPS,Washington
85000.0,10,2006,Motor Graders,unknown,EROPS,Florida
56000.0,4,2009,Track Excavators,Large / Medium,EROPS w AC,Louisiana
7500.0,3,1997,Skid Steer Loaders,unknown,OROPS,Maryland
37500.0,5,2007,Backhoe Loaders,unknown,EROPS,Texas
7500.0,19,1997,Backhoe Loaders,unknown,EROPS,Maine
54000.0,7,2011,Wheel Loader,Medium,EROPS w AC,Texas
17000.0,9,1990,Track Excavators,Small,EROPS,Colorado
14500.0,19,2010,Wheel Loader,unknown,EROPS,Texas
24000.0,12,2010,Wheel Loader,unknown,EROPS,Wisconsin
25500.0,2,2004,Backhoe Loaders,unknown,EROPS,Georgia
26000.0,7,2009,Track Type Tractors,unknown,EROPS w AC,California
55000.0,13,2006,Wheel Loader,Medium,EROPS w AC,Texas
10500.0,12,1991,Track Type Tractors,unknown,OROPS,Minnesota
60000.0,14,2002,Wheel Loader,Medium,EROPS w AC,Florida
17500.0,29,1995,Track Type Tractors,Medium,OROPS,Maine
32500.0,6,2006,Backhoe Loaders,unknown,EROPS,New York
35000.0,8,2006,Track Type Tractors,unknown,OROPS,Tennessee
45000.0,11,2011,Wheel Loader,Medium,EROPS w AC,California
45000.0,7,2007,Track Type Tractors,Medium,OROPS,Alabama
17000.0,23,2010,Motor Graders,unknown,EROPS,Florida
80000.0,7,2006,Track Type Tractors,Medium,EROPS w AC,Maryland
8000.0,10,2009,Wheel Loader,Compact,OROPS,California
9250.0,10,2009,Skid Steer Loaders,unknown,OROPS,Mississippi
11500.0,15,2004,Track Type Tractors,unknown,OROPS,South Carolina
13700.0,29,2001,Wheel Loader,unknown,EROPS,Missouri
27500.0,6,1998,Wheel Loader,Medium,EROPS w AC,California
27500.0,12,2002,Track Type Tractors,Medium,OROPS,Texas
30000.0,24,2002,Motor Graders,unknown,OROPS,California
23000.0,10,2011,Track Type Tractors,unknown,OROPS,Florida
22500.0,8,2005,Backhoe Loaders,unknown,EROPS w AC,Colorado
33000.0,6,1999,Wheel Loader,Compact,EROPS w AC,Texas
34000.0,10,2000,Wheel Loader,unknown,EROPS w AC,Texas
32500.0,6,2011,Backhoe Loaders,unknown,OROPS,Texas
57500.0,6,2004,Wheel Loader,Medium,EROPS w AC,Florida
27000.0,7,1996,Track Type Tractors,unknown,OROPS,North Carolina
15500.0,10,1993,Backhoe Loaders,unknown,EROPS,Pennsylvania
25000.0,6,2003,Backhoe Loaders,unknown,EROPS w AC,Arizona
60000.0,5,2011,Track Type Tractors,Medium,EROPS w AC,Texas
29000.0,30,2005,Motor Graders,unknown,EROPS,Mississippi
37000.0,11,2007,Track Excavators,Large / Medium,EROPS,Wisconsin
45000.0,5,2007,Track Type Tractors,unknown,OROPS,Florida
21000.0,6,1991,Wheel Loader,Compact,EROPS,Kentucky
125000.0,13,2007,Motor Graders,unknown,EROPS w AC,Arizona
34000.0,3,2010,Track Excavators,Mini,EROPS w AC,New Hampshire
14000.0,12,2002,Backhoe Loaders,unknown,EROPS,Nevada
5600.0,14,2009,Skid Steer Loaders,unknown,OROPS,Florida
16000.0,16,1994,Track Type Tractors,unknown,OROPS,Maine
16000.0,7,2007,Skid Steer Loaders,unknown,OROPS,Florida
15000.0,6,2011,Track Excavators,Mini,EROPS,Texas
16000.0,5,2004,Track Excavators,Mini,EROPS,Texas
16000.0,3,2004,Skid Steer Loaders,unknown,OROPS,Texas
39000.0,3,2009,Track Excavators,Small,EROPS w AC,California
6000.0,5,2000,Skid Steer Loaders,unknown,OROPS,Mississippi
29000.0,8,2007,Backhoe Loaders,unknown,EROPS w AC,Maryland
30000.0,15,2011,Track Excavators,Large / Medium,EROPS,Tennessee
30000.0,13,2002,Wheel Loader,unknown,EROPS,Pennsylvania
10000.0,20,1998,Wheel Loader,unknown,OROPS,Mississippi
130000.0,6,2011,Motor Graders,unknown,EROPS w AC,Florida
25500.0,12,2011,Track Type Tractors,Medium,OROPS,Alabama
25000.0,27,2001,Wheel Loader,Medium,EROPS,Washington
19500.0,5,2003,Backhoe Loaders,unknown,OROPS,California
24500.0,4,2000,Backhoe Loaders,unknown,OROPS,Mississippi
16500.0,7,1999,Track Excavators,Mini,EROPS,Florida
23000.0,16,2005,Wheel Loader,Medium,OROPS,Texas
12000.0,29,2001,Track Type Tractors,unknown,OROPS,Texas
15500.0,26,1997,Motor Graders,unknown,EROPS,Minnesota
37000.0,15,2005,Wheel Loader,Medium,EROPS w AC,Nevada
70000.0,22,2010,Track Type Tractors,Large,EROPS w AC,Washington
30000.0,14,2006,Track Type Tractors,Medium,EROPS w AC,Mississippi
18000.0,14,2008,Backhoe Loaders,unknown,OROPS,California
16000.0,5,2010,Skid Steer Loaders,unknown,OROPS,Florida
8750.0,6,2002,Skid Steer Loaders,unknown,OROPS,Florida
15000.0,6,2011,Track Excavators,Mini,EROPS,Oregon
70000.0,1,2008,Track Excavators,Small,EROPS,Illinois
31000.0,6,1992,Track Excavators,Large / Medium,EROPS,Illinois
36000.0,12,2006,Wheel Loader,Medium,EROPS w AC,Florida
13000.0,2,2007,Skid Steer Loaders,unknown,OROPS,North Carolina
28500.0,6,2005,Wheel Loader,Medium,OROPS,Georgia
15000.0,9,2011,Track Excavators,Mini,EROPS w AC,Tennessee
47000.0,3,2003,Track Type Tractors,Medium,OROPS,Texas
35000.0,9,1994,Motor Graders,unknown,OROPS,Texas
19000.0,12,2010,Backhoe Loaders,unknown,EROPS w AC,Colorado
24000.0,9,2000,Track Excavators,Small,EROPS,Mississippi
9500.0,12,1992,Backhoe Loaders,unknown,OROPS,New Jersey
32000.0,6,2008,Track Type Tractors,Medium,EROPS w AC,Maryland
33000.0,9,2010,Backhoe Loaders,unknown,EROPS w AC,Illinois
32000.0,6,1996,Backhoe Loaders,unknown,OROPS,California
39000.0,15,2008,Motor Graders,unknown,EROPS,Florida
13500.0,16,2008,Track Excavators,Small,EROPS,Georgia
26000.0,21,2007,Wheel Loader,Medium,EROPS,Utah
57500.0,17,2006,Wheel Loader,Medium,EROPS w AC,Texas
17000.0,5,2001,Backhoe Loaders,unknown,EROPS,Ohio
73000.0,6,2002,Wheel Loader,Medium,EROPS w AC,Alabama
19000.0,29,2001,Motor Graders,unknown,OROPS,Texas
24500.0,9,2007,Backhoe Loaders,unknown,OROPS,Florida
49500.0,33,2007,Motor Graders,unknown,EROPS,Texas
12500.0,16,1992,Track Type Tractors,Large,OROPS,Alabama
105000.0,6,2010,Track Excavators,Large / Medium,EROPS w AC,Georgia
17500.0,10,2004,Track Type Tractors,unknown,OROPS,Tennessee
22000.0,1,2010,Track Excavators,Mini,EROPS,Pennsylvania
14500.0,22,2004,Motor Graders,unknown,EROPS,Alabama
13000.0,1,2005,Skid Steer Loaders,unknown,OROPS,New Jersey
10000.0,12,1991,Backhoe Loaders,unknown,OROPS,Washington
17000.0,8,1996,Backhoe Loaders,unknown,OROPS,Kentucky
70000.0,3,2011,Wheel Loader,unknown,OROPS,Florida
16500.0,23,1994,Wheel Loader,Medium,EROPS,Illinois
67500.0,21,2006,Track Type Tractors,Medium,OROPS,Washington
16000.0,20,2008,Wheel Loader,unknown,OROPS,Connecticut
20000.0,21,1989,Wheel Loader,Medium,OROPS,Arizona
66000.0,3,1998,Wheel Loader,unknown,EROPS,Florida
32000.0,5,2009,Wheel Loader,unknown,OROPS,Florida
125000.0,4,2006,Motor Graders,unknown,EROPS w AC,Texas
52500.0,7,2011,Track Type Tractors,Medium,OROPS,Minnesota
50000.0,7,2007,Wheel Loader,Compact,EROPS w AC,Texas
20500.0,13,2000,Backhoe Loaders,unknown,EROPS,New York
23000.0,27,2005,Motor Graders,unknown,EROPS,California
35000.0,15,2001,Track Type Tractors,Medium,OROPS,Tennessee
22000.0,5,2000,Backhoe Loaders,unknown,EROPS,Wyoming
55000.0,2,2001,Motor Graders,unknown,OROPS,Illinois
17000.0,31,2003,Motor Graders,unknown,OROPS,North Carolina
12000.0,6,2006,Skid Steer Loaders,unknown,OROPS,Florida
16000.0,14,2011,Track Excavators,Large / Medium,EROPS w AC,Maryland
19500.0,7,1995,Backhoe Loaders,unknown,OROPS,Texas
9000.0,30,2011,Track Type Tractors,Medium,OROPS,Texas
22000.0,13,2005,Backhoe Loaders,unknown,EROPS,Illinois
72500.0,4,2009,Track Excavators,Large / Medium,EROPS,Washington
65000.0,5,2010,Track Type Tractors,Medium,EROPS w AC,Florida
72500.0,18,1998,Track Excavators,Large / Medium,EROPS,New Jersey
53000.0,17,2001,Track Type Tractors,Large,EROPS w AC,Illinois
92000.0,7,1996,Track Type Tractors,Medium,EROPS w AC,Texas
26000.0,25,2005,Track Type Tractors,Medium,OROPS,Ohio
85000.0,9,2011,Track Excavators,Large / Medium,EROPS w AC,Washington
37000.0,4,2006,Backhoe Loaders,unknown,OROPS,Florida
45000.0,6,2000,Track Excavators,Large / Medium,EROPS,Tennessee
14000.0,10,2010,Track Type Tractors,unknown,OROPS,Massachusetts
29500.0,9,1996,Wheel Loader,Medium,OROPS,Florida
5500.0,11,2009,Skid Steer Loaders,unknown,OROPS,North Carolina
29000.0,2,1998,Backhoe Loaders,unknown,OROPS,Florida
30000.0,5,2002,Track Type Tractors,unknown,OROPS,New Jersey
47000.0,9,1990,Track Type Tractors,Large,EROPS,Montana
15000.0,4,1995,Wheel Loader,Compact,EROPS,Ohio
9500.0,11,2011,Skid Steer Loaders,unknown,OROPS,Illinois
32000.0,6,2005,Track Type Tractors,unknown,OROPS,Florida
18250.0,5,1990,Wheel Loader,unknown,OROPS,Mississippi
17500.0,13,2007,Track Excavators,Small,EROPS,Texas
10000.0,23,2011,Track Type Tractors,unknown,OROPS,New Mexico
72000.0,15,1994,Wheel Loader,Large,EROPS,Washington
25000.0,4,2002,Backhoe Loaders,unknown,EROPS w AC,Alabama
30000.0,11,2003,Track Type Tractors,unknown,OROPS,Arkansas
13000.0,4,2010,Skid Steer Loaders,unknown,OROPS,Texas
17500.0,11,2009,Backhoe Loaders,unknown,OROPS,Arizona
14500.0,8,1996,Backhoe Loaders,unknown,OROPS,Nevada
24000.0,11,2008,Track Type Tractors,Medium,OROPS,North Carolina
100000.0,4,2010,Track Excavators,Large / Medium,EROPS w AC,South Carolina
31500.0,6,2008,Wheel Loader,Compact,EROPS,North Carolina
54000.0,17,2009,Track Type Tractors,Large,OROPS,Michigan
14000.0,16,2007,Backhoe Loaders,unknown,EROPS,Illinois
28000.0,8,2011,Track Excavators,Small,EROPS,Ohio
27500.0,16,1994,Wheel Loader,Medium,EROPS,Arizona
16500.0,9,2009,Track Type Tractors,unknown,OROPS,Georgia
97000.0,4,1992,Track Type Tractors,Large,OROPS,Virginia
15500.0,3,2005,Skid Steer Loaders,unknown,OROPS,Florida
57500.0,10,1996,Track Type Tractors,Medium,OROPS,Delaware
32500.0,8,2003,Track Excavators,Large / Medium,EROPS,Mississippi
30000.0,9,2005,Track Excavators,Small,EROPS,South Carolina
12000.0,15,1992,Track Type Tractors,unknown,OROPS,Minnesota
25000.0,10,2000,Track Excavators,Large / Medium,EROPS,Texas
25500.0,7,2007,Backhoe Loaders,unknown,OROPS,Texas
26000.0,5,2011,Backhoe Loaders,unknown,EROPS w AC,California
55000.0,7,2010,Track Excavators,Large / Medium,EROPS w AC,Louisiana
49500.0,3,1994,Track Type Tractors,unknown,OROPS,Pennsylvania
20000.0,31,2006,Wheel Loader,Medium,OROPS,California
95000.0,5,1998,Wheel Loader,Medium,EROPS w AC,Mississippi
6750.0,8,2008,Skid Steer Loaders,unknown,OROPS,Tennessee
12000.0,7,2011,Track Excavators,Mini,EROPS,Florida
42000.0,18,2006,Wheel Loader,Medium,EROPS,Ohio
11500.0,9,2010,Track Excavators,Mini,EROPS,Louisiana
92500.0,15,2011,Motor Graders,unknown,EROPS w AC,Texas
67500.0,5,2001,Wheel Loader,Medium,EROPS w AC,Tennessee
29000.0,4,1994,Backhoe Loaders,unknown,EROPS,Pennsylvania
32500.0,5,1999,Track Type Tractors,unknown,OROPS,Florida
11000.0,5,2009,Skid Steer Loaders,unknown,OROPS,California
61000.0,4,2009,Track Excavators,Small,EROPS w AC,Georgia
34000.0,23,2000,Motor Graders,unknown,EROPS,South Carolina
9000.0,5,2009,Skid Steer Loaders,unknown,OROPS,North Carolina
28000.0,8,1998,Track Type Tractors,unknown,OROPS,California
18000.0,9,2007,Wheel Loader,unknown,OROPS,Florida
19000.0,4,1999,Backhoe Loaders,unknown,EROPS,New Mexico
50000.0,7,2007,Track Type Tractors,Medium,OROPS,Mississippi
15000.0,2,2001,Skid Steer Loaders,unknown,OROPS,Tennessee
44000.0,12,2000,Track Type Tractors,Medium,OROPS,Maryland
29000.0,12,2005,Track Excavators,Large / Medium,EROPS,Maryland
25000.0,35,2009,Wheel Loader,Medium,OROPS,California
56000.0,4,2010,Track Type Tractors,Medium,OROPS,Florida
26000.0,22,2000,Wheel Loader,Medium,EROPS,Texas
39000.0,15,1992,Motor Graders,unknown,EROPS,California
36000.0,14,2011,Wheel Loader,Medium,EROPS w AC,Colorado
35000.0,6,2001,Track Excavators,Small,EROPS w AC,Georgia
34000.0,13,2011,Track Excavators,Small,EROPS w AC,North Carolina
13000.0,21,2000,Wheel Loader,unknown,OROPS,Maine
12500.0,5,2011,Skid Steer Loaders,unknown,OROPS,Connecticut
12500.0,23,1996,Wheel Loader,Medium,EROPS,Iowa
15000.0,3,2009,Skid Steer Loaders,unknown,EROPS w AC,California
66000.0,6,2010,Track Type Tractors,Medium,OROPS,Florida
46000.0,5,1993,Wheel Loader,Medium,EROPS,Pennsylvania
57500.0,4,2009,Track Excavators,Large / Medium,EROPS w AC,Connecticut
19000.0,36,2007,Track Type Tractors,Medium,OROPS,Nebraska
15000.0,3,2001,Skid Steer Loaders,unknown,OROPS,South Carolina
47000.0,11,2004,Wheel Loader,unknown,EROPS w AC,Colorado
40000.0,14,2005,Wheel Loader,Medium,EROPS w AC,California
32500.0,5,2002,Wheel Loader,Medium,EROPS,Pennsylvania
25000.0,11,2011,Track Type Tractors,Medium,OROPS,Louisiana
9500.0,9,2008,Skid Steer Loaders,unknown,OROPS,Maine
9000.0,6,2000,Track Excavators,Mini,EROPS,Texas
52000.0,10,1995,Wheel Loader,Medium,EROPS,North Carolina
45000.0,5,1999,Track Excavators,Small,EROPS,Pennsylvania
9500.0,2,1996,Skid Steer Loaders,unknown,OROPS,Delaware
63500.0,2,2009,Track Excavators,Large / Medium,EROPS w AC,Florida
17500.0,8,2010,Skid Steer Loaders,unknown,OROPS,Arizona
39000.0,16,2011,Track Excavators,Large / Medium,EROPS w AC,Iowa
130000.0,10,1997,Motor Graders,unknown,EROPS w AC,Colorado
18000.0,2,2007,Skid Steer Loaders,unknown,OROPS,Minnesota
16000.0,15,2002,Wheel Loader,unknown,EROPS,South Carolina
5500.0,5,2007,Skid Steer Loaders,unknown,OROPS,California
43000.0,25,1999,Motor Graders,unknown,EROPS,Washington
68000.0,4,2003,Track Type Tractors,Large,OROPS,Unspecified
76000.0,10,2001,Motor Graders,unknown,EROPS,Washington
35000.0,10,2009,Track Excavators,Large / Medium,EROPS w AC,Colorado
23000.0,2,2010,Track Excavators,Mini,EROPS,California
65000.0,3,1999,Track Type Tractors,Medium,OROPS,Georgia
21000.0,11,2007,Track Type Tractors,unknown,OROPS,Missouri
9000.0,20,2005,Track Type Tractors,Medium,OROPS,Texas
22000.0,6,2002,Track Type Tractors,unknown,OROPS,Maine
23000.0,8,2007,Backhoe Loaders,unknown,OROPS,Texas
34000.0,3,2008,Track Type Tractors,unknown,EROPS,North Carolina
23500.0,7,1998,Backhoe Loaders,unknown,EROPS,Indiana
120000.0,3,2008,Motor Graders,unknown,EROPS w AC,California
15000.0,14,2009,Backhoe Loaders,unknown,OROPS,California
65000.0,9,1995,Wheel Loader,Medium,OROPS,South Dakota
10500.0,24,1993,Track Type Tractors,unknown,OROPS,Texas
14000.0,7,2010,Track Excavators,Mini,EROPS,South Carolina
29000.0,3,2008,Track Excavators,Mini,EROPS,Iowa
22000.0,1,2002,Track Excavators,Mini,EROPS,New Jersey
15000.0,31,2010,Track Type Tractors,Medium,OROPS,Washington
14000.0,11,2010,Backhoe Loaders,unknown,OROPS,Texas
13000.0,9,2008,Skid Steer Loaders,unknown,OROPS,Florida
23500.0,5,2004,Backhoe Loaders,unknown,EROPS,Illinois
25000.0,7,2003,Motor Graders,unknown,OROPS,New Hampshire
11000.0,2,2009,Skid Steer Loaders,unknown,OROPS,New Jersey
11000.0,20,2004,Track Type Tractors,unknown,OROPS,Connecticut
14500.0,5,2010,Track Excavators,Mini,EROPS,Washington
10500.0,8,2004,Skid Steer Loaders,unknown,OROPS,Illinois
14000.0,6,2011,Skid Steer Loaders,unknown,OROPS,North Carolina
34000.0,11,2007,Track Type Tractors,Medium,EROPS,Maryland
31000.0,14,1994,Wheel Loader,Medium,EROPS,Indiana
8500.0,23,2008,Backhoe Loaders,unknown,EROPS,Virginia
35000.0,4,2007,Backhoe Loaders,unknown,OROPS,Georgia
46000.0,10,2009,Wheel Loader,Medium,EROPS w AC,Georgia
7750.0,6,2002,Track Excavators,Mini,EROPS,New Hampshire
32500.0,7,2011,Track Type Tractors,unknown,OROPS,Florida
9250.0,19,1997,Backhoe Loaders,unknown,OROPS,Florida
11500.0,13,1992,Wheel Loader,unknown,EROPS,New York
13750.0,16,2003,Track Type Tractors,unknown,unknown,Pennsylvania
15000.0,19,2006,Track Type Tractors,unknown,OROPS,Ohio
30000.0,13,2010,Track Type Tractors,Medium,OROPS,Minnesota
13500.0,33,2001,Wheel Loader,Medium,OROPS,Tennessee
20000.0,8,1995,Wheel Loader,unknown,OROPS,Maine
12000.0,27,1993,Track Type Tractors,Large,OROPS,Georgia
37500.0,5,2008,Backhoe Loaders,unknown,EROPS w AC,Maryland
12000.0,3,2000,Skid Steer Loaders,unknown,EROPS,Missouri
48000.0,11,2004,Wheel Loader,Medium,EROPS,Maine
28000.0,4,2009,Track Excavators,Mini,EROPS w AC,Florida
24000.0,6,2011,Backhoe Loaders,unknown,OROPS,Texas
34000.0,3,2007,Backhoe Loaders,unknown,OROPS,California
9000.0,19,1989,Motor Graders,unknown,EROPS,Montana
10000.0,16,2009,Track Type Tractors,unknown,OROPS,North Carolina
20000.0,24,2001,Wheel Loader,Medium,EROPS,Colorado
9500.0,2,2000,Skid Steer Loaders,unknown,OROPS,Tennessee
20000.0,11,2004,Backhoe Loaders,unknown,EROPS,Illinois
46000.0,12,1992,Track Excavators,Large / Medium,EROPS,Florida
34000.0,21,2006,Wheel Loader,unknown,EROPS w AC,California
24000.0,6,2004,Backhoe Loaders,unknown,OROPS,California
73000.0,5,2010,Wheel Loader,Large,EROPS w AC,California
17500.0,13,2011,Backhoe Loaders,unknown,OROPS,Tennessee
60000.0,5,2011,Track Type Tractors,Medium,EROPS w AC,Georgia
8000.0,26,2007,Track Type Tractors,unknown,OROPS,Mississippi
14000.0,8,2000,Backhoe Loaders,unknown,EROPS,Alabama
25500.0,4,2008,Backhoe Loaders,unknown,OROPS,Florida
11500.0,9,1991,Backhoe Loaders,unknown,OROPS,Delaware
16500.0,10,1996,Backhoe Loaders,unknown,EROPS,New Mexico
13500.0,16,2007,Backhoe Loaders,unknown,OROPS,Washington
13500.0,38,2008,Wheel Loader,unknown,OROPS,California
18500.0,9,2001,Backhoe Loaders,unknown,EROPS,Alabama
7250.0,6,2000,Skid Steer Loaders,unknown,OROPS,Iowa
12000.0,5,2007,Skid Steer Loaders,unknown,OROPS,Georgia
13000.0,24,2011,Motor Graders,unknown,OROPS,Florida
20000.0,7,2000,Track Excavators,Small,EROPS,Colorado
32500.0,4,2002,Wheel Loader,unknown,EROPS w AC,Florida
125000.0,4,1999,Track Type Tractors,Medium,EROPS w AC,Texas
20000.0,6,1994,Backhoe Loaders,unknown,OROPS,Arizona
16500.0,13,2010,Track Excavators,Large / Medium,EROPS w AC,Texas
14000.0,17,1990,Wheel Loader,Medium,EROPS,Tennessee
35000.0,14,1991,Track Type Tractors,Medium,OROPS,Kentucky
26000.0,7,1991,Motor Graders,unknown,EROPS,Arizona
28750.0,7,2002,Track Type Tractors,unknown,OROPS,Missouri
14000.0,10,1997,Backhoe Loaders,unknown,OROPS,Maryland
43500.0,9,2010,Motor Graders,unknown,EROPS,Louisiana
38000.0,8,2011,Wheel Loader,unknown,EROPS w AC,North Carolina
54000.0,2,2008,Track Type Tractors,unknown,OROPS,Washington
17000.0,0,2008,Skid Steer Loaders,unknown,OROPS,Minnesota
17000.0,7,2011,Skid Steer Loaders,unknown,OROPS,Nevada
87000.0,7,1996,Motor Graders,unknown,EROPS,Texas
13000.0,22,2006,Track Type Tractors,unknown,OROPS,Florida
9500.0,5,2004,Skid Steer Loaders,unknown,OROPS,Texas
22500.0,6,2010,Track Type Tractors,unknown,OROPS,Florida
13000.0,1,1996,Skid Steer Loaders,unknown,OROPS,Ohio
34000.0,22,2006,Motor Graders,unknown,EROPS,New Jersey
31000.0,8,2009,Track Excavators,Large / Medium,EROPS,Idaho
22000.0,10,2011,Track Type Tractors,unknown,OROPS,Georgia
15000.0,10,1994,Track Excavators,Small,EROPS,Florida
18500.0,17,2008,Track Excavators,Small,EROPS,California
7250.0,5,2004,Skid Steer Loaders,unknown,OROPS,Texas
74000.0,5,2001,Track Excavators,Large / Medium,EROPS w AC,Texas
95000.0,4,1999,Track Type Tractors,Large,EROPS w AC,Louisiana
27000.0,5,2002,Backhoe Loaders,unknown,EROPS w AC,Texas
11500.0,41,2006,Track Type Tractors,Large,EROPS,Wyoming
39000.0,3,2008,Track Type Tractors,unknown,OROPS,Texas
25000.0,10,1998,Track Excavators,Large / Medium,EROPS,Maine
10000.0,29,2009,Track Type Tractors,unknown,OROPS,Florida
11000.0,8,1993,Backhoe Loaders,unknown,OROPS,California
14500.0,10,1989,Track Type Tractors,unknown,OROPS,Florida
70000.0,10,1995,Track Type Tractors,Large,OROPS,Texas
29000.0,20,2006,Wheel Loader,Medium,OROPS,Alabama
20500.0,10,1999,Track Excavators,Small,EROPS,Arkansas
115000.0,4,2009,Track Type Tractors,Medium,EROPS w AC,Mississippi
19750.0,7,1996,Backhoe Loaders,unknown,OROPS,Virginia
25000.0,9,2008,Backhoe Loaders,unknown,OROPS,Georgia
30000.0,6,2011,Backhoe Loaders,unknown,OROPS,Florida
70000.0,4,2007,Track Excavators,Large / Medium,EROPS w AC,Florida
21000.0,3,2008,Backhoe Loaders,unknown,EROPS,Washington
14000.0,34,2007,Wheel Loader,unknown,OROPS,Arizona
27000.0,4,2002,Backhoe Loaders,unknown,OROPS,Washington
33000.0,9,2008,Track Excavators,Small,EROPS,Colorado
18000.0,6,2006,Track Type Tractors,unknown,OROPS,Idaho
24000.0,10,2007,Backhoe Loaders,unknown,EROPS,Indiana
18500.0,6,2004,Backhoe Loaders,unknown,OROPS,Texas
51000.0,4,2005,Wheel Loader,unknown,OROPS,Florida
38000.0,10,1991,Motor Graders,unknown,EROPS,Nevada
12500.0,6,2004,Skid Steer Loaders,unknown,OROPS,Texas
17500.0,13,2006,Backhoe Loaders,unknown,OROPS,Louisiana
8500.0,4,2000,Skid Steer Loaders,unknown,OROPS,Colorado
16500.0,11,2006,Backhoe Loaders,unknown,OROPS,Georgia
16000.0,13,2009,Wheel Loader,unknown,EROPS,Florida
29000.0,4,2008,Backhoe Loaders,unknown,OROPS,Minnesota
8000.0,5,2003,Skid Steer Loaders,unknown,OROPS,Texas
56000.0,5,2001,Track Type Tractors,Medium,OROPS,Washington
15000.0,16,2004,Track Type Tractors,unknown,OROPS,Oregon
35000.0,11,2008,Wheel Loader,Medium,EROPS w AC,Connecticut
67000.0,6,1989,Motor Graders,unknown,OROPS,Arizona
13500.0,10,2003,Backhoe Loaders,unknown,OROPS,Texas
105000.0,5,2008,Track Excavators,Large / Medium,EROPS w AC,Florida
72500.0,5,2010,Track Excavators,Large / Medium,EROPS w AC,Georgia
19500.0,7,1996,Backhoe Loaders,unknown,OROPS,Virginia
10500.0,12,2009,Backhoe Loaders,unknown,OROPS,California
107000.0,8,2009,Track Type Tractors,Large,EROPS w AC,Kentucky
26000.0,3,2002,Backhoe Loaders,unknown,OROPS,Texas
9500.0,15,2008,Track Type Tractors,Medium,OROPS,Georgia
6500.0,4,2000,Skid Steer Loaders,unknown,OROPS,Montana
26000.0,14,2011,Track Excavators,Large / Medium,EROPS,Washington
93500.0,8,2008,Wheel Loader,Medium,EROPS w AC,New Jersey
90000.0,3,2006,Wheel Loader,Medium,EROPS,Colorado
35000.0,8,2003,Track Type Tractors,Medium,OROPS,Maine
17500.0,9,2000,Track Excavators,Small,EROPS,New Jersey
10000.0,13,1992,Track Type Tractors,unknown,OROPS,Minnesota
6500.0,6,2009,Skid Steer Loaders,unknown,OROPS,Virginia
18000.0,14,2010,Backhoe Loaders,unknown,OROPS,Florida
42500.0,19,2011,Motor Graders,unknown,EROPS,Pennsylvania
8750.0,10,2008,Track Excavators,Mini,EROPS w AC,Idaho
19000.0,29,2005,Track Type Tractors,Medium,OROPS,Mississippi
15000.0,17,2011,Backhoe Loaders,unknown,EROPS w AC,Florida
16000.0,2,2002,Skid Steer Loaders,unknown,OROPS,Florida
23000.0,15,1994,Track Excavators,Small,EROPS,Maryland
22000.0,9,2010,Backhoe Loaders,unknown,OROPS,Texas
20000.0,12,2011,Wheel Loader,unknown,OROPS,Florida
34000.0,21,1994,Track Type Tractors,Large,OROPS,Minnesota
77000.0,8,2006,Track Excavators,Large / Medium,EROPS w AC,Florida
33000.0,6,2009,Backhoe Loaders,unknown,OROPS,Florida
25000.0,4,1998,Backhoe Loaders,unknown,OROPS,South Carolina
42000.0,7,1997,Track Type Tractors,unknown,OROPS,Illinois
70000.0,3,2000,Wheel Loader,unknown,EROPS,Texas
95000.0,16,2008,Motor Graders,unknown,EROPS,Arkansas
15000.0,22,2007,Wheel Loader,unknown,OROPS,Arizona
21000.0,9,1999,Track Excavators,Small,EROPS,Mississippi
15500.0,12,2008,Backhoe Loaders,unknown,EROPS,Delaware
40000.0,14,1997,Wheel Loader,Medium,EROPS,Georgia
122500.0,10,2006,Motor Graders,unknown,EROPS w AC,Arizona
8500.0,5,2008,Skid Steer Loaders,unknown,OROPS,Pennsylvania
15500.0,4,2011,Skid Steer Loaders,unknown,OROPS,Texas
12500.0,4,2006,Skid Steer Loaders,unknown,OROPS,Indiana
19000.0,17,2004,Backhoe Loaders,unknown,OROPS,Hawaii
35000.0,13,2010,Wheel Loader,Medium,EROPS w AC,Arizona
9500.0,7,2011,Skid Steer Loaders,unknown,OROPS,Tennessee
24000.0,11,2006,Backhoe Loaders,unknown,OROPS,Texas
9750.0,8,2003,Skid Steer Loaders,unknown,OROPS,Maine
10000.0,8,1989,Backhoe Loaders,unknown,OROPS,Texas
38000.0,6,2000,Track Excavators,Small,EROPS,Missouri
32500.0,5,2010,Track Excavators,Small,EROPS,Pennsylvania
92000.0,4,2011,Track Excavators,Large / Medium,EROPS w AC,Georgia
29000.0,9,2007,Backhoe Loaders,unknown,EROPS,New York
77000.0,3,2011,Track Type Tractors,unknown,EROPS w AC,Michigan
17000.0,9,2010,Track Excavators,Small,EROPS,New York
53500.0,6,2010,Wheel Loader,Medium,EROPS w AC,Ohio
105000.0,5,2011,Track Excavators,Large / Medium,EROPS w AC,Alabama
14500.0,6,2010,Wheel Loader,Compact,OROPS,Florida
13000.0,5,2004,Skid Steer Loaders,unknown,OROPS,Illinois
15000.0,17,2002,Backhoe Loaders,unknown,OROPS,Alabama
16000.0,9,1997,Backhoe Loaders,unknown,OROPS,South Carolina
24000.0,8,2000,Track Excavators,Small,EROPS w AC,Georgia
47000.0,4,1991,Track Excavators,Small,EROPS w AC,Washington
32500.0,6,2011,Track Type Tractors,unknown,OROPS,California
67000.0,8,2010,Motor Graders,unknown,EROPS w AC,Tennessee
14500.0,11,2009,Backhoe Loaders,unknown,OROPS,California
22500.0,3,2008,Backhoe Loaders,unknown,EROPS,South Carolina
24000.0,13,1994,Track Excavators,Large / Medium,EROPS,Texas
41000.0,5,2011,Track Type Tractors,unknown,OROPS,Texas
70000.0,5,2008,Track Type Tractors,Medium,EROPS w AC,Pennsylvania
7000.0,13,2008,Skid Steer Loaders,unknown,OROPS,Maryland
105000.0,3,2005,Track Excavators,Large / Medium,EROPS w AC,Florida
67500.0,13,2009,Wheel Loader,Medium,EROPS w AC,Texas
19000.0,15,2005,Backhoe Loaders,unknown,EROPS,Illinois
130000.0,3,2008,Motor Graders,unknown,EROPS w AC,Tennessee
26000.0,13,2007,Track Excavators,Large / Medium,EROPS w AC,Washington
23000.0,1,2006,Wheel Loader,Compact,EROPS,Mississippi
27500.0,4,2002,Backhoe Loaders,unknown,EROPS,Colorado
18000.0,8,2007,Track Type Tractors,unknown,OROPS,Texas
32000.0,33,2011,Track Type Tractors,Large,EROPS w AC,Washington
26000.0,8,2009,Wheel Loader,Medium,EROPS w AC,Georgia
47000.0,6,2001,Track Excavators,Large / Medium,EROPS,Georgia
33000.0,6,2009,Track Excavators,Small,EROPS w AC,Florida
10500.0,5,2002,Skid Steer Loaders,unknown,OROPS,California
16000.0,16,2006,Track Type Tractors,unknown,EROPS,North Carolina
20000.0,6,2003,Backhoe Loaders,unknown,OROPS,Nevada
20000.0,37,2010,Track Type Tractors,Large,OROPS,California
38000.0,2,2001,Backhoe Loaders,unknown,EROPS,Illinois
14000.0,4,2002,Backhoe Loaders,unknown,OROPS,Texas
13500.0,4,2007,Skid Steer Loaders,unknown,OROPS,Pennsylvania
56000.0,4,2002,Track Type Tractors,Medium,OROPS,Mississippi
20000.0,11,2001,Motor Graders,unknown,EROPS,Texas
70000.0,13,2000,Track Type Tractors,Large,EROPS w AC,Washington
24000.0,31,2006,Track Type Tractors,Large,OROPS,Minnesota
7000.0,4,1999,Skid Steer Loaders,unknown,OROPS,Texas
12000.0,18,2010,Track Excavators,Mini,EROPS,Connecticut
14250.0,35,1997,Track Type Tractors,Large,OROPS,Kansas
30000.0,4,2000,Track Excavators,Small,EROPS,Alabama
8000.0,33,2011,Motor Graders,unknown,EROPS,South Carolina
27000.0,4,2006,Wheel Loader,Compact,EROPS,Georgia
11000.0,9,2007,Track Excavators,Mini,EROPS,Texas
37000.0,12,1991,Track Type Tractors,Medium,OROPS,Florida
13000.0,21,2000,Track Excavators,Large / Medium,EROPS,Washington
8000.0,4,2006,Skid Steer Loaders,unknown,OROPS,New York
35000.0,11,2009,Track Type Tractors,Medium,OROPS,Virginia
60000.0,10,1991,Track Type Tractors,Large,EROPS,Nevada
9250.0,13,2009,Backhoe Loaders,unknown,OROPS,Florida
20000.0,13,2007,Track Type Tractors,unknown,OROPS,Tennessee
57000.0,10,1992,Wheel Loader,Medium,EROPS w AC,Washington
12500.0,5,2009,Track Excavators,Mini,EROPS,California
7500.0,19,2009,Backhoe Loaders,unknown,EROPS,Massachusetts
65000.0,4,1999,Track Excavators,Large / Medium,EROPS,Louisiana
65000.0,22,2003,Track Type Tractors,Large,EROPS w AC,Texas
36000.0,15,2007,Wheel Loader,Medium,EROPS w AC,Florida
35500.0,9,2005,Wheel Loader,Medium,EROPS,Texas
58000.0,2,2009,Track Excavators,Small,EROPS w AC,Texas
21000.0,36,2010,Track Type Tractors,Large,OROPS,Missouri
43000.0,7,2006,Wheel Loader,Medium,EROPS w AC,Texas
35000.0,4,2002,Backhoe Loaders,unknown,EROPS,New York
28500.0,11,2001,Track Type Tractors,unknown,OROPS,Florida
8900.0,15,2008,Track Excavators,Large / Medium,EROPS,Arkansas
13500.0,16,1996,Wheel Loader,unknown,OROPS,Louisiana
49000.0,11,2011,Track Type Tractors,Medium,OROPS,Florida
17000.0,6,2001,Track Excavators,Small,EROPS w AC,Washington
11000.0,11,2011,Skid Steer Loaders,unknown,OROPS,Minnesota
46000.0,10,2011,Track Type Tractors,Medium,EROPS w AC,Illinois
28500.0,8,2002,Track Excavators,Small,EROPS w AC,New Jersey
55000.0,8,2000,Motor Graders,unknown,EROPS w AC,North Dakota
40500.0,5,2001,Track Excavators,Small,EROPS w AC,Florida
45000.0,7,2010,Wheel Loader,unknown,EROPS w AC,Kansas
11000.0,5,2007,Skid Steer Loaders,unknown,OROPS,Ohio
25000.0,12,2008,Track Excavators,Large / Medium,EROPS,Texas
30000.0,5,2009,Backhoe Loaders,unknown,EROPS w AC,Colorado
15500.0,8,1993,Track Type Tractors,unknown,OROPS,Pennsylvania
10500.0,23,2010,Backhoe Loaders,unknown,EROPS,Maryland
45000.0,8,2009,Wheel Loader,Medium,EROPS w AC,Alabama
23000.0,5,2000,Backhoe Loaders,unknown,OROPS,Texas
42000.0,3,2008,Track Type Tractors,unknown,EROPS w AC,Illinois
6000.0,8,1999,Skid Steer Loaders,unknown,OROPS,Washington
11750.0,28,1993,Motor Graders,unknown,OROPS,Georgia
30000.0,26,2010,Wheel Loader,Medium,EROPS w AC,Arkansas
39000.0,4,2002,Track Excavators,Small,EROPS,Florida
21000.0,17,1994,Wheel Loader,unknown,OROPS,California
29000.0,3,1997,Backhoe Loaders,unknown,EROPS,Pennsylvania
11500.0,4,2009,Skid Steer Loaders,unknown,OROPS,Ohio
10500.0,4,2007,Skid Steer Loaders,unknown,OROPS,Georgia
31000.0,8,2006,Wheel Loader,unknown,EROPS w AC,Ohio
22000.0,3,1991,Track Type Tractors,unknown,OROPS,Kentucky
72000.0,3,1989,Track Excavators,Small,EROPS,Florida
20000.0,14,2011,Track Type Tractors,unknown,OROPS,North Carolina
24000.0,3,2011,Wheel Loader,Compact,EROPS w AC,New Mexico
9700.0,14,1990,Wheel Loader,unknown,OROPS,Florida
87500.0,11,2004,Track Type Tractors,Large,OROPS,Maryland
57500.0,2,2004,Track Type Tractors,unknown,OROPS,Alabama
7750.0,7,2007,Skid Steer Loaders,unknown,EROPS,New York
9500.0,32,1995,Motor Graders,unknown,OROPS,Missouri
28000.0,4,2008,Backhoe Loaders,unknown,OROPS,Nevada
21500.0,6,2011,Backhoe Loaders,unknown,OROPS,North Carolina
27000.0,28,2004,Motor Graders,unknown,OROPS,Texas
26000.0,4,2010,Track Type Tractors,unknown,OROPS,Florida
15000.0,33,2001,Track Type Tractors,Medium,OROPS,South Carolina
47000.0,18,2007,Wheel Loader,Medium,EROPS,Wisconsin
15500.0,22,2006,Track Type Tractors,unknown,OROPS,New Hampshire
95000.0,8,2001,Track Excavators,Large / Medium,EROPS,Nevada
13000.0,2,2004,Skid Steer Loaders,unknown,OROPS,Texas
26000.0,3,1989,Backhoe Loaders,unknown,OROPS,Oregon
27000.0,8,2011,Backhoe Loaders,unknown,OROPS,Texas
19500.0,10,2009,Backhoe Loaders,unknown,OROPS,California
45000.0,22,2010,Motor Graders,unknown,EROPS,Georgia
14000.0,5,2009,Wheel Loader,Compact,OROPS,California
37500.0,5,2007,Backhoe Loaders,unknown,EROPS w AC,Texas
11000.0,6,2011,Skid Steer Loaders,unknown,OROPS,Louisiana
36500.0,7,2000,Track Excavators,Small,EROPS,Alabama
21000.0,9,2009,Track Excavators,Large / Medium,EROPS w AC,North Carolina
52500.0,20,2006,Motor Graders,unknown,EROPS,Colorado
17500.0,9,2008,Track Excavators,Small,EROPS w AC,Nevada
32500.0,15,2011,Track Excavators,Large / Medium,EROPS w AC,California
11000.0,4,2008,Track Excavators,Mini,EROPS,Florida
24000.0,19,2009,Wheel Loader,unknown,EROPS,Nevada
28000.0,10,2007,Wheel Loader,unknown,EROPS w AC,Florida
24000.0,6,2010,Backhoe Loaders,unknown,OROPS,Arizona
37000.0,10,2008,Wheel Loader,unknown,OROPS,Florida
17000.0,3,2002,Skid Steer Loaders,unknown,OROPS,Colorado
14000.0,7,2005,Track Excavators,Mini,EROPS,Tennessee
7500.0,16,2011,Skid Steer Loaders,unknown,OROPS,Maine
56000.0,6,2008,Wheel Loader,unknown,EROPS w AC,Georgia
18500.0,17,2003,Wheel Loader,unknown,OROPS,Florida
56000.0,7,2001,Track Excavators,Large / Medium,EROPS,Alabama
13000.0,8,2007,Track Excavators,Mini,EROPS,Idaho
8000.0,7,2008,Skid Steer Loaders,unknown,OROPS,Florida
94500.0,3,2007,Track Excavators,Large / Medium,EROPS w AC,Alabama
8000.0,6,2009,Skid Steer Loaders,unknown,OROPS,Nevada
8750.0,3,2001,Skid Steer Loaders,unknown,OROPS,Tennessee
25000.0,18,2004,Motor Graders,unknown,EROPS,Texas
8500.0,7,2007,Skid Steer Loaders,unknown,OROPS,Florida
20000.0,6,2001,Backhoe Loaders,unknown,OROPS,South Carolina
16000.0,4,2010,Backhoe Loaders,unknown,OROPS,Arizona
40000.0,17,2009,Wheel Loader,Medium,EROPS,Idaho
32500.0,18,2007,Track Type Tractors,Large,EROPS w AC,California
12000.0,4,2001,Backhoe Loaders,unknown,OROPS,California
24500.0,17,2008,Track Type Tractors,Medium,OROPS,Mississippi
30000.0,8,2009,Backhoe Loaders,unknown,EROPS w AC,Colorado
10000.0,6,2009,Track Excavators,Mini,EROPS,California
8500.0,5,2009,Skid Steer Loaders,unknown,OROPS,Tennessee
21000.0,6,1997,Backhoe Loaders,unknown,OROPS,Florida
50000.0,8,2009,Wheel Loader,Medium,EROPS w AC,Washington
23000.0,12,2011,Track Type Tractors,unknown,OROPS,Florida
67500.0,3,2008,Wheel Loader,unknown,EROPS w AC,Florida
13500.0,15,2009,Track Type Tractors,unknown,OROPS,North Carolina
35000.0,2,2008,Track Type Tractors,unknown,OROPS,Ohio
36000.0,19,2007,Wheel Loader,Medium,EROPS,Florida
31000.0,3,1998,Track Type Tractors,unknown,OROPS,Texas
125000.0,24,2005,Track Type Tractors,Large,EROPS,Washington
9500.0,5,2002,Skid Steer Loaders,unknown,OROPS,Missouri
13000.0,18,2009,Backhoe Loaders,unknown,EROPS,Texas
18000.0,12,2004,Track Type Tractors,unknown,OROPS,Texas
36000.0,4,2009,Track Excavators,Large / Medium,EROPS,Washington
5500.0,5,2009,Skid Steer Loaders,unknown,OROPS,Texas
19000.0,11,1997,Backhoe Loaders,unknown,EROPS,California
28500.0,4,2008,Track Excavators,Small,EROPS,New York
37500.0,4,2009,Track Excavators,Small,EROPS w AC,Georgia
70000.0,6,2004,Track Excavators,Large / Medium,EROPS w AC,Mississippi
25000.0,3,2005,Track Excavators,Mini,EROPS,New Jersey
9000.0,6,2005,Skid Steer Loaders,unknown,OROPS,Florida
16000.0,29,1995,Motor Graders,unknown,OROPS,Florida
22000.0,15,1998,Motor Graders,unknown,EROPS w AC,Wisconsin
23000.0,2,2009,Track Excavators,Mini,EROPS w AC,Arizona
37500.0,9,2010,Wheel Loader,Medium,EROPS w AC,Minnesota
11250.0,22,1997,Track Type Tractors,unknown,OROPS,Minnesota
59000.0,2,2006,Track Type Tractors,unknown,OROPS,Louisiana
23500.0,10,2008,Backhoe Loaders,unknown,EROPS,Connecticut
18750.0,10,1998,Backhoe Loaders,unknown,EROPS,Virginia
12000.0,15,2008,Track Type Tractors,unknown,OROPS,Ohio
18000.0,8,2005,Track Excavators,Small,EROPS,Maine
9750.0,25,2008,Backhoe Loaders,unknown,OROPS,California
122500.0,9,2008,Motor Graders,unknown,EROPS w AC,Texas
80000.0,19,2006,Track Type Tractors,Large,OROPS,Florida
19500.0,17,2006,Track Type Tractors,unknown,OROPS,Tennessee
13000.0,3,2007,Skid Steer Loaders,unknown,OROPS,Texas
107500.0,3,2007,Track Excavators,Large / Medium,EROPS,Ohio
12500.0,11,2005,Backhoe Loaders,unknown,OROPS,Ohio
14000.0,14,2001,Backhoe Loaders,unknown,OROPS,Georgia
21000.0,10,2008,Backhoe Loaders,unknown,EROPS,Colorado
65000.0,3,2005,Wheel Loader,unknown,OROPS,Florida
41000.0,1,2001,Track Excavators,Mini,EROPS w AC,Maryland
9000.0,26,2007,Wheel Loader,unknown,OROPS,Alabama
41000.0,8,2011,Wheel Loader,Medium,EROPS w AC,Alabama
37500.0,7,2011,Track Excavators,Large / Medium,EROPS w AC,Florida
39500.0,8,2005,Track Excavators,Small,EROPS w AC,Florida
20000.0,13,1999,Track Type Tractors,unknown,OROPS,Florida
25000.0,21,1993,Track Type Tractors,Large,OROPS,Washington
22000.0,24,2003,Motor Graders,unknown,EROPS,Florida
32000.0,4,2011,Track Type Tractors,unknown,EROPS w AC,Arkansas
24000.0,12,2006,Track Excavators,Small,EROPS,Illinois
47000.0,8,1997,Track Excavators,Large / Medium,EROPS,Maine
22000.0,5,2009,Backhoe Loaders,unknown,OROPS,Alabama
12500.0,0,2002,Skid Steer Loaders,unknown,OROPS,Washington
122500.0,7,1999,Track Type Tractors,Large,OROPS,Louisiana
11600.0,20,1995,Wheel Loader,unknown,EROPS,South Carolina
35000.0,6,2011,Track Type Tractors,unknown,OROPS,California
22500.0,5,2011,Backhoe Loaders,unknown,OROPS,Georgia
102500.0,5,2006,Track Type Tractors,Medium,EROPS w AC,Texas
48000.0,15,1994,Motor Graders,unknown,EROPS,Pennsylvania
16000.0,21,1996,Track Type Tractors,Large,OROPS,Washington
31000.0,6,2011,Backhoe Loaders,unknown,EROPS w AC,New Mexico
100000.0,6,1996,Wheel Loader,Medium,EROPS,New Jersey
9000.0,11,1989,Track Type Tractors,unknown,OROPS,Washington
16000.0,3,2007,Skid Steer Loaders,unknown,OROPS,California
27500.0,13,1996,Wheel Loader,Large,EROPS,Illinois
19000.0,6,2000,Track Excavators,Mini,EROPS,South Carolina
50000.0,7,2008,Track Excavators,Large / Medium,EROPS w AC,Texas
46000.0,7,2011,Track Excavators,Large / Medium,EROPS w AC,Florida
19000.0,11,2010,Backhoe Loaders,unknown,OROPS,California
62000.0,4,2009,Track Excavators,Large / Medium,EROPS w AC,Tennessee
43000.0,11,2008,Track Excavators,Large / Medium,EROPS,New York
29000.0,4,2009,Track Type Tractors,unknown,OROPS,Florida
11500.0,24,2003,Track Type Tractors,unknown,OROPS,Washington
19500.0,9,2008,Track Excavators,Mini,EROPS,Alabama
61000.0,9,2011,Track Excavators,Large / Medium,EROPS w AC,Texas
12000.0,19,2011,Wheel Loader,unknown,EROPS,Alabama
10500.0,7,2011,Skid Steer Loaders,unknown,OROPS,Tennessee
14500.0,1,2004,Skid Steer Loaders,unknown,OROPS,Maryland
17000.0,12,2004,Backhoe Loaders,unknown,EROPS,Illinois
15500.0,12,2009,Wheel Loader,Compact,OROPS,California
82500.0,5,2009,Track Excavators,Large / Medium,EROPS w AC,Georgia
13500.0,17,2010,Track Excavators,Small,EROPS,Louisiana
35000.0,8,1995,Wheel Loader,Medium,EROPS,Florida
11500.0,5,2005,Skid Steer Loaders,unknown,OROPS,Florida
41000.0,7,2000,Track Excavators,Large / Medium,EROPS w AC,Mississippi
6500.0,8,2004,Skid Steer Loaders,unknown,OROPS,Arkansas
28000.0,7,2008,Backhoe Loaders,unknown,OROPS,California
17000.0,13,2007,Track Excavators,Large / Medium,EROPS w AC,Alabama
17500.0,6,2011,Skid Steer Loaders,unknown,OROPS,Washington
24000.0,12,2009,Track Excavators,Large / Medium,EROPS w AC,Colorado
52000.0,14,1994,Motor Graders,unknown,EROPS,Maryland
13500.0,7,2011,Skid Steer Loaders,unknown,EROPS w AC,Idaho
40000.0,16,2008,Motor Graders,unknown,EROPS,Colorado
40000.0,3,1998,Track Excavators,Large / Medium,EROPS w AC,Louisiana
9000.0,12,2007,Skid Steer Loaders,unknown,OROPS,Texas
16500.0,8,1995,Track Type Tractors,unknown,OROPS,Indiana
95000.0,3,2009,Track Excavators,Large / Medium,EROPS w AC,Texas
26000.0,6,2004,Track Type Tractors,unknown,OROPS,Texas
12500.0,31,2008,Track Type Tractors,Large,OROPS,California
20500.0,14,2008,Track Type Tractors,unknown,OROPS,Washington
23000.0,6,2005,Backhoe Loaders,unknown,OROPS,Florida
75000.0,11,1989,Track Excavators,Large / Medium,EROPS,Maryland
55000.0,5,2010,Track Excavators,Small,EROPS w AC,Maryland
17000.0,14,2003,Track Excavators,Small,EROPS w AC,Florida
8000.0,4,1999,Skid Steer Loaders,unknown,OROPS,Maryland
10250.0,28,1996,Wheel Loader,Medium,OROPS,Indiana
30000.0,3,2003,Track Excavators,Mini,EROPS,Kentucky
8000.0,6,1997,Track Excavators,Mini,EROPS,Washington
30000.0,5,2007,Backhoe Loaders,unknown,OROPS,Florida
76000.0,3,1999,Wheel Loader,Medium,EROPS w AC,Ohio
28000.0,10,1995,Wheel Loader,unknown,OROPS,Florida
7500.0,14,2001,Skid Steer Loaders,unknown,OROPS,Florida
46000.0,16,1996,Motor Graders,unknown,EROPS,Texas
57500.0,4,2006,Track Type Tractors,unknown,EROPS,California
32000.0,5,2009,Wheel Loader,unknown,OROPS,Florida
27500.0,11,2008,Track Excavators,Large / Medium,EROPS,Washington
8900.0,8,2005,Skid Steer Loaders,unknown,OROPS,Minnesota
40000.0,2,1999,Backhoe Loaders,unknown,EROPS,Maryland
62500.0,7,2004,Track Excavators,Large / Medium,EROPS,Illinois
35000.0,4,2008,Track Excavators,Small,EROPS,Florida
23500.0,7,2010,Backhoe Loaders,unknown,OROPS,Arkansas
102500.0,15,2008,Wheel Loader,Large,EROPS w AC,Arizona
14000.0,18,2011,Backhoe Loaders,unknown,EROPS,Utah
44000.0,8,2003,Track Excavators,Small,EROPS w AC,Alabama
37000.0,16,1990,Motor Graders,unknown,EROPS,Washington
10000.0,9,2008,Wheel Loader,Compact,OROPS,Florida
8000.0,32,1997,Wheel Loader,Large,OROPS,California
79000.0,4,2008,Track Type Tractors,Medium,OROPS,Ohio
26000.0,7,2008,Backhoe Loaders,unknown,OROPS,Maryland
16000.0,5,2009,Wheel Loader,Compact,OROPS,Arizona
13500.0,2,2001,Track Excavators,Mini,EROPS,New York
20000.0,18,1998,Track Type Tractors,Large,EROPS,Arizona
30000.0,4,2007,Backhoe Loaders,unknown,OROPS,Florida
63500.0,4,1997,Wheel Loader,unknown,OROPS,Florida
37500.0,9,2007,Wheel Loader,Medium,EROPS w AC,Colorado
16500.0,29,1995,Wheel Loader,Medium,OROPS,Maine
25000.0,4,2009,Backhoe Loaders,unknown,OROPS,Texas
34000.0,13,2001,Wheel Loader,Medium,EROPS,Mississippi
57000.0,10,2008,Track Excavators,Large / Medium,EROPS,California
75000.0,5,1992,Wheel Loader,Medium,OROPS,California
16000.0,6,2011,Track Excavators,Mini,EROPS,Florida
20000.0,10,2002,Track Type Tractors,unknown,OROPS,Texas
21000.0,7,2007,Backhoe Loaders,unknown,OROPS,Nevada
26000.0,14,2011,Track Type Tractors,Medium,OROPS,Ohio
7000.0,7,2005,Skid Steer Loaders,unknown,OROPS,Ohio
77500.0,3,2009,Track Excavators,Large / Medium,EROPS w AC,Texas
12000.0,5,2010,Track Excavators,Mini,EROPS,Ohio
10000.0,3,1998,Skid Steer Loaders,unknown,OROPS,Kentucky
38000.0,9,2010,Track Type Tractors,Medium,OROPS,Oklahoma
20000.0,11,2009,Track Excavators,Large / Medium,EROPS w AC,North Carolina
64000.0,12,2007,Track Excavators,Large / Medium,EROPS,Ohio
45000.0,7,2001,Wheel Loader,unknown,EROPS w AC,Ohio
12800.0,11,2008,Backhoe Loaders,unknown,OROPS,Pennsylvania
17500.0,6,1990,Backhoe Loaders,unknown,OROPS,Georgia
48000.0,11,2011,Track Excavators,Large / Medium,EROPS w AC,Texas
6500.0,7,2001,Skid Steer Loaders,unknown,OROPS,California
18750.0,18,2004,Track Excavators,Large / Medium,EROPS,Connecticut
35000.0,3,2000,Track Type Tractors,unknown,OROPS,Texas
11000.0,18,2010,Track Excavators,Mini,EROPS,New Jersey
75000.0,5,1989,Wheel Loader,Medium,OROPS,Arizona
55000.0,6,2004,Track Type Tractors,Medium,OROPS,Florida
27000.0,7,2009,Track Excavators,Large / Medium,EROPS w AC,Idaho
16500.0,20,2003,Track Type Tractors,unknown,OROPS,Tennessee
60000.0,21,1996,Wheel Loader,Medium,EROPS,Alaska
11500.0,20,2004,Backhoe Loaders,unknown,OROPS,Texas
15500.0,2,2005,Skid Steer Loaders,unknown,OROPS,New Mexico
25000.0,8,2004,Track Excavators,Large / Medium,EROPS,Texas
18000.0,4,1989,Wheel Loader,unknown,EROPS,New Hampshire
15500.0,8,2002,Backhoe Loaders,unknown,OROPS,Texas
17000.0,10,1997,Track Type Tractors,unknown,OROPS,New Jersey
17750.0,3,2006,Skid Steer Loaders,unknown,OROPS,Florida
81000.0,8,1994,Motor Graders,unknown,EROPS w AC,Texas
49000.0,5,2007,Track Excavators,Small,EROPS,Illinois
11500.0,19,2007,Track Type Tractors,unknown,OROPS,North Carolina
9250.0,12,1997,Track Excavators,Large / Medium,EROPS,Delaware
27000.0,29,2006,Track Type Tractors,Medium,EROPS,Illinois
14000.0,19,2003,Backhoe Loaders,unknown,EROPS,Washington
37000.0,8,2010,Track Excavators,Large / Medium,EROPS w AC,Utah
62000.0,3,2008,Wheel Loader,unknown,OROPS,Florida
36000.0,7,2011,Track Excavators,Small,EROPS w AC,Minnesota
33000.0,5,2007,Backhoe Loaders,unknown,OROPS,Mississippi
11000.0,6,2009,Skid Steer Loaders,unknown,OROPS,Maryland
55000.0,3,2009,Wheel Loader,Medium,EROPS w AC,Minnesota
27000.0,9,1993,Track Type Tractors,Large,EROPS,New York
77500.0,1,2009,Track Type Tractors,unknown,EROPS w AC,Florida
12500.0,13,2009,Track Excavators,Mini,EROPS,California
20000.0,18,1995,Track Type Tractors,Large,EROPS,Kentucky
40000.0,11,2006,Wheel Loader,Medium,EROPS,Colorado
8500.0,6,2011,Backhoe Loaders,unknown,OROPS,Maryland
19000.0,6,2011,Skid Steer Loaders,unknown,EROPS w AC,Connecticut
35000.0,1,1999,Backhoe Loaders,unknown,OROPS,North Carolina
9000.0,3,2001,Skid Steer Loaders,unknown,OROPS,Florida
30000.0,7,2003,Track Type Tractors,unknown,OROPS,Florida
14000.0,23,2007,Track Excavators,Large / Medium,EROPS,Colorado
11500.0,18,1990,Track Type Tractors,unknown,OROPS,Colorado
15000.0,20,2008,Wheel Loader,unknown,EROPS,Texas
77500.0,5,2011,Track Excavators,Large / Medium,EROPS w AC,Texas
10500.0,18,2011,Backhoe Loaders,unknown,OROPS,Texas
8250.0,10,1997,Backhoe Loaders,unknown,OROPS,Mississippi
14500.0,12,2003,Track Excavators,Large / Medium,EROPS,Mississippi
18000.0,13,1990,Motor Graders,unknown,EROPS,Kentucky
41000.0,9,2011,Track Excavators,Small,EROPS,West Virginia
110000.0,4,2010,Track Excavators,Large / Medium,EROPS,Florida
10000.0,1,2002,Skid Steer Loaders,unknown,EROPS,South Carolina
17500.0,5,1992,Backhoe Loaders,unknown,OROPS,Maine
8600.0,7,2011,Skid Steer Loaders,unknown,OROPS,Texas
13500.0,18,2004,Backhoe Loaders,unknown,EROPS,Wyoming
10500.0,4,2011,Skid Steer Loaders,unknown,OROPS,Indiana
39000.0,6,2008,Backhoe Loaders,unknown,EROPS,Florida
48000.0,3,2008,Track Type Tractors,unknown,OROPS,Nevada
10000.0,4,2008,Track Excavators,Mini,EROPS,Florida
55000.0,4,2009,Track Type Tractors,Medium,EROPS w AC,Florida
21500.0,10,2008,Backhoe Loaders,unknown,OROPS,Kentucky
12500.0,5,2009,Skid Steer Loaders,unknown,EROPS w AC,Colorado
72500.0,4,2001,Track Excavators,Large / Medium,EROPS w AC,Texas
105000.0,2,1995,Track Excavators,Large / Medium,EROPS,Georgia
87500.0,10,2007,Motor Graders,unknown,EROPS w AC,Mississippi
9000.0,2,1994,Skid Steer Loaders,unknown,OROPS,Washington
22000.0,9,2007,Track Type Tractors,unknown,OROPS,Tennessee
28000.0,14,1993,Track Excavators,Large / Medium,EROPS,Indiana
38000.0,21,2011,Track Excavators,Large / Medium,EROPS w AC,California
30000.0,11,1999,Track Excavators,Large / Medium,EROPS,Washington
44000.0,27,2008,Wheel Loader,Medium,EROPS,Missouri
115000.0,2,2006,Track Type Tractors,Medium,EROPS w AC,New Jersey
16500.0,17,2006,Track Excavators,Mini,EROPS,Connecticut
26000.0,7,2009,Backhoe Loaders,unknown,EROPS w AC,Texas
11000.0,3,2007,Skid Steer Loaders,unknown,OROPS,California
9500.0,12,2011,Wheel Loader,Compact,OROPS,California
23000.0,8,2007,Backhoe Loaders,unknown,OROPS,Minnesota
7800.0,5,2004,Skid Steer Loaders,unknown,OROPS,Mississippi
10500.0,8,2007,Skid Steer Loaders,unknown,OROPS,Texas
12000.0,18,1994,Track Type Tractors,unknown,OROPS,Minnesota
23000.0,10,2001,Backhoe Loaders,unknown,EROPS,Texas
13000.0,24,2006,Track Type Tractors,unknown,OROPS,Maryland
13500.0,5,2006,Skid Steer Loaders,unknown,OROPS,Georgia
37500.0,6,2001,Wheel Loader,unknown,EROPS,South Carolina
17000.0,10,2008,Track Type Tractors,unknown,OROPS,Maryland
19000.0,12,2002,Track Type Tractors,unknown,OROPS,Texas
19000.0,19,2007,Track Type Tractors,Large,EROPS,Maryland
21000.0,12,2006,Backhoe Loaders,unknown,EROPS,Missouri
15000.0,6,2001,Track Excavators,Mini,EROPS,Florida
39500.0,9,1997,Wheel Loader,Medium,EROPS,New Jersey
19000.0,3,2001,Track Excavators,Mini,EROPS,New Jersey
24000.0,9,2008,Backhoe Loaders,unknown,OROPS,Arizona
7250.0,14,2003,Skid Steer Loaders,unknown,OROPS,Arkansas
73000.0,3,2008,Track Excavators,Large / Medium,EROPS w AC,Pennsylvania
50000.0,11,2010,Wheel Loader,Medium,OROPS,California
9000.0,6,1996,Skid Steer Loaders,unknown,OROPS,Colorado
5750.0,13,2008,Skid Steer Loaders,unknown,OROPS,Kansas
50000.0,7,2003,Wheel Loader,unknown,EROPS,North Carolina
7500.0,12,2010,Skid Steer Loaders,unknown,OROPS,California
65000.0,4,2007,Track Type Tractors,Large,EROPS w AC,Florida
12500.0,19,2008,Track Type Tractors,unknown,OROPS,Florida
11500.0,10,2006,Skid Steer Loaders,unknown,OROPS,Texas
18500.0,12,2010,Backhoe Loaders,unknown,EROPS w AC,Nevada
47000.0,6,2006,Track Type Tractors,Medium,OROPS,Florida
13000.0,18,1997,Wheel Loader,unknown,OROPS,Mississippi
9250.0,5,2009,Track Excavators,Mini,EROPS,Tennessee
15000.0,4,2009,Wheel Loader,Compact,OROPS,California
16000.0,6,1992,Backhoe Loaders,unknown,OROPS,Washington
9000.0,5,2007,Backhoe Loaders,unknown,OROPS,Maryland
34000.0,17,2009,Track Type Tractors,Medium,OROPS,Mississippi
47500.0,6,2007,Track Excavators,Large / Medium,EROPS w AC,Missouri
