price,year,manufacturer,odometer,condition,fuel,transmission,drive,type,state,paint_color
18995,2014.0,rover,108853.0,excellent,gas,automatic,4wd,SUV,ma,white
12000,2010.0,honda,65000.0,excellent,gas,automatic,fwd,coupe,fl,black
24000,2017.0,honda,29000.0,like new,gas,manual,fwd,coupe,tx,black
3995,2001.0,ford,153468.0,excellent,gas,automatic,4wd,SUV,mo,red
4999,2013.0,ford,153000.0,unknown,gas,automatic,unknown,unknown,ca,unknown
34950,2011.0,gmc,110866.0,unknown,diesel,automatic,4wd,pickup,co,white
9995,2012.0,ford,179214.0,unknown,gas,automatic,unknown,unknown,mi,unknown
29500,2017.0,chevrolet,15722.0,unknown,gas,automatic,unknown,unknown,ak,unknown
13995,2003.0,gmc,133217.0,unknown,gas,automatic,unknown,unknown,ny,unknown
7500,2008.0,dodge,98000.0,excellent,gas,automatic,4wd,hatchback,az,silver
6999,2011.0,volkswagen,140211.0,unknown,gas,automatic,fwd,sedan,ga,unknown
9590,2013.0,toyota,40000.0,like new,gas,automatic,unknown,sedan,tx,grey
7500,2014.0,honda,70000.0,unknown,gas,manual,unknown,unknown,tx,unknown
33590,2018.0,ford,31279.0,good,other,other,4wd,pickup,mi,unknown
15988,2013.0,toyota,138733.0,excellent,gas,automatic,fwd,SUV,al,white
16900,2018.0,chevrolet,61335.0,unknown,gas,other,fwd,sedan,ak,white
7990,2012.0,bmw,95000.0,unknown,gas,automatic,unknown,unknown,fl,unknown
27990,2012.0,gmc,68696.0,good,gas,other,4wd,pickup,ok,black
34990,2017.0,ford,64366.0,unknown,gas,automatic,4wd,SUV,or,red
2500,2004.0,volvo,175000.0,good,gas,automatic,4wd,coupe,ny,white
26999,2014.0,jeep,78502.0,excellent,gas,automatic,4wd,SUV,oh,unknown
4951,2007.0,toyota,190500.0,excellent,gas,manual,fwd,sedan,md,red
5950,2009.0,cadillac,146074.0,excellent,gas,automatic,fwd,sedan,nh,grey
19990,2021.0,kia,12541.0,good,gas,other,fwd,wagon,fl,red
12450,2016.0,jeep,92870.0,unknown,gas,automatic,4wd,SUV,oh,white
34944,2015.0,chevrolet,91271.0,unknown,gas,automatic,4wd,pickup,ok,black
31991,2012.0,ford,38490.0,unknown,gas,manual,rwd,coupe,ok,yellow
57993,2019.0,ford,112446.0,unknown,diesel,automatic,unknown,unknown,va,unknown
9988,2012.0,jeep,91000.0,excellent,gas,automatic,4wd,SUV,ca,black
54999,2019.0,gmc,47600.0,unknown,gas,automatic,4wd,truck,id,brown
33500,2017.0,dodge,22213.0,unknown,gas,automatic,unknown,unknown,hi,unknown
22999,2007.0,ram,207000.0,unknown,diesel,manual,unknown,unknown,tx,unknown
23500,2015.0,mercedes-benz,53715.0,excellent,gas,automatic,4wd,sedan,wi,white
31495,2019.0,infiniti,27541.0,unknown,gas,automatic,unknown,unknown,nj,unknown
11998,2011.0,buick,101999.0,unknown,gas,automatic,unknown,unknown,wa,brown
6999,2012.0,nissan,62102.0,good,electric,automatic,fwd,hatchback,ak,black
11400,2008.0,toyota,188983.0,excellent,gas,automatic,rwd,truck,fl,blue
7900,2013.0,chevrolet,106216.0,unknown,hybrid,automatic,unknown,unknown,oh,unknown
53900,2016.0,gmc,95000.0,excellent,diesel,automatic,4wd,truck,va,red
3500,2011.0,chevrolet,142254.0,good,gas,automatic,fwd,sedan,il,blue
3150,2005.0,ford,270000.0,unknown,gas,automatic,unknown,unknown,ca,unknown
11950,2010.0,ford,252140.0,good,gas,automatic,4wd,truck,al,white
29997,2017.0,infiniti,13503.0,excellent,gas,automatic,4wd,SUV,ny,red
24995,2015.0,dodge,34893.0,unknown,gas,automatic,4wd,SUV,ia,grey
8700,2009.0,lexus,207798.0,unknown,other,automatic,unknown,unknown,tx,unknown
7999,2014.0,nissan,65058.0,good,gas,other,fwd,sedan,wa,black
13785,2010.0,gmc,147002.0,unknown,gas,automatic,rwd,SUV,tn,custom
34788,2019.0,ford,27999.0,good,gas,automatic,rwd,van,tx,white
9995,2015.0,fiat,63620.0,unknown,gas,automatic,fwd,hatchback,co,custom
6900,2015.0,nissan,120000.0,unknown,gas,automatic,unknown,unknown,fl,unknown
38999,2017.0,toyota,40560.0,unknown,gas,automatic,4wd,truck,or,blue
27590,2018.0,bmw,20845.0,good,other,other,unknown,sedan,ky,blue
7995,2004.0,lincoln,128386.0,excellent,gas,automatic,4wd,SUV,nj,unknown
37651,2020.0,bmw,10610.0,unknown,gas,automatic,4wd,SUV,id,unknown
6995,2008.0,ford,165072.0,unknown,gas,automatic,unknown,unknown,ma,unknown
55988,2020.0,chevrolet,30096.0,unknown,gas,automatic,4wd,unknown,mn,black
51995,2019.0,infiniti,18537.0,unknown,gas,automatic,unknown,unknown,nj,unknown
13800,2009.0,ram,254427.0,excellent,gas,automatic,4wd,pickup,in,unknown
6995,2013.0,chevrolet,123203.0,unknown,gas,automatic,unknown,unknown,mi,unknown
22500,2009.0,chevrolet,78274.0,unknown,gas,automatic,4wd,truck,or,unknown
50309,2020.0,mercedes-benz,33.0,unknown,diesel,automatic,rwd,van,ca,unknown
22972,2016.0,audi,67614.0,unknown,gas,automatic,unknown,other,pa,silver
2995,2008.0,pontiac,157254.0,unknown,gas,manual,unknown,unknown,mi,unknown
31990,2019.0,volvo,25209.0,good,other,other,fwd,other,tx,red
23995,2014.0,ford,109000.0,excellent,gas,automatic,4wd,pickup,ma,white
5200,2014.0,ford,80000.0,unknown,gas,automatic,unknown,unknown,tx,unknown
16095,2014.0,bmw,81731.0,unknown,gas,automatic,rwd,sedan,tn,grey
41900,2018.0,gmc,22290.0,unknown,gas,automatic,unknown,SUV,id,black
17872,2014.0,bmw,78313.0,unknown,diesel,automatic,rwd,sedan,nc,black
16990,2016.0,kia,17631.0,good,gas,other,fwd,coupe,nc,unknown
15960,2014.0,gmc,99152.0,unknown,gas,automatic,fwd,SUV,mi,unknown
10995,2011.0,subaru,126269.0,unknown,gas,automatic,4wd,SUV,co,grey
30990,2019.0,hyundai,16360.0,good,other,other,unknown,SUV,nm,red
10991,2012.0,subaru,65000.0,excellent,gas,automatic,4wd,sedan,fl,blue
25990,2018.0,bmw,16921.0,good,diesel,other,rwd,sedan,co,black
30863,2015.0,gmc,75817.0,unknown,gas,automatic,rwd,pickup,ca,black
59724,2017.0,ram,40846.0,unknown,diesel,automatic,4wd,truck,ut,white
35900,2014.0,toyota,28229.0,unknown,gas,automatic,fwd,unknown,mt,white
30995,2014.0,toyota,142905.0,excellent,gas,automatic,4wd,pickup,ca,unknown
17590,2013.0,mini,20181.0,good,other,other,fwd,hatchback,fl,red
5950,2006.0,jeep,166900.0,unknown,gas,automatic,4wd,SUV,wi,black
24415,2016.0,mazda,12525.0,unknown,gas,automatic,rwd,convertible,mo,unknown
30398,2020.0,honda,3700.0,unknown,gas,automatic,fwd,SUV,ca,silver
32991,2015.0,ford,90297.0,unknown,gas,automatic,4wd,pickup,tx,custom
4300,2007.0,honda,155335.0,unknown,gas,automatic,fwd,mini-van,md,silver
7495,2009.0,nissan,138912.0,unknown,gas,automatic,fwd,sedan,or,custom
10999,2010.0,lexus,119968.0,excellent,gas,automatic,fwd,sedan,sc,white
10900,2016.0,ford,86167.0,good,gas,automatic,fwd,hatchback,wi,silver
4300,2011.0,hyundai,228000.0,good,gas,automatic,fwd,SUV,mi,silver
7900,2005.0,dodge,141514.0,unknown,gas,automatic,4wd,pickup,ak,white
10999,2013.0,cadillac,115000.0,excellent,gas,automatic,fwd,sedan,ia,black
11980,2013.0,nissan,96810.0,unknown,gas,automatic,fwd,sedan,wa,black
17795,2012.0,mercedes-benz,46729.0,unknown,gas,automatic,4wd,SUV,la,unknown
37990,2020.0,cadillac,1366.0,good,gas,other,unknown,hatchback,in,white
3350,2002.0,ford,135793.0,unknown,gas,automatic,unknown,unknown,tx,unknown
26990,2018.0,volkswagen,18794.0,good,gas,other,fwd,convertible,wi,unknown
41550,2019.0,chevrolet,32123.0,unknown,gas,automatic,unknown,convertible,co,unknown
36850,2015.0,bmw,39394.0,good,gas,automatic,unknown,SUV,wa,unknown
9999,2016.0,hyundai,112704.0,unknown,gas,automatic,fwd,sedan,md,white
20590,2020.0,mitsubishi,31332.0,good,gas,other,4wd,SUV,ca,white
43590,2020.0,nissan,8949.0,good,gas,other,rwd,coupe,tx,white
32995,2013.0,ford,111544.0,unknown,gas,automatic,unknown,unknown,il,unknown
34990,2016.0,toyota,19938.0,good,gas,other,4wd,other,pa,unknown
6900,2009.0,ford,38600.0,unknown,gas,automatic,unknown,unknown,de,unknown
36590,2019.0,chevrolet,7619.0,good,gas,other,unknown,pickup,wv,white
20000,2009.0,ram,149000.0,excellent,gas,automatic,4wd,pickup,co,white
4000,2006.0,toyota,216000.0,good,gas,automatic,4wd,SUV,pa,brown
34590,2017.0,toyota,20097.0,good,gas,other,4wd,pickup,md,unknown
4495,2008.0,ford,164000.0,excellent,gas,automatic,4wd,SUV,ma,grey
54550,2013.0,ford,58220.0,unknown,diesel,automatic,4wd,pickup,ca,black
3600,2006.0,honda,116000.0,good,gas,automatic,unknown,unknown,ny,unknown
12897,2016.0,kia,71985.0,unknown,gas,other,fwd,sedan,al,grey
26000,2016.0,lexus,60000.0,excellent,gas,automatic,rwd,coupe,ca,orange
6900,2010.0,mazda,141000.0,unknown,gas,automatic,unknown,unknown,or,unknown
17990,2013.0,honda,92280.0,good,gas,other,fwd,sedan,tx,silver
4000,2010.0,dodge,103000.0,excellent,gas,automatic,unknown,unknown,il,unknown
14337,2017.0,ford,95694.0,unknown,gas,automatic,fwd,sedan,co,unknown
8200,2011.0,ford,286000.0,good,gas,automatic,4wd,offroad,ms,white
22590,2017.0,ram,39508.0,good,gas,other,unknown,pickup,va,white
48999,2019.0,ford,83075.0,excellent,diesel,automatic,4wd,truck,ca,unknown
6500,2007.0,chevrolet,220000.0,unknown,diesel,automatic,unknown,unknown,fl,black
7500,2010.0,volkswagen,119757.0,good,gas,automatic,fwd,mini-van,tx,silver
760,2020.0,rover,15873.0,unknown,gas,automatic,4wd,SUV,or,unknown
27990,2017.0,rover,24747.0,good,gas,other,4wd,SUV,fl,black
3900,2009.0,nissan,199000.0,excellent,gas,automatic,4wd,SUV,oh,black
16900,2014.0,chevrolet,40309.0,good,gas,automatic,rwd,convertible,fl,yellow
8000,2015.0,kia,45000.0,good,gas,automatic,fwd,sedan,sc,white
3995,1998.0,toyota,180246.0,unknown,gas,automatic,4wd,SUV,il,white
2000,1994.0,pontiac,170000.0,unknown,gas,automatic,unknown,coupe,il,unknown
5200,2008.0,mitsubishi,163970.0,good,gas,manual,fwd,coupe,fl,blue
10880,2014.0,toyota,101335.0,unknown,gas,automatic,unknown,sedan,wa,unknown
39800,2005.0,ram,27741.0,excellent,diesel,automatic,4wd,unknown,il,unknown
25900,2007.0,bmw,61000.0,excellent,gas,automatic,rwd,convertible,ca,silver
12900,2014.0,dodge,49210.0,unknown,gas,automatic,fwd,SUV,tx,unknown
10000,2011.0,toyota,80000.0,excellent,gas,automatic,unknown,unknown,ak,unknown
30763,2017.0,chevrolet,1.0,unknown,gas,automatic,unknown,unknown,nc,unknown
2800,1993.0,cadillac,112000.0,excellent,gas,automatic,fwd,sedan,mn,grey
38990,2019.0,tesla,7609.0,good,electric,other,rwd,sedan,pa,unknown
10900,2000.0,lexus,223915.0,excellent,gas,automatic,4wd,SUV,sd,white
45995,2019.0,chevrolet,15768.0,like new,gas,automatic,4wd,unknown,wa,unknown
20000,2012.0,gmc,95685.0,unknown,gas,automatic,4wd,SUV,id,silver
7000,2002.0,ford,115000.0,good,gas,automatic,unknown,van,ny,custom
31995,2016.0,toyota,66000.0,excellent,gas,automatic,unknown,unknown,tx,unknown
4500,2005.0,mercedes-benz,154000.0,good,gas,automatic,4wd,SUV,pa,custom
16991,2018.0,kia,19010.0,unknown,gas,automatic,fwd,sedan,ak,white
29990,2018.0,audi,23559.0,good,gas,other,unknown,sedan,wi,silver
20000,2014.0,mercedes-benz,56505.0,good,gas,automatic,fwd,sedan,tn,grey
26990,2018.0,bmw,28987.0,good,gas,other,rwd,coupe,ny,black
11995,2000.0,lexus,230155.0,unknown,gas,automatic,4wd,wagon,ca,white
37999,2020.0,chevrolet,22383.0,unknown,gas,automatic,4wd,truck,or,blue
41995,2017.0,chevrolet,68570.0,unknown,other,automatic,4wd,pickup,tx,blue
33590,2014.0,toyota,55251.0,good,other,other,unknown,pickup,nj,red
3000,2004.0,honda,126678.0,good,gas,automatic,unknown,unknown,fl,unknown
8777,2012.0,ford,49229.0,unknown,gas,automatic,unknown,sedan,oh,black
15900,2018.0,dodge,120156.0,excellent,gas,automatic,fwd,mini-van,fl,white
38590,2017.0,nissan,26539.0,good,gas,other,unknown,pickup,ny,black
2700,2004.0,subaru,295000.0,good,gas,automatic,4wd,wagon,or,green
4200,2007.0,ford,134000.0,good,gas,manual,4wd,SUV,ny,silver
24989,2017.0,ford,56690.0,unknown,gas,automatic,4wd,SUV,oh,brown
21583,2016.0,ford,120312.0,excellent,gas,automatic,rwd,unknown,tn,yellow
9900,2011.0,chevrolet,74968.0,good,gas,automatic,fwd,sedan,mo,silver
33990,2005.0,ram,106988.0,unknown,diesel,automatic,4wd,pickup,or,unknown
45990,2020.0,toyota,2277.0,good,gas,other,unknown,pickup,ok,unknown
4650,2005.0,subaru,131795.0,excellent,gas,automatic,4wd,wagon,pa,blue
8800,2013.0,chrysler,114000.0,excellent,gas,automatic,unknown,unknown,nv,unknown
6995,2002.0,chevrolet,263579.0,excellent,gas,automatic,4wd,unknown,tx,unknown
13999,2002.0,lexus,181500.0,good,gas,automatic,4wd,SUV,ca,grey
4999,2002.0,buick,53000.0,excellent,gas,automatic,unknown,sedan,ca,unknown
24695,2015.0,ram,78248.0,unknown,gas,automatic,unknown,other,nj,white
24995,2018.0,mazda,40245.0,unknown,gas,automatic,fwd,unknown,tn,blue
15800,2018.0,toyota,65230.0,excellent,gas,automatic,fwd,sedan,tx,silver
14700,2001.0,dodge,191000.0,unknown,diesel,automatic,unknown,unknown,tx,unknown
69999,2018.0,ford,30115.0,unknown,diesel,automatic,4wd,truck,id,red
10987,2010.0,chevrolet,89678.0,good,gas,automatic,unknown,other,nc,red
8997,2010.0,volkswagen,92171.0,excellent,diesel,automatic,fwd,wagon,id,silver
6981,2003.0,chevrolet,179886.0,excellent,gas,automatic,4wd,unknown,nc,unknown
15500,2008.0,ford,70577.0,excellent,gas,automatic,4wd,pickup,nj,black
4200,2008.0,honda,217300.0,unknown,gas,manual,fwd,hatchback,tn,black
8995,2006.0,gmc,114494.0,unknown,gas,automatic,4wd,pickup,pa,red
21069,2019.0,nissan,14446.0,good,other,automatic,fwd,sedan,co,silver
17950,2010.0,jeep,120497.0,unknown,gas,automatic,unknown,other,ks,red
34999,2011.0,ford,175493.0,unknown,diesel,automatic,4wd,pickup,fl,white
4900,2006.0,subaru,201125.0,unknown,gas,automatic,4wd,unknown,mn,unknown
19995,2012.0,jeep,113659.0,unknown,gas,manual,4wd,SUV,tn,silver
32590,2016.0,mercedes-benz,39214.0,unknown,gas,automatic,4wd,SUV,co,black
26999,2018.0,nissan,35937.0,unknown,gas,automatic,4wd,SUV,wa,black
50700,2020.0,lincoln,10901.0,good,other,automatic,unknown,other,fl,unknown
8990,2016.0,ford,114718.0,excellent,gas,automatic,unknown,sedan,fl,red
5900,2002.0,ford,275000.0,unknown,gas,automatic,unknown,unknown,ks,unknown
11974,2016.0,nissan,42531.0,unknown,electric,automatic,fwd,hatchback,ar,unknown
4999,2006.0,chevrolet,120841.0,unknown,gas,other,fwd,SUV,oh,white
24999,2018.0,chevrolet,16865.0,unknown,gas,manual,rwd,coupe,wa,black
5995,2012.0,ford,134000.0,unknown,gas,automatic,fwd,sedan,ia,blue
9900,2012.0,honda,149.0,excellent,gas,manual,fwd,coupe,nc,red
3500,2002.0,volkswagen,159000.0,good,gas,automatic,fwd,sedan,ga,silver
15590,2017.0,volkswagen,25281.0,good,other,automatic,fwd,sedan,mi,blue
7950,2008.0,mazda,116000.0,excellent,gas,automatic,4wd,SUV,ny,silver
79987,2021.0,gmc,6947.0,good,diesel,automatic,unknown,pickup,nc,white
38990,2017.0,jeep,20676.0,good,gas,other,4wd,other,wi,red
36000,2013.0,ram,84182.0,excellent,diesel,automatic,4wd,pickup,ok,white
2995,2011.0,ford,185787.0,excellent,gas,automatic,unknown,truck,fl,white
69900,2017.0,ford,60997.0,excellent,diesel,automatic,4wd,pickup,tx,white
2495,2005.0,nissan,136355.0,fair,gas,automatic,fwd,sedan,pa,green
5300,2008.0,bmw,314721.0,unknown,gas,automatic,unknown,unknown,mi,white
29997,2014.0,porsche,73603.0,unknown,gas,automatic,4wd,SUV,or,unknown
24995,2012.0,mercedes-benz,69847.0,good,gas,automatic,4wd,sedan,id,blue
6995,2008.0,dodge,77880.0,excellent,gas,automatic,fwd,hatchback,ia,custom
5290,2003.0,ford,140782.0,excellent,gas,manual,unknown,pickup,fl,white
4800,2006.0,toyota,260000.0,good,gas,automatic,4wd,SUV,nc,green
6000,2010.0,honda,173210.0,excellent,gas,manual,fwd,hatchback,or,white
33999,2015.0,chevrolet,119876.0,unknown,gas,automatic,4wd,truck,mt,black
12995,2005.0,chevrolet,156900.0,unknown,gas,automatic,4wd,pickup,id,white
20590,2015.0,volkswagen,43470.0,good,gas,automatic,fwd,convertible,wi,black
2800,2005.0,gmc,166399.0,good,gas,automatic,4wd,SUV,oh,black
3300,2008.0,honda,1.0,unknown,gas,manual,unknown,sedan,wi,unknown
39990,2015.0,gmc,111710.0,unknown,other,automatic,4wd,pickup,me,black
6495,2014.0,ford,81073.0,good,gas,automatic,fwd,sedan,oh,white
18995,2012.0,ford,101092.0,unknown,gas,automatic,fwd,SUV,ak,black
21831,2016.0,audi,38561.0,unknown,hybrid,automatic,fwd,hatchback,ar,black
11495,2013.0,subaru,139112.0,unknown,gas,automatic,unknown,unknown,mn,unknown
6975,2013.0,kia,138345.0,unknown,gas,automatic,unknown,unknown,nh,unknown
36990,2018.0,jeep,5933.0,good,other,other,4wd,other,ct,unknown
17995,2016.0,kia,29457.0,unknown,gas,automatic,fwd,sedan,id,silver
11999,2015.0,volkswagen,103090.0,excellent,gas,automatic,fwd,sedan,fl,black
3450,2004.0,toyota,220139.0,excellent,gas,automatic,fwd,mini-van,va,blue
5995,2005.0,volkswagen,96000.0,unknown,gas,manual,unknown,hatchback,id,blue
22500,2009.0,bmw,63500.0,excellent,gas,manual,rwd,convertible,fl,red
19830,2019.0,chevrolet,24494.0,unknown,gas,automatic,fwd,unknown,ar,unknown
24553,2015.0,gmc,78896.0,unknown,gas,automatic,unknown,unknown,mo,unknown
3500,2007.0,jeep,219927.0,unknown,gas,automatic,4wd,SUV,mn,brown
31590,2017.0,jeep,30577.0,good,gas,other,4wd,other,sc,unknown
6000,2005.0,subaru,200000.0,excellent,gas,manual,4wd,unknown,tn,silver
18900,2019.0,nissan,47421.0,good,gas,automatic,fwd,sedan,ms,grey
4200,2013.0,dodge,154000.0,like new,gas,automatic,fwd,unknown,ca,silver
26423,2016.0,acura,75386.0,excellent,gas,automatic,unknown,sedan,nc,silver
2250,2005.0,ford,200000.0,excellent,gas,automatic,rwd,mini-van,wi,red
2900,2016.0,chevrolet,97809.0,unknown,gas,automatic,unknown,unknown,tn,unknown
13770,2016.0,hyundai,65015.0,unknown,gas,automatic,fwd,sedan,nj,black
59999,2016.0,gmc,88339.0,excellent,diesel,automatic,4wd,pickup,wa,blue
37549,2018.0,ram,59124.0,unknown,gas,automatic,4wd,pickup,il,black
9950,2012.0,audi,118219.0,unknown,gas,automatic,unknown,unknown,wi,unknown
5990,2010.0,toyota,111629.0,excellent,gas,manual,fwd,hatchback,or,red
8495,2012.0,hyundai,145818.0,unknown,gas,automatic,unknown,sedan,oh,blue
16500,2014.0,ford,71329.0,excellent,gas,automatic,fwd,unknown,ca,white
33990,2020.0,cadillac,9167.0,good,gas,other,unknown,hatchback,ca,black
34988,2013.0,rover,122998.0,excellent,gas,automatic,4wd,SUV,ca,unknown
31995,2016.0,ford,53427.0,unknown,gas,automatic,4wd,pickup,ak,unknown
7450,2007.0,toyota,95000.0,good,gas,automatic,rwd,SUV,ca,silver
4950,2001.0,ford,93000.0,excellent,gas,automatic,fwd,unknown,oh,unknown
14495,2010.0,infiniti,138059.0,unknown,gas,automatic,4wd,wagon,ct,black
21590,2016.0,ram,35391.0,good,gas,other,unknown,pickup,oh,black
30990,2018.0,audi,41091.0,good,gas,other,unknown,other,wi,red
6995,2007.0,gmc,204306.0,unknown,gas,automatic,unknown,unknown,mi,unknown
25995,2013.0,ford,110248.0,unknown,gas,automatic,4wd,pickup,ak,red
38999,2017.0,ford,43876.0,unknown,gas,automatic,4wd,truck,or,black
39590,2018.0,mercedes-benz,42300.0,good,other,other,rwd,convertible,tn,unknown
5995,2009.0,lincoln,138928.0,unknown,gas,automatic,unknown,unknown,mi,unknown
9499,2012.0,chevrolet,122827.0,good,gas,automatic,4wd,SUV,or,black
26962,2015.0,jeep,97960.0,unknown,gas,other,4wd,SUV,ak,red
4250,2004.0,nissan,173000.0,good,gas,automatic,4wd,truck,ny,black
4200,2009.0,honda,182000.0,good,gas,automatic,fwd,unknown,il,unknown
23995,2013.0,chevrolet,50798.0,excellent,gas,automatic,4wd,pickup,ma,silver
33590,2020.0,chevrolet,15591.0,good,other,other,4wd,pickup,mo,white
4000,2005.0,mercury,112289.0,excellent,gas,automatic,fwd,sedan,ny,brown
7900,2009.0,acura,165342.0,excellent,gas,automatic,4wd,SUV,in,grey
37590,2012.0,chevrolet,30323.0,good,other,other,rwd,coupe,md,black
4500,2007.0,mitsubishi,142000.0,good,gas,automatic,fwd,convertible,il,blue
8950,2009.0,infiniti,180000.0,good,gas,automatic,4wd,SUV,ks,white
11900,2009.0,nissan,189000.0,good,gas,automatic,rwd,pickup,ca,black
3200,2001.0,chevrolet,89000.0,unknown,gas,automatic,unknown,unknown,tx,unknown
33590,2019.0,ford,7576.0,good,gas,other,unknown,pickup,ny,white
1500,2004.0,mercedes-benz,123770.0,unknown,gas,automatic,unknown,unknown,ma,unknown
35990,2018.0,audi,29157.0,good,gas,other,unknown,wagon,ny,black
32990,2014.0,bmw,40405.0,good,gas,other,rwd,other,ca,white
7990,2013.0,honda,172611.0,good,gas,automatic,unknown,unknown,va,grey
33990,2012.0,mercedes-benz,88107.0,good,gas,automatic,rwd,sedan,la,white
27500,2017.0,ford,170037.0,good,gas,automatic,4wd,truck,ny,custom
34590,2017.0,toyota,20097.0,good,gas,other,4wd,pickup,tx,unknown
14990,2012.0,ford,67820.0,good,gas,automatic,rwd,truck,wi,white
35495,2015.0,chevrolet,69109.0,unknown,gas,automatic,unknown,unknown,il,unknown
29590,2017.0,lincoln,35320.0,good,gas,other,unknown,sedan,ga,black
9900,2014.0,ford,0.0,excellent,gas,automatic,fwd,sedan,ca,white
24990,2017.0,jaguar,21384.0,good,diesel,automatic,rwd,sedan,mi,unknown
19995,2011.0,ram,159693.0,good,gas,automatic,4wd,truck,in,brown
19488,2018.0,honda,13150.0,like new,gas,automatic,unknown,unknown,tx,unknown
47000,2017.0,ford,103000.0,excellent,diesel,automatic,unknown,unknown,tx,red
31990,2017.0,ram,35921.0,good,gas,other,unknown,pickup,al,white
33990,2019.0,jeep,7359.0,good,gas,other,4wd,other,nm,white
12000,2008.0,jeep,108000.0,good,gas,manual,4wd,SUV,ny,green
6500,2007.0,honda,137313.0,good,gas,automatic,4wd,SUV,ny,black
4295,2012.0,ford,95736.0,excellent,gas,manual,fwd,sedan,fl,blue
29995,2020.0,buick,5015.0,unknown,gas,automatic,fwd,unknown,tx,unknown
35995,2018.0,ford,11577.0,unknown,gas,automatic,4wd,SUV,mi,red
14150,2016.0,nissan,70853.0,unknown,gas,automatic,fwd,unknown,va,blue
25919,2020.0,toyota,31707.0,unknown,gas,automatic,fwd,SUV,tx,silver
2295,2001.0,toyota,246468.0,fair,gas,automatic,unknown,sedan,tx,white
41588,2017.0,ram,124999.0,unknown,diesel,automatic,4wd,other,ar,silver
21831,2016.0,audi,38561.0,unknown,hybrid,automatic,fwd,hatchback,ar,black
29990,2018.0,audi,24996.0,good,other,automatic,unknown,sedan,md,silver
7995,2004.0,lexus,84611.0,like new,gas,automatic,rwd,sedan,pa,black
12995,2017.0,honda,31444.0,excellent,gas,automatic,unknown,sedan,ny,white
15999,2018.0,hyundai,23165.0,unknown,gas,automatic,fwd,sedan,or,red
500,2015.0,mitsubishi,69000.0,like new,gas,automatic,fwd,SUV,az,red
17990,2015.0,ford,85507.0,excellent,gas,automatic,4wd,SUV,wi,red
6995,2007.0,ford,162281.0,good,gas,automatic,4wd,SUV,co,red
2800,2004.0,ford,180136.0,unknown,gas,automatic,4wd,SUV,md,black
8300,2013.0,ford,183757.0,like new,gas,automatic,unknown,unknown,fl,white
34988,2020.0,ram,8900.0,excellent,gas,automatic,fwd,unknown,ca,white
17995,2011.0,bmw,82365.0,like new,gas,automatic,4wd,SUV,ks,unknown
35590,2010.0,chevrolet,31879.0,good,gas,other,rwd,other,ga,red
7900,2015.0,nissan,109000.0,unknown,gas,automatic,unknown,unknown,fl,unknown
32500,2016.0,toyota,90150.0,excellent,gas,automatic,4wd,truck,ut,grey
23590,2018.0,mitsubishi,48933.0,good,other,other,4wd,other,ca,white
13500,2011.0,toyota,156300.0,excellent,gas,automatic,4wd,van,ma,white
21990,2014.0,bmw,50293.0,good,gas,other,unknown,coupe,wi,blue
946,2016.0,tesla,23945.0,excellent,gas,automatic,4wd,SUV,mt,unknown
7500,2005.0,toyota,181210.0,unknown,gas,automatic,unknown,SUV,ca,red
40000,2016.0,lexus,35000.0,unknown,gas,automatic,unknown,unknown,nv,unknown
33450,2017.0,jeep,87794.0,like new,gas,automatic,4wd,SUV,nh,white
49141,2020.0,jeep,565.0,unknown,gas,automatic,4wd,pickup,ga,unknown
19999,2014.0,lexus,63257.0,unknown,gas,automatic,fwd,sedan,oh,blue
9550,2012.0,chevrolet,58394.0,unknown,gas,automatic,fwd,sedan,pa,black
34590,2019.0,chevrolet,22722.0,good,gas,other,4wd,pickup,fl,brown
38590,2016.0,mercedes-benz,26862.0,good,gas,other,unknown,coupe,co,black
8295,2014.0,subaru,163896.0,unknown,gas,automatic,4wd,unknown,ny,unknown
2500,2006.0,ford,170000.0,fair,gas,automatic,4wd,truck,me,white
22990,2012.0,toyota,37725.0,good,gas,other,unknown,pickup,ca,white
5000,2005.0,cadillac,158736.0,unknown,gas,automatic,rwd,unknown,sc,unknown
9900,2010.0,lexus,169530.0,good,hybrid,automatic,fwd,sedan,ca,silver
9995,2007.0,cadillac,172000.0,like new,hybrid,automatic,4wd,SUV,oh,white
4100,2010.0,jeep,150000.0,unknown,gas,automatic,unknown,unknown,ma,unknown
3800,2001.0,volvo,211000.0,good,gas,automatic,unknown,hatchback,ca,unknown
10988,2014.0,chrysler,112679.0,unknown,gas,automatic,unknown,other,il,unknown
24990,2013.0,bmw,27287.0,good,gas,other,rwd,other,ma,black
38991,2018.0,ford,99034.0,unknown,gas,automatic,4wd,pickup,id,white
6985,2013.0,volkswagen,91500.0,good,gas,automatic,unknown,unknown,ct,unknown
8900,2014.0,dodge,102000.0,excellent,gas,automatic,fwd,mini-van,tx,brown
21589,2020.0,mitsubishi,16441.0,unknown,gas,other,4wd,unknown,mo,unknown
9000,2007.0,honda,106000.0,excellent,gas,automatic,unknown,unknown,ct,unknown
14988,2013.0,toyota,93420.0,unknown,other,other,unknown,unknown,co,unknown
10995,2013.0,ford,59520.0,unknown,hybrid,automatic,fwd,hatchback,nd,grey
6500,2008.0,ford,157000.0,good,gas,automatic,4wd,truck,ny,white
5600,2003.0,acura,139772.0,like new,gas,automatic,unknown,unknown,hi,white
18981,2018.0,nissan,34056.0,unknown,gas,automatic,fwd,sedan,ca,grey
23990,2018.0,nissan,12034.0,good,other,other,fwd,other,ga,red
37590,2018.0,bmw,45589.0,good,other,other,unknown,other,pa,black
10499,2013.0,toyota,152000.0,excellent,hybrid,automatic,fwd,sedan,vt,grey
58995,2020.0,jeep,17799.0,like new,gas,automatic,4wd,unknown,wa,unknown
17900,2002.0,toyota,136674.0,excellent,gas,automatic,fwd,truck,hi,silver
6950,2013.0,nissan,127529.0,unknown,gas,automatic,fwd,SUV,nv,grey
23900,2013.0,chevrolet,156755.0,excellent,diesel,automatic,rwd,pickup,ks,white
47990,2020.0,gmc,32222.0,good,gas,other,unknown,other,ca,blue
32590,2017.0,lexus,23572.0,good,other,other,fwd,SUV,fl,black
18499,2013.0,ford,200439.0,excellent,gas,automatic,4wd,truck,co,black
8995,2010.0,buick,143018.0,excellent,gas,automatic,unknown,sedan,ia,unknown
8501,2008.0,toyota,140287.0,unknown,gas,automatic,4wd,SUV,nj,unknown
4250,2000.0,audi,171000.0,fair,gas,manual,4wd,unknown,tn,silver
33999,2014.0,ram,97548.0,unknown,gas,automatic,4wd,truck,wa,white
28990,2014.0,dodge,13807.0,good,other,other,rwd,coupe,pa,orange
14305,2006.0,toyota,142560.0,good,gas,automatic,4wd,truck,dc,custom
32990,2020.0,ford,10199.0,good,other,other,unknown,pickup,va,unknown
4999,2004.0,buick,120199.0,unknown,gas,automatic,4wd,SUV,nj,black
4000,1997.0,acura,119000.0,good,gas,automatic,fwd,sedan,ca,green
45590,2018.0,mercedes-benz,5277.0,good,gas,automatic,unknown,coupe,la,white
8995,2014.0,kia,93000.0,excellent,gas,automatic,fwd,SUV,or,brown
14588,2013.0,honda,72808.0,good,gas,automatic,fwd,sedan,ca,unknown
708,2016.0,ford,87000.0,unknown,diesel,automatic,4wd,truck,or,unknown
34695,2018.0,ford,87928.0,unknown,gas,automatic,4wd,unknown,il,unknown
4695,2008.0,pontiac,146000.0,excellent,gas,automatic,fwd,sedan,oh,black
8799,2012.0,toyota,115000.0,excellent,gas,automatic,fwd,sedan,tx,white
17366,2019.0,kia,30864.0,unknown,gas,automatic,fwd,sedan,nm,silver
45000,2002.0,bmw,56000.0,like new,gas,manual,rwd,coupe,pa,black
4999,2008.0,honda,123829.0,excellent,gas,automatic,unknown,unknown,fl,unknown
21999,2014.0,dodge,64091.0,unknown,gas,automatic,rwd,coupe,id,white
6995,2013.0,ford,136000.0,excellent,gas,automatic,fwd,sedan,or,red
9599,2013.0,chevrolet,106206.0,excellent,gas,automatic,rwd,sedan,fl,white
42994,2019.0,chevrolet,39690.0,unknown,gas,automatic,4wd,pickup,ar,unknown
19999,2018.0,honda,64866.0,excellent,gas,other,unknown,other,ca,unknown
24777,2017.0,ford,74497.0,unknown,gas,automatic,4wd,unknown,wa,black
5500,2003.0,lexus,202000.0,good,gas,automatic,rwd,sedan,al,white
23900,2017.0,ford,108482.0,excellent,gas,automatic,rwd,van,al,white
22590,2018.0,subaru,24987.0,good,gas,other,unknown,hatchback,ga,unknown
6495,2012.0,chrysler,156809.0,unknown,gas,automatic,unknown,unknown,mi,unknown
14000,2008.0,jeep,190000.0,unknown,gas,automatic,unknown,unknown,ms,unknown
11999,2015.0,volkswagen,103090.0,excellent,gas,automatic,fwd,sedan,fl,black
31950,2015.0,ford,106909.0,unknown,gas,automatic,unknown,unknown,il,unknown
34990,2018.0,jeep,13992.0,good,other,other,4wd,other,ar,unknown
29990,2018.0,volvo,13859.0,good,gas,other,unknown,sedan,ny,unknown
13995,2015.0,toyota,119000.0,excellent,gas,automatic,4wd,SUV,me,red
26990,2020.0,infiniti,31630.0,good,gas,other,rwd,sedan,ca,white
39990,2020.0,lexus,8820.0,good,gas,other,rwd,sedan,sc,white
5495,2012.0,mitsubishi,115000.0,excellent,gas,automatic,fwd,convertible,ct,white
500,2011.0,toyota,25000.0,unknown,gas,automatic,unknown,unknown,ct,unknown
11894,2017.0,hyundai,0.0,excellent,gas,other,unknown,sedan,ca,unknown
2800,1997.0,toyota,1.0,fair,gas,automatic,4wd,unknown,ar,unknown
33590,2019.0,chevrolet,22320.0,good,gas,other,4wd,pickup,pa,red
18990,2020.0,chevrolet,6395.0,good,gas,other,fwd,hatchback,tn,black
3900,2010.0,chevrolet,187500.0,unknown,gas,automatic,unknown,unknown,ca,unknown
7300,2007.0,ford,150000.0,good,gas,automatic,unknown,pickup,tx,unknown
33991,2014.0,chevrolet,76387.0,unknown,gas,automatic,rwd,sedan,ok,black
17598,2016.0,ford,99725.0,unknown,gas,automatic,4wd,SUV,tx,black
19995,2016.0,chevrolet,60820.0,excellent,gas,automatic,rwd,pickup,nj,white
47990,2020.0,bmw,9064.0,good,other,other,rwd,sedan,wv,black
21995,2018.0,dodge,95412.0,unknown,gas,automatic,unknown,unknown,ny,unknown
40590,2019.0,ford,9313.0,good,other,other,4wd,pickup,mo,white
11900,2013.0,ford,189000.0,unknown,other,automatic,fwd,pickup,fl,white
14461,2019.0,nissan,40213.0,unknown,gas,automatic,unknown,unknown,il,unknown
32495,2018.0,mercedes-benz,22545.0,unknown,gas,automatic,rwd,coupe,ca,white
9000,2014.0,chevrolet,46155.0,excellent,gas,automatic,fwd,sedan,ia,black
14995,2013.0,jeep,93010.0,excellent,gas,automatic,4wd,SUV,va,unknown
20994,2019.0,hyundai,32630.0,unknown,gas,automatic,fwd,SUV,ca,black
15980,2020.0,chevrolet,10692.0,unknown,gas,automatic,fwd,sedan,id,silver
40990,2014.0,chevrolet,53263.0,good,gas,other,unknown,pickup,ct,white
13995,2016.0,kia,57314.0,unknown,gas,automatic,unknown,wagon,ca,unknown
32000,2014.0,ford,64000.0,excellent,gas,automatic,4wd,pickup,id,white
19990,2016.0,volvo,47522.0,good,gas,other,fwd,sedan,co,white
15995,2012.0,volvo,82000.0,excellent,gas,automatic,4wd,wagon,nh,silver
4995,2007.0,honda,159163.0,unknown,gas,automatic,fwd,sedan,il,silver
3995,2005.0,ford,168000.0,excellent,gas,automatic,fwd,unknown,wi,blue
11995,2015.0,chevrolet,132456.0,unknown,gas,automatic,fwd,SUV,mi,white
4400,2011.0,nissan,37000.0,excellent,electric,other,fwd,sedan,ca,silver
39590,2020.0,ford,1419.0,good,gas,other,rwd,coupe,nh,white
55748,2017.0,mercedes-benz,50731.0,unknown,gas,automatic,unknown,unknown,ar,white
16590,2020.0,kia,24060.0,good,gas,other,fwd,wagon,il,silver
6500,2008.0,lexus,139000.0,good,gas,automatic,fwd,sedan,al,blue
4777,1998.0,buick,95000.0,unknown,gas,automatic,unknown,unknown,wa,unknown
19998,2019.0,chevrolet,20324.0,unknown,gas,automatic,fwd,sedan,mt,unknown
4995,2005.0,hyundai,156316.0,unknown,gas,automatic,fwd,wagon,fl,blue
32999,2015.0,toyota,71285.0,unknown,gas,automatic,4wd,pickup,wa,silver
11980,2014.0,nissan,83204.0,excellent,gas,automatic,fwd,sedan,tx,white
38990,2019.0,toyota,11877.0,good,other,other,unknown,other,tx,white
22590,2020.0,buick,5144.0,good,other,other,unknown,SUV,ca,red
9800,2007.0,honda,127606.0,good,gas,automatic,4wd,SUV,az,silver
17999,2009.0,toyota,72000.0,excellent,gas,automatic,4wd,truck,vt,red
16895,2017.0,hyundai,74119.0,unknown,gas,automatic,fwd,unknown,fl,white
28590,2010.0,chevrolet,16903.0,good,gas,other,rwd,coupe,mn,yellow
799,2008.0,chevrolet,67000.0,unknown,gas,automatic,unknown,unknown,oh,unknown
34590,2020.0,alfa-romeo,2498.0,good,other,other,rwd,sedan,ca,black
54800,2019.0,toyota,38509.0,good,other,automatic,4wd,SUV,ar,white
2000,2003.0,ram,135913.0,good,gas,automatic,rwd,truck,nc,red
31900,2014.0,jeep,78060.0,unknown,other,other,unknown,unknown,tx,unknown
15995,2016.0,volkswagen,93992.0,excellent,gas,automatic,unknown,hatchback,ca,unknown
500,2016.0,dodge,60000.0,excellent,gas,automatic,unknown,unknown,nc,unknown
13900,2009.0,mercedes-benz,96275.0,excellent,gas,automatic,unknown,convertible,pa,blue
23400,2018.0,toyota,34000.0,excellent,gas,automatic,fwd,SUV,az,unknown
21995,2010.0,ford,195147.0,unknown,diesel,automatic,4wd,pickup,pa,white
56990,2018.0,mercedes-benz,8936.0,good,other,other,unknown,other,nc,black
46995,2018.0,ram,30937.0,excellent,diesel,automatic,4wd,unknown,wa,unknown
3800,2006.0,honda,186000.0,unknown,gas,automatic,unknown,unknown,ny,unknown
4499,2003.0,bmw,140243.0,excellent,gas,automatic,unknown,sedan,il,silver
16000,2013.0,toyota,111800.0,excellent,gas,automatic,fwd,van,az,silver
3499,2006.0,toyota,326397.0,fair,gas,automatic,4wd,SUV,nc,silver
2400,1992.0,rover,145000.0,unknown,gas,automatic,unknown,unknown,va,unknown
16900,2016.0,nissan,41113.0,excellent,gas,automatic,fwd,SUV,fl,white
4995,2007.0,honda,229873.0,good,gas,automatic,fwd,unknown,ca,unknown
19995,2016.0,honda,71875.0,like new,gas,automatic,fwd,van,tx,grey
9995,2016.0,kia,55046.0,unknown,gas,automatic,unknown,unknown,ia,unknown
19590,2013.0,infiniti,96140.0,good,gas,other,unknown,other,ca,blue
4900,2008.0,chevrolet,71000.0,unknown,gas,automatic,unknown,unknown,tx,unknown
4000,2011.0,nissan,152000.0,good,gas,automatic,fwd,sedan,va,grey
8500,2012.0,bmw,104000.0,good,gas,automatic,rwd,coupe,ca,black
27875,2017.0,bmw,25264.0,unknown,other,automatic,unknown,sedan,tx,unknown
61889,2020.0,jeep,75.0,excellent,gas,automatic,4wd,unknown,co,unknown
27950,2017.0,honda,28647.0,unknown,gas,automatic,4wd,SUV,or,unknown
3500,2008.0,nissan,179000.0,unknown,gas,automatic,unknown,unknown,oh,unknown
13900,2009.0,bmw,119322.0,excellent,gas,automatic,fwd,coupe,fl,blue
2995,2005.0,buick,142000.0,unknown,gas,automatic,unknown,unknown,oh,unknown
4999,2008.0,mazda,135710.0,like new,gas,automatic,4wd,SUV,wi,unknown
33000,2014.0,rover,85000.0,like new,gas,automatic,rwd,other,fl,black
37990,2016.0,chevrolet,9704.0,good,gas,other,rwd,coupe,ga,red
20900,2008.0,gmc,271000.0,unknown,diesel,automatic,unknown,other,fl,unknown
10995,2013.0,ford,155000.0,good,gas,automatic,rwd,van,ct,white
16250,2014.0,ford,50979.0,unknown,gas,automatic,unknown,SUV,sd,custom
7550,2007.0,honda,181527.0,unknown,gas,automatic,fwd,SUV,va,green
51998,2019.0,gmc,52947.0,unknown,gas,automatic,4wd,truck,mt,unknown
14990,2012.0,ford,67820.0,good,gas,automatic,rwd,truck,ok,white
4990,2006.0,chevrolet,182525.0,excellent,gas,automatic,fwd,sedan,fl,unknown
5500,2007.0,toyota,182000.0,excellent,gas,automatic,fwd,unknown,in,blue
22995,2015.0,gmc,76140.0,unknown,gas,automatic,unknown,SUV,sd,red
24460,2015.0,ford,94812.0,unknown,other,automatic,4wd,pickup,ok,white
22590,2015.0,hyundai,20346.0,good,gas,other,rwd,coupe,pa,unknown
16995,2017.0,volkswagen,24739.0,unknown,gas,automatic,unknown,sedan,dc,white
2988,2010.0,ford,220616.0,unknown,gas,automatic,unknown,SUV,ct,blue
17500,2009.0,jeep,170453.0,good,gas,automatic,4wd,SUV,mi,silver
30990,2017.0,dodge,38399.0,good,gas,other,rwd,coupe,in,black
37990,2018.0,dodge,22869.0,good,gas,other,rwd,coupe,ca,silver
64995,2017.0,mercedes-benz,8871.0,unknown,gas,automatic,unknown,unknown,nj,unknown
48795,2020.0,dodge,5005.0,unknown,gas,automatic,rwd,sedan,dc,purple
24900,2016.0,dodge,63378.0,good,gas,automatic,fwd,van,ia,black
13900,2001.0,ford,224000.0,excellent,gas,manual,rwd,convertible,fl,blue
24998,2018.0,honda,22855.0,unknown,gas,automatic,unknown,unknown,mn,unknown
13991,2004.0,chevrolet,103073.0,unknown,gas,automatic,rwd,coupe,az,silver
16999,2011.0,bmw,64504.0,excellent,gas,manual,4wd,sedan,fl,black
10988,2012.0,bmw,80858.0,excellent,gas,automatic,4wd,sedan,fl,silver
15999,2011.0,ford,142569.0,unknown,gas,automatic,4wd,SUV,co,unknown
26990,2014.0,ford,63278.0,good,gas,other,unknown,pickup,tx,red
11000,2012.0,ford,59256.0,excellent,gas,automatic,rwd,pickup,tx,green
8995,2010.0,dodge,85000.0,good,gas,automatic,rwd,sedan,ma,black
16900,2017.0,toyota,44013.0,unknown,gas,automatic,unknown,unknown,ar,unknown
34998,2013.0,ram,200169.0,unknown,diesel,automatic,unknown,unknown,nm,unknown
3200,2008.0,hyundai,211360.0,good,gas,automatic,fwd,SUV,fl,grey
33590,2013.0,lexus,33570.0,good,gas,other,rwd,sedan,oh,unknown
4992,2007.0,cadillac,122592.0,excellent,gas,automatic,fwd,sedan,fl,white
23995,2013.0,ford,98607.0,excellent,gas,automatic,4wd,pickup,ca,white
11999,2012.0,lexus,134615.0,like new,gas,automatic,4wd,sedan,vt,red
46863,2018.0,gmc,16649.0,unknown,other,other,unknown,other,az,unknown
13990,2014.0,honda,96858.0,unknown,gas,automatic,unknown,coupe,md,white
27900,2016.0,ram,114760.0,unknown,gas,automatic,4wd,pickup,ok,black
30990,2014.0,ford,98123.0,good,gas,automatic,rwd,unknown,me,white
18495,2013.0,dodge,87020.0,unknown,gas,automatic,unknown,SUV,ak,red
18000,2009.0,audi,79950.0,unknown,gas,automatic,4wd,unknown,md,unknown
48990,2020.0,audi,17463.0,good,gas,other,unknown,sedan,ca,black
22995,2010.0,ford,137000.0,excellent,diesel,automatic,4wd,pickup,mo,custom
9800,2013.0,toyota,73000.0,excellent,gas,automatic,unknown,sedan,nj,unknown
1000,2006.0,mercury,224000.0,good,gas,automatic,unknown,unknown,vt,unknown
67995,2017.0,ford,68700.0,unknown,other,automatic,4wd,pickup,co,black
28900,2011.0,porsche,79000.0,excellent,gas,automatic,unknown,unknown,nv,unknown
15500,1990.0,honda,141000.0,like new,gas,manual,fwd,coupe,oh,black
37900,2020.0,chevrolet,5622.0,like new,gas,automatic,rwd,truck,tn,white
8400,2013.0,ford,141562.0,unknown,gas,automatic,fwd,unknown,mi,black
69999,2017.0,ford,31853.0,unknown,diesel,automatic,4wd,truck,wa,white
29590,2019.0,alfa-romeo,60984.0,good,other,other,unknown,hatchback,sc,black
12999,2011.0,bmw,74977.0,good,gas,other,unknown,sedan,wa,unknown
17995,2018.0,subaru,92780.0,unknown,gas,automatic,4wd,unknown,wi,unknown
45542,2021.0,ford,3.0,unknown,gas,automatic,unknown,unknown,fl,unknown
14000,2015.0,subaru,88000.0,excellent,gas,automatic,4wd,unknown,ca,unknown
29590,2015.0,chevrolet,43874.0,good,other,other,unknown,pickup,ok,unknown
24997,1999.0,ford,58678.0,unknown,gas,manual,rwd,convertible,fl,yellow
36900,2013.0,mercedes-benz,79319.0,excellent,gas,automatic,unknown,convertible,ca,unknown
68995,2017.0,ford,65120.0,unknown,other,automatic,4wd,pickup,az,black
3750,2004.0,volvo,200000.0,good,gas,automatic,4wd,hatchback,ct,white
14500,2013.0,bmw,74800.0,excellent,gas,automatic,4wd,SUV,ca,white
20990,2010.0,ram,121850.0,good,gas,automatic,4wd,truck,ia,black
25999,2017.0,mercedes-benz,36943.0,unknown,gas,automatic,unknown,other,oh,blue
7400,2008.0,infiniti,116000.0,excellent,gas,automatic,4wd,SUV,il,green
12500,2014.0,ford,17237.0,like new,gas,automatic,fwd,sedan,tn,white
27999,2014.0,jeep,41187.0,unknown,gas,manual,4wd,SUV,wa,silver
5900,2011.0,kia,168819.0,unknown,gas,automatic,unknown,unknown,mi,unknown
23590,2011.0,chevrolet,38905.0,good,gas,other,rwd,coupe,oh,red
61929,2019.0,ram,24346.0,unknown,diesel,automatic,4wd,truck,id,silver
87995,2021.0,gmc,253.0,unknown,diesel,automatic,4wd,truck,fl,unknown
27995,2016.0,chevrolet,153943.0,unknown,gas,automatic,4wd,pickup,mo,white
18750,2020.0,honda,9234.0,excellent,gas,automatic,fwd,hatchback,sc,white
7500,2003.0,ford,163000.0,fair,diesel,automatic,4wd,pickup,me,silver
7770,2010.0,ford,66178.0,excellent,gas,automatic,fwd,SUV,ma,red
44990,2018.0,bmw,59114.0,good,gas,automatic,unknown,sedan,sc,unknown
23900,2015.0,nissan,69053.0,unknown,gas,automatic,4wd,SUV,id,unknown
8750,2013.0,hyundai,110312.0,excellent,gas,manual,fwd,sedan,ks,black
26990,2016.0,ford,105070.0,good,gas,automatic,rwd,truck,wv,white
4995,2010.0,toyota,176000.0,unknown,gas,manual,unknown,unknown,ma,unknown
33461,2020.0,ford,23487.0,unknown,gas,automatic,unknown,unknown,ga,unknown
6499,1999.0,toyota,259059.0,unknown,gas,automatic,rwd,pickup,or,green
25998,2017.0,ford,122951.0,unknown,other,automatic,fwd,pickup,fl,red
29688,2017.0,ram,105563.0,unknown,gas,automatic,4wd,pickup,co,unknown
9995,2013.0,ford,149053.0,unknown,gas,automatic,4wd,SUV,fl,black
9800,2012.0,subaru,107270.0,unknown,gas,automatic,unknown,SUV,oh,blue
3500,2009.0,audi,120505.0,excellent,gas,manual,4wd,coupe,ri,blue
9900,2010.0,honda,173000.0,good,gas,automatic,4wd,SUV,nm,green
25995,2015.0,lexus,58330.0,unknown,gas,automatic,fwd,sedan,fl,unknown
4200,2009.0,ford,333333.0,good,gas,automatic,rwd,bus,ca,white
18000,2001.0,ford,200000.0,good,diesel,automatic,4wd,truck,ga,blue
44990,2016.0,ford,94498.0,unknown,diesel,automatic,4wd,pickup,vt,white
30990,2018.0,audi,30107.0,good,other,automatic,unknown,sedan,sc,white
8995,2011.0,cadillac,94245.0,unknown,gas,automatic,unknown,other,id,unknown
53995,2017.0,toyota,53639.0,excellent,gas,automatic,4wd,truck,hi,grey
10995,2011.0,ford,155663.0,like new,gas,automatic,rwd,SUV,fl,blue
17900,2014.0,toyota,72000.0,excellent,gas,automatic,fwd,SUV,ca,silver
33990,2020.0,infiniti,19042.0,good,other,other,unknown,hatchback,mi,brown
13890,2016.0,chevrolet,92430.0,like new,gas,automatic,fwd,sedan,ms,silver
13995,2011.0,audi,75746.0,excellent,gas,automatic,4wd,sedan,wi,black
14995,2014.0,chrysler,68803.0,good,gas,automatic,rwd,sedan,ia,red
2995,2003.0,ford,190000.0,excellent,gas,automatic,unknown,unknown,ca,unknown
29237,2017.0,jeep,84068.0,excellent,gas,automatic,4wd,SUV,mt,unknown
3995,2011.0,chevrolet,182868.0,unknown,gas,automatic,unknown,unknown,mi,unknown
39990,2020.0,acura,1237.0,good,gas,other,unknown,other,mn,white
3000,1991.0,volvo,223656.0,excellent,gas,automatic,rwd,sedan,ca,white
95000,2011.0,bmw,128000.0,like new,gas,automatic,4wd,sedan,pa,black
41990,2019.0,lincoln,9345.0,good,gas,other,fwd,sedan,pa,blue
24885,2007.0,ram,207000.0,unknown,diesel,manual,unknown,unknown,tn,unknown
4299,2004.0,toyota,219000.0,unknown,gas,automatic,unknown,unknown,ga,unknown
8477,2007.0,honda,134634.0,unknown,gas,automatic,unknown,SUV,mt,blue
28590,2017.0,jaguar,9962.0,good,gas,other,rwd,sedan,mi,silver
8000,2012.0,toyota,85000.0,good,gas,automatic,fwd,unknown,ms,silver
43950,2018.0,chevrolet,58377.0,unknown,gas,automatic,4wd,pickup,co,black
7280,2014.0,nissan,135412.0,unknown,gas,automatic,fwd,sedan,al,silver
8995,2013.0,ford,0.0,unknown,other,automatic,4wd,SUV,or,white
10999,2002.0,cadillac,112300.0,excellent,gas,automatic,4wd,SUV,ny,grey
35990,2020.0,dodge,1548.0,good,gas,other,rwd,coupe,va,black
3900,2008.0,chrysler,150000.0,unknown,gas,automatic,unknown,unknown,mi,unknown
21400,2014.0,jeep,84917.0,unknown,gas,automatic,4wd,SUV,co,unknown
21995,2012.0,nissan,116818.0,unknown,gas,automatic,4wd,pickup,id,unknown
5995,2007.0,jeep,124461.0,unknown,gas,automatic,fwd,SUV,fl,white
22987,2015.0,ford,72813.0,good,gas,automatic,rwd,van,wi,white
33997,2012.0,toyota,65750.0,unknown,gas,automatic,4wd,unknown,tx,black
5600,2007.0,hyundai,131083.0,unknown,gas,automatic,unknown,sedan,fl,blue
10500,2005.0,porsche,86000.0,good,gas,automatic,4wd,SUV,or,green
17990,2015.0,honda,32385.0,good,gas,other,fwd,sedan,wy,white
33998,2017.0,ford,42037.0,excellent,gas,automatic,unknown,unknown,al,red
19495,2014.0,mercedes-benz,54467.0,excellent,gas,automatic,4wd,unknown,ca,unknown
4495,2009.0,pontiac,152012.0,excellent,gas,automatic,unknown,unknown,oh,unknown
20990,2015.0,volkswagen,51742.0,good,diesel,other,fwd,wagon,nj,unknown
55900,2017.0,ford,76000.0,unknown,diesel,automatic,4wd,unknown,wi,unknown
24900,2016.0,ram,62628.0,like new,gas,automatic,4wd,truck,ak,red
29968,2014.0,gmc,97561.0,unknown,gas,automatic,unknown,unknown,nc,unknown
29900,2015.0,chevrolet,115378.0,excellent,gas,automatic,4wd,pickup,id,brown
21000,2015.0,chevrolet,300000.0,unknown,diesel,automatic,unknown,unknown,in,unknown
10995,2010.0,mini,73760.0,excellent,gas,other,fwd,hatchback,nv,red
13900,2012.0,audi,112589.0,excellent,gas,automatic,4wd,SUV,nc,white
33990,2017.0,jeep,34152.0,good,other,other,4wd,SUV,nj,white
4000,1995.0,jaguar,160000.0,excellent,gas,automatic,rwd,sedan,mi,green
10895,2012.0,toyota,89242.0,excellent,gas,automatic,fwd,hatchback,in,grey
7995,2013.0,ford,134231.0,unknown,gas,automatic,unknown,unknown,mi,unknown
31345,2020.0,dodge,30559.0,unknown,gas,automatic,rwd,SUV,nv,black
15800,2014.0,ford,91800.0,excellent,gas,automatic,rwd,unknown,mi,yellow
12500,2002.0,ford,330000.0,unknown,diesel,automatic,4wd,pickup,co,silver
45998,2015.0,mercedes-benz,40386.0,like new,gas,automatic,4wd,sedan,nc,unknown
26990,2016.0,ford,14230.0,good,gas,other,unknown,pickup,fl,black
34900,2017.0,ford,62100.0,excellent,gas,automatic,4wd,pickup,mi,red
29894,2012.0,mercedes-benz,95208.0,unknown,gas,automatic,unknown,unknown,tn,unknown
13995,2014.0,toyota,120415.0,unknown,gas,automatic,fwd,sedan,co,red
36999,2006.0,ram,108365.0,unknown,diesel,automatic,4wd,truck,or,unknown
44900,2014.0,ram,152034.0,unknown,diesel,automatic,unknown,unknown,tx,unknown
13995,2004.0,cadillac,75358.0,excellent,gas,automatic,rwd,pickup,sc,white
35995,2012.0,ford,189815.0,unknown,diesel,automatic,4wd,pickup,tx,white
7900,2015.0,kia,6455.0,unknown,gas,automatic,unknown,unknown,oh,unknown
6900,2006.0,honda,157958.0,unknown,other,automatic,unknown,mini-van,or,unknown
9500,2015.0,ford,99000.0,excellent,gas,automatic,fwd,coupe,ga,black
34590,2019.0,chevrolet,7711.0,good,gas,other,unknown,pickup,ga,unknown
28990,2017.0,chevrolet,26288.0,good,gas,other,unknown,pickup,oh,white
32990,2018.0,ram,29979.0,good,gas,other,4wd,pickup,ca,black
32990,2019.0,dodge,2676.0,good,gas,other,rwd,coupe,md,white
8999,2014.0,buick,175000.0,like new,gas,automatic,fwd,sedan,mn,blue
14995,2014.0,ford,43452.0,unknown,gas,automatic,fwd,wagon,nc,unknown
8975,2012.0,ford,74000.0,good,gas,automatic,fwd,sedan,in,custom
23900,2017.0,honda,36058.0,excellent,gas,automatic,fwd,sedan,hi,brown
5500,2003.0,toyota,112796.0,unknown,gas,automatic,fwd,wagon,mi,blue
22590,2015.0,hyundai,20346.0,good,gas,other,rwd,coupe,ny,unknown
1150,2001.0,honda,198000.0,unknown,gas,automatic,unknown,unknown,ca,unknown
18950,2011.0,toyota,158726.0,unknown,gas,automatic,unknown,unknown,tn,unknown
21990,2015.0,volvo,45143.0,good,other,other,unknown,SUV,ca,unknown
25990,2014.0,gmc,15575.0,good,gas,other,unknown,pickup,ct,brown
7200,2007.0,chevrolet,200000.0,excellent,gas,automatic,unknown,unknown,tx,unknown
10900,2015.0,kia,146019.0,excellent,gas,automatic,4wd,wagon,mi,grey
15899,2016.0,bmw,37838.0,like new,electric,automatic,fwd,sedan,az,grey
11985,2016.0,nissan,43000.0,unknown,gas,automatic,unknown,unknown,fl,unknown
31995,2014.0,chevrolet,84000.0,excellent,gas,automatic,4wd,truck,ia,unknown
56321,2018.0,ford,29008.0,unknown,gas,automatic,4wd,unknown,or,unknown
8990,2013.0,chevrolet,127100.0,good,gas,automatic,fwd,wagon,sc,black
35995,2016.0,jeep,24791.0,excellent,gas,automatic,4wd,SUV,ia,white
1450,2008.0,chevrolet,152000.0,fair,gas,automatic,fwd,sedan,ky,silver
21777,2018.0,volkswagen,43452.0,unknown,gas,automatic,fwd,hatchback,dc,black
38500,2020.0,chevrolet,35100.0,good,gas,automatic,4wd,unknown,sc,unknown
13995,2009.0,ford,197757.0,unknown,gas,automatic,unknown,unknown,mi,unknown
21590,2019.0,volkswagen,7898.0,good,gas,other,fwd,sedan,md,blue
16990,2011.0,gmc,39219.0,good,gas,other,unknown,pickup,pa,black
9739,2009.0,lexus,158161.0,unknown,gas,automatic,4wd,SUV,ks,black
5999,2007.0,nissan,190321.0,excellent,gas,automatic,4wd,SUV,fl,red
29990,2017.0,ford,14113.0,good,gas,other,rwd,coupe,la,red
42995,2017.0,ford,167672.0,unknown,diesel,automatic,4wd,pickup,fl,unknown
29990,2012.0,toyota,43182.0,good,gas,other,4wd,pickup,mi,white
2499,1998.0,honda,260950.0,fair,gas,automatic,fwd,sedan,mt,unknown
5995,2004.0,chevrolet,140018.0,good,gas,automatic,4wd,SUV,or,red
21950,2018.0,ford,106945.0,unknown,gas,automatic,rwd,pickup,la,white
7995,2006.0,chevrolet,75000.0,unknown,gas,automatic,4wd,unknown,oh,white
16995,2017.0,chevrolet,44764.0,unknown,gas,automatic,fwd,sedan,il,white
24991,2018.0,toyota,34584.0,unknown,gas,automatic,fwd,sedan,id,blue
1988,2006.0,ford,255280.0,unknown,gas,automatic,4wd,SUV,ma,unknown
29999,2001.0,ford,110635.0,unknown,diesel,automatic,unknown,unknown,or,unknown
22990,2020.0,hyundai,3066.0,good,gas,other,fwd,sedan,il,blue
4500,2009.0,toyota,200000.0,excellent,gas,automatic,fwd,unknown,oh,unknown
68995,2017.0,ford,40417.0,unknown,other,automatic,4wd,pickup,az,red
15990,2014.0,hyundai,18491.0,good,gas,other,fwd,sedan,ca,silver
31999,2016.0,ford,92317.0,unknown,gas,automatic,4wd,pickup,tn,green
1200,1997.0,ram,200.0,fair,gas,automatic,rwd,pickup,fl,blue
11980,2009.0,mini,108173.0,unknown,gas,automatic,unknown,unknown,sc,unknown
10500,2011.0,chevrolet,99969.0,good,gas,automatic,fwd,SUV,mo,grey
30990,2013.0,chevrolet,14112.0,good,other,other,unknown,coupe,fl,orange
27900,2017.0,acura,45681.0,excellent,gas,automatic,4wd,SUV,ny,black
18700,2012.0,ford,137397.0,excellent,gas,automatic,rwd,pickup,fl,black
5495,2015.0,ford,202681.0,unknown,gas,automatic,unknown,unknown,mi,unknown
15990,2012.0,dodge,83617.0,good,gas,automatic,rwd,coupe,wv,silver
2500,2016.0,chevrolet,42412.0,unknown,gas,automatic,unknown,unknown,tn,unknown
15995,2017.0,nissan,72000.0,excellent,gas,automatic,fwd,SUV,az,white
19999,2011.0,chevrolet,93105.0,excellent,gas,automatic,unknown,truck,ca,unknown
4200,2003.0,chevrolet,174417.0,good,gas,automatic,rwd,van,ca,brown
11900,2010.0,mini,54980.0,excellent,gas,manual,fwd,coupe,nm,silver
22590,2014.0,bmw,60783.0,good,diesel,automatic,unknown,sedan,co,white
3500,2003.0,jaguar,137000.0,excellent,gas,automatic,rwd,sedan,md,brown
10900,2011.0,toyota,153000.0,good,gas,automatic,4wd,unknown,ny,silver
32990,2018.0,ford,11360.0,good,other,other,unknown,pickup,nc,white
27990,2014.0,toyota,17805.0,good,other,other,unknown,pickup,ca,red
2800,2004.0,ford,215000.0,fair,gas,automatic,rwd,van,nc,white
7800,2015.0,dodge,156700.0,excellent,gas,automatic,fwd,van,oh,black
36990,2020.0,buick,11777.0,good,gas,other,unknown,other,pa,black
14497,2010.0,ford,172721.0,unknown,gas,automatic,rwd,truck,fl,black
25590,2017.0,jaguar,27662.0,good,other,automatic,rwd,sedan,oh,white
6500,1997.0,ford,165500.0,excellent,gas,automatic,4wd,pickup,wa,blue
32995,2017.0,chevrolet,71324.0,excellent,gas,automatic,4wd,pickup,mn,blue
11999,2010.0,lexus,111366.0,excellent,gas,automatic,unknown,sedan,nc,unknown
17500,2015.0,gmc,82798.0,like new,gas,automatic,unknown,SUV,tx,red
17999,2017.0,nissan,65421.0,unknown,gas,manual,fwd,SUV,wa,white
10950,2011.0,jeep,117822.0,unknown,gas,automatic,4wd,SUV,oh,white
23999,2020.0,volkswagen,1544.0,unknown,gas,automatic,fwd,sedan,wa,grey
30595,2015.0,chevrolet,90500.0,unknown,gas,automatic,4wd,pickup,mo,unknown
8495,2015.0,nissan,111000.0,unknown,gas,automatic,unknown,unknown,ny,unknown
4750,2013.0,mazda,160051.0,excellent,gas,automatic,fwd,mini-van,ny,unknown
6900,2014.0,chevrolet,147654.0,unknown,gas,automatic,fwd,unknown,sd,black
11988,2012.0,buick,103558.0,unknown,gas,automatic,unknown,unknown,ia,unknown
22998,2022.0,mitsubishi,10.0,new,gas,automatic,unknown,unknown,wa,silver
33885,2013.0,ram,208295.0,unknown,diesel,automatic,unknown,unknown,tx,unknown
11500,2016.0,hyundai,125588.0,like new,gas,automatic,unknown,unknown,wa,silver
500,2013.0,kia,92000.0,like new,gas,automatic,unknown,unknown,tx,green
27000,2008.0,ford,181000.0,good,diesel,automatic,4wd,truck,la,green
18990,2008.0,ford,136706.0,excellent,diesel,automatic,4wd,truck,fl,black
3000,1995.0,ford,199982.0,good,gas,manual,4wd,truck,nc,red
14595,2011.0,bmw,90199.0,unknown,gas,automatic,rwd,sedan,ca,grey
2400,2003.0,pontiac,88000.0,unknown,gas,automatic,unknown,unknown,fl,unknown
4999,2006.0,ford,80000.0,unknown,gas,automatic,unknown,van,wi,white
12995,2012.0,rover,140963.0,unknown,gas,automatic,4wd,SUV,md,silver
59995,2015.0,gmc,82125.0,unknown,diesel,automatic,4wd,pickup,nv,black
36990,2016.0,gmc,23190.0,good,gas,other,4wd,pickup,ky,black
14980,2018.0,buick,88975.0,excellent,gas,automatic,4wd,unknown,mt,unknown
35950,2015.0,gmc,49783.0,good,gas,automatic,4wd,pickup,or,black
15500,2016.0,bmw,65000.0,unknown,other,automatic,unknown,unknown,tx,unknown
27990,2011.0,mercedes-benz,61445.0,good,gas,automatic,unknown,coupe,fl,silver
13998,2010.0,lexus,95339.0,unknown,gas,automatic,fwd,unknown,ok,black
6299,2006.0,hyundai,83000.0,excellent,gas,automatic,fwd,unknown,pa,silver
14495,2015.0,gmc,102000.0,excellent,gas,automatic,4wd,SUV,ny,unknown
2300,2004.0,cadillac,1.0,unknown,gas,automatic,unknown,SUV,il,unknown
28995,2016.0,ford,73254.0,unknown,gas,automatic,4wd,pickup,mn,custom
22988,2021.0,toyota,3892.0,unknown,gas,automatic,fwd,sedan,tx,white
8995,2011.0,mini,64994.0,unknown,gas,automatic,fwd,other,fl,red
17367,2019.0,chevrolet,112683.0,excellent,gas,automatic,4wd,SUV,oh,unknown
4900,2008.0,ford,127000.0,good,gas,automatic,fwd,SUV,tx,unknown
8950,2010.0,honda,82000.0,excellent,gas,automatic,fwd,sedan,oh,blue
15950,2013.0,chrysler,108513.0,excellent,gas,automatic,rwd,sedan,ca,grey
19995,2012.0,mercedes-benz,100000.0,excellent,diesel,automatic,rwd,truck,pa,white
2500,2008.0,toyota,156000.0,excellent,gas,automatic,fwd,SUV,tx,red
35990,2017.0,mitsubishi,45925.0,good,diesel,automatic,rwd,truck,ut,white
3495,2006.0,jeep,153200.0,excellent,gas,automatic,4wd,SUV,oh,red
24990,2019.0,acura,5334.0,good,other,other,fwd,sedan,ca,unknown
3000,1998.0,dodge,162000.0,good,gas,automatic,4wd,unknown,nj,white
13997,2014.0,ford,116553.0,excellent,gas,automatic,fwd,SUV,ca,black
7200,2013.0,chevrolet,119000.0,good,gas,automatic,fwd,SUV,ma,black
7995,2012.0,gmc,184540.0,unknown,gas,automatic,unknown,unknown,mi,unknown
17999,2014.0,bmw,60469.0,good,gas,automatic,unknown,SUV,wa,unknown
29990,2018.0,toyota,20624.0,good,other,other,unknown,pickup,ca,white
31995,2015.0,chevrolet,67787.0,unknown,gas,automatic,rwd,truck,fl,unknown
25590,2020.0,buick,1113.0,good,gas,automatic,fwd,SUV,nc,red
17499,2013.0,ford,108000.0,excellent,gas,automatic,4wd,unknown,nc,red
8500,1990.0,chevrolet,128541.0,unknown,gas,automatic,unknown,unknown,nc,unknown
36990,2018.0,jeep,5933.0,good,other,other,4wd,other,nc,unknown
49999,2019.0,dodge,14000.0,like new,gas,automatic,unknown,unknown,ca,unknown
23995,2018.0,buick,43323.0,excellent,gas,automatic,fwd,SUV,mi,brown
6000,2004.0,ford,87000.0,excellent,gas,automatic,4wd,truck,ca,red
3800,2006.0,ford,222814.0,good,gas,automatic,4wd,SUV,ia,white
38990,2018.0,bmw,24235.0,good,hybrid,automatic,unknown,other,fl,blue
33990,2015.0,bmw,20997.0,good,gas,other,unknown,coupe,il,blue
12995,2012.0,toyota,84405.0,excellent,gas,automatic,fwd,unknown,wv,silver
4998,2007.0,dodge,213247.0,unknown,gas,automatic,rwd,SUV,fl,red
27990,2008.0,ford,83459.0,good,gas,automatic,rwd,truck,ny,white
8995,2012.0,chrysler,72778.0,like new,gas,automatic,fwd,sedan,wi,black
15990,2016.0,chevrolet,104533.0,good,gas,automatic,fwd,SUV,oh,silver
21590,2011.0,mazda,23483.0,good,gas,other,rwd,convertible,oh,red
3500,2006.0,mazda,350000.0,excellent,gas,automatic,fwd,SUV,il,white
33590,2014.0,gmc,57923.0,good,gas,other,unknown,pickup,nh,white
30990,2018.0,acura,29342.0,good,other,other,unknown,other,tx,unknown
36990,2019.0,chevrolet,14508.0,good,gas,other,4wd,pickup,oh,red
8999,2013.0,honda,74576.0,excellent,gas,automatic,unknown,unknown,il,unknown
29990,2018.0,subaru,32486.0,unknown,gas,automatic,4wd,SUV,wa,unknown
3988,2006.0,honda,239312.0,unknown,gas,automatic,4wd,SUV,ma,unknown
6295,2006.0,ford,156312.0,unknown,gas,automatic,unknown,pickup,ny,grey
16888,2017.0,buick,25189.0,unknown,gas,automatic,unknown,unknown,ny,unknown
12895,1991.0,chevrolet,43725.0,unknown,gas,automatic,rwd,hatchback,ga,unknown
23999,2018.0,nissan,71401.0,unknown,gas,automatic,fwd,unknown,nc,unknown
3200,2004.0,honda,264564.0,good,gas,automatic,fwd,coupe,mi,black
5500,2006.0,honda,155000.0,excellent,gas,automatic,unknown,sedan,oh,unknown
10995,2010.0,ford,121400.0,unknown,gas,automatic,unknown,SUV,id,silver
2995,2009.0,ford,149000.0,unknown,gas,automatic,unknown,unknown,oh,unknown
8990,2010.0,audi,100875.0,unknown,gas,automatic,unknown,unknown,pa,unknown
23995,2008.0,jeep,110000.0,unknown,gas,automatic,unknown,unknown,ct,unknown
15995,2018.0,subaru,58773.0,excellent,gas,automatic,4wd,wagon,vt,grey
39990,2020.0,ram,6841.0,good,gas,automatic,4wd,pickup,ny,unknown
36980,2016.0,chevrolet,98000.0,unknown,gas,automatic,4wd,pickup,tx,black
3700,2008.0,kia,85000.0,unknown,gas,automatic,unknown,unknown,hi,unknown
6500,1999.0,jeep,146000.0,good,gas,automatic,4wd,unknown,mn,black
43990,2019.0,ram,17352.0,good,gas,other,4wd,pickup,ny,black
35999,2020.0,jeep,27796.0,unknown,gas,automatic,4wd,SUV,id,red
700,1993.0,ford,160000.0,fair,gas,automatic,4wd,unknown,ia,green
7982,2014.0,nissan,44537.0,unknown,gas,manual,fwd,hatchback,fl,grey
10995,2013.0,toyota,174693.0,unknown,gas,automatic,fwd,van,wi,black
32999,2002.0,mercedes-benz,157000.0,good,gas,automatic,4wd,SUV,ma,black
17995,2010.0,ford,125007.0,unknown,gas,automatic,unknown,other,va,red
13995,2016.0,honda,53053.0,excellent,gas,automatic,fwd,coupe,sc,white
19950,2017.0,honda,74000.0,excellent,gas,automatic,unknown,sedan,ca,red
21995,2017.0,acura,43683.0,excellent,gas,automatic,unknown,sedan,hi,unknown
22995,2017.0,ford,47792.0,excellent,gas,automatic,4wd,SUV,mn,black
31590,2014.0,bmw,47881.0,good,gas,automatic,unknown,sedan,wi,blue
33590,2016.0,lexus,35460.0,good,gas,other,rwd,coupe,ca,unknown
16500,2003.0,bmw,60000.0,like new,gas,manual,rwd,convertible,ma,silver
21950,2019.0,jeep,43289.0,excellent,gas,automatic,fwd,SUV,ca,silver
15045,2013.0,dodge,115458.0,excellent,gas,automatic,4wd,SUV,wi,unknown
11982,2017.0,nissan,77764.0,unknown,gas,automatic,unknown,unknown,il,unknown
7991,2009.0,volkswagen,128546.0,unknown,gas,automatic,4wd,SUV,id,grey
2200,2006.0,chrysler,104000.0,good,gas,automatic,fwd,other,fl,silver
3800,2000.0,toyota,221000.0,good,gas,manual,4wd,truck,ny,silver
34999,2021.0,ford,0.0,new,gas,automatic,rwd,truck,tx,grey
20590,2017.0,ford,28105.0,good,other,other,fwd,sedan,ca,black
8500,2013.0,subaru,125203.0,excellent,gas,automatic,4wd,sedan,pa,grey
39990,2020.0,ford,549.0,good,gas,other,rwd,coupe,ny,blue
8300,2012.0,honda,97308.0,excellent,gas,automatic,fwd,sedan,dc,grey
23990,2015.0,chevrolet,74914.0,good,other,other,unknown,pickup,tx,black
20900,2003.0,chevrolet,49446.0,good,gas,manual,fwd,convertible,mn,black
9000,2011.0,chrysler,118922.0,good,gas,automatic,fwd,mini-van,ny,black
51990,2018.0,cadillac,72367.0,good,other,automatic,4wd,SUV,ny,black
21500,2014.0,jeep,106000.0,unknown,gas,automatic,unknown,unknown,mi,unknown
76128,2020.0,bmw,4013.0,unknown,gas,automatic,rwd,convertible,ar,unknown
21998,2009.0,chevrolet,92518.0,unknown,gas,automatic,4wd,SUV,nc,white
3500,2002.0,ford,300000.0,good,gas,automatic,4wd,pickup,nj,white
8985,2011.0,ford,85250.0,excellent,gas,automatic,fwd,sedan,il,red
44900,2014.0,ram,152034.0,unknown,diesel,automatic,unknown,unknown,in,unknown
4999,2005.0,ford,170358.0,excellent,gas,manual,unknown,sedan,ca,unknown
5500,2013.0,kia,85000.0,like new,gas,automatic,fwd,sedan,fl,silver
11965,2017.0,nissan,60650.0,unknown,gas,automatic,unknown,unknown,il,unknown
12980,2014.0,subaru,84000.0,unknown,gas,automatic,unknown,wagon,pa,green
7500,2007.0,bmw,122000.0,good,gas,other,rwd,coupe,tx,black
3750,2007.0,pontiac,80953.0,excellent,gas,automatic,unknown,sedan,ny,unknown
32498,2020.0,honda,36170.0,excellent,gas,automatic,unknown,unknown,al,white
15489,2011.0,audi,91953.0,excellent,gas,automatic,4wd,coupe,ca,unknown
4995,2005.0,ford,235000.0,fair,diesel,automatic,4wd,pickup,me,white
14977,2013.0,chevrolet,111631.0,good,gas,automatic,rwd,van,fl,white
3250,2004.0,saturn,110365.0,excellent,gas,other,fwd,SUV,fl,green
12650,2014.0,nissan,114726.0,excellent,gas,automatic,4wd,SUV,mo,grey
29991,2015.0,ford,76650.0,unknown,gas,automatic,rwd,coupe,ok,red
27995,2018.0,bmw,12157.0,unknown,gas,automatic,4wd,sedan,ny,silver
58999,2019.0,ram,48785.0,excellent,gas,other,unknown,truck,fl,white
39000,2001.0,gmc,40000.0,excellent,diesel,automatic,rwd,truck,fl,custom
1500,2008.0,pontiac,240760.0,fair,gas,automatic,unknown,unknown,in,unknown
23990,2014.0,infiniti,46578.0,good,other,other,unknown,sedan,ga,white
10750,2018.0,kia,36309.0,unknown,gas,automatic,fwd,sedan,fl,red
35995,2014.0,ram,46933.0,excellent,gas,automatic,4wd,pickup,ca,grey
3350,2005.0,hyundai,148000.0,excellent,gas,automatic,4wd,SUV,fl,black
27988,2019.0,toyota,14821.0,unknown,gas,automatic,fwd,sedan,ak,blue
32990,2013.0,tesla,62588.0,good,electric,other,rwd,sedan,oh,white
9999,2012.0,toyota,59000.0,like new,gas,automatic,4wd,sedan,in,silver
5500,2009.0,bmw,140550.0,unknown,gas,automatic,unknown,unknown,ca,unknown
18477,2007.0,ford,103772.0,unknown,gas,manual,unknown,unknown,co,yellow
18990,2013.0,audi,25007.0,good,other,other,fwd,wagon,ca,black
17998,2014.0,gmc,112933.0,excellent,gas,automatic,4wd,SUV,oh,unknown
8999,2008.0,chevrolet,50751.0,unknown,other,automatic,fwd,other,co,white
6995,2005.0,subaru,140335.0,excellent,gas,manual,unknown,unknown,wi,unknown
5500,2005.0,infiniti,194000.0,excellent,gas,automatic,4wd,sedan,nc,blue
10500,2010.0,subaru,149000.0,good,gas,manual,4wd,hatchback,tx,white
5900,2008.0,honda,130862.0,good,gas,automatic,unknown,mini-van,fl,blue
3495,1997.0,honda,95930.0,unknown,gas,automatic,fwd,sedan,pa,unknown
6800,2007.0,infiniti,109400.0,excellent,gas,automatic,4wd,sedan,nj,silver
7800,2007.0,nissan,39000.0,like new,gas,automatic,unknown,unknown,fl,white
13644,2010.0,ram,166769.0,unknown,gas,automatic,4wd,pickup,id,unknown
9876,2014.0,hyundai,135528.0,unknown,gas,automatic,fwd,unknown,ks,unknown
9495,2010.0,bmw,99000.0,excellent,gas,automatic,4wd,sedan,oh,white
42999,2015.0,gmc,59637.0,unknown,gas,automatic,4wd,truck,ut,white
14800,2003.0,jeep,89012.0,excellent,gas,manual,4wd,offroad,fl,silver
9995,2012.0,kia,99000.0,unknown,gas,automatic,unknown,unknown,me,unknown
23500,2015.0,chrysler,47460.0,unknown,gas,automatic,fwd,van,mi,brown
35995,2013.0,ford,65275.0,unknown,gas,automatic,4wd,pickup,co,silver
2700,2008.0,dodge,1.0,unknown,gas,automatic,rwd,sedan,wi,unknown
15999,2006.0,jaguar,78000.0,excellent,gas,automatic,unknown,convertible,ca,unknown
6500,2010.0,honda,176266.0,unknown,gas,automatic,fwd,mini-van,pa,black
26995,2013.0,ford,134617.0,good,gas,automatic,4wd,truck,in,black
23296,2017.0,mercedes-benz,46899.0,unknown,gas,automatic,rwd,sedan,fl,black
8980,2009.0,toyota,140659.0,unknown,gas,manual,fwd,sedan,wa,white
23995,2014.0,dodge,62000.0,excellent,gas,automatic,rwd,coupe,mt,unknown
9995,2011.0,ford,91100.0,excellent,gas,automatic,unknown,SUV,fl,blue
19995,2014.0,ford,262502.0,good,diesel,automatic,rwd,pickup,ny,unknown
3200,2002.0,toyota,217398.0,good,gas,automatic,fwd,sedan,nc,silver
22900,2016.0,ram,97405.0,unknown,gas,automatic,rwd,pickup,az,silver
52995,2016.0,ram,95154.0,unknown,diesel,automatic,4wd,truck,wa,white
6400,2016.0,ford,101200.0,good,gas,automatic,unknown,sedan,tn,blue
29990,2018.0,chevrolet,11401.0,good,gas,other,4wd,pickup,la,red
4995,2005.0,mini,70000.0,like new,gas,automatic,unknown,hatchback,fl,unknown
23141,2016.0,ford,53800.0,excellent,gas,automatic,4wd,wagon,oh,unknown
25590,2018.0,chrysler,8666.0,good,gas,other,fwd,van,md,unknown
21371,2019.0,mini,31975.0,unknown,gas,automatic,fwd,sedan,hi,red
36590,2019.0,infiniti,18605.0,good,other,other,unknown,coupe,tn,blue
25590,2018.0,lincoln,33467.0,good,hybrid,other,fwd,sedan,md,white
28981,2018.0,chevrolet,85308.0,unknown,gas,automatic,4wd,pickup,tx,white
5988,1992.0,ford,62231.0,unknown,gas,automatic,rwd,van,mi,white
39999,2016.0,ram,74333.0,unknown,diesel,automatic,4wd,truck,id,black
2100,2002.0,chrysler,156400.0,good,gas,automatic,fwd,mini-van,mn,white
3700,2012.0,volkswagen,1.0,unknown,diesel,automatic,unknown,hatchback,il,unknown
30984,2018.0,bmw,25674.0,unknown,gas,automatic,rwd,sedan,ca,black
608,2015.0,jeep,45251.0,excellent,gas,automatic,4wd,SUV,or,unknown
26500,2017.0,audi,52786.0,like new,gas,automatic,4wd,SUV,mi,white
28977,2008.0,ram,162998.0,unknown,diesel,automatic,unknown,other,or,grey
31990,2018.0,ram,27426.0,good,gas,other,4wd,pickup,al,white
2400,1999.0,jeep,190000.0,unknown,gas,automatic,unknown,unknown,ny,unknown
38885,2016.0,chevrolet,151913.0,unknown,diesel,automatic,unknown,unknown,tx,unknown
2700,2008.0,hyundai,160012.0,excellent,gas,other,fwd,unknown,fl,black
11900,2013.0,honda,111491.0,unknown,gas,automatic,fwd,sedan,ca,silver
11995,2009.0,ford,197226.0,excellent,gas,automatic,rwd,pickup,tx,black
18497,2017.0,fiat,47243.0,unknown,gas,manual,rwd,convertible,ga,brown
21995,2013.0,toyota,102719.0,unknown,gas,automatic,rwd,pickup,ca,white
35999,2011.0,ford,177796.0,excellent,diesel,automatic,4wd,unknown,fl,white
6950,2011.0,hyundai,134734.0,excellent,gas,automatic,fwd,sedan,pa,unknown
8500,2003.0,chevrolet,137000.0,unknown,gas,automatic,4wd,pickup,ks,white
38783,2018.0,ford,1.0,unknown,gas,automatic,unknown,unknown,sc,unknown
9995,2012.0,subaru,114785.0,unknown,gas,automatic,unknown,sedan,dc,blue
14985,2010.0,rover,110757.0,unknown,gas,automatic,4wd,SUV,ca,custom
37990,2019.0,ford,337.0,good,gas,other,rwd,coupe,pa,black
10999,2017.0,nissan,88000.0,like new,gas,automatic,unknown,SUV,fl,silver
13500,2007.0,ram,194000.0,fair,gas,automatic,4wd,truck,id,grey
19498,2016.0,ford,16747.0,unknown,gas,automatic,fwd,unknown,ks,red
13900,2011.0,bmw,116544.0,excellent,gas,automatic,fwd,sedan,fl,grey
31590,2019.0,audi,11928.0,good,gas,other,fwd,sedan,ca,black
1500,2010.0,honda,115000.0,like new,gas,automatic,4wd,SUV,ma,blue
7495,2012.0,kia,126000.0,excellent,gas,automatic,fwd,sedan,ma,red
18995,2012.0,ram,127773.0,unknown,gas,automatic,unknown,unknown,ny,unknown
31990,2014.0,ram,90535.0,excellent,diesel,automatic,4wd,pickup,oh,white
7500,2006.0,rover,187000.0,good,gas,automatic,4wd,SUV,nm,black
48600,2018.0,nissan,28900.0,good,other,automatic,4wd,pickup,ar,silver
16999,2012.0,ford,225575.0,unknown,gas,automatic,4wd,truck,co,unknown
3200,2008.0,chrysler,178000.0,good,gas,automatic,fwd,mini-van,ia,silver
26990,2016.0,chevrolet,75734.0,good,gas,automatic,rwd,truck,wi,white
5995,2009.0,chevrolet,174000.0,unknown,gas,automatic,unknown,SUV,mo,unknown
17488,2018.0,nissan,23188.0,excellent,electric,automatic,fwd,hatchback,hi,white
4500,2006.0,acura,116314.0,excellent,gas,automatic,fwd,sedan,fl,red
13997,2011.0,mercedes-benz,127554.0,excellent,gas,automatic,4wd,sedan,tx,black
4900,2012.0,toyota,199000.0,unknown,hybrid,automatic,unknown,unknown,de,unknown
10500,1994.0,chevrolet,210193.0,excellent,gas,automatic,fwd,other,mi,black
14662,2013.0,nissan,87352.0,excellent,gas,automatic,4wd,unknown,in,unknown
9977,2008.0,jeep,104104.0,excellent,gas,automatic,4wd,SUV,or,red
39990,2020.0,ford,549.0,good,gas,other,rwd,coupe,ny,blue
8250,2015.0,volkswagen,190000.0,like new,gas,automatic,rwd,sedan,ca,black
4299,2004.0,mitsubishi,124227.0,like new,gas,automatic,4wd,SUV,wi,unknown
55376,2020.0,chevrolet,19622.0,good,diesel,automatic,unknown,pickup,nc,red
8988,2012.0,mercedes-benz,152591.0,excellent,gas,automatic,rwd,sedan,ca,black
15985,2014.0,bmw,73407.0,unknown,gas,automatic,unknown,other,ny,black
71000,2020.0,chevrolet,27000.0,excellent,diesel,automatic,4wd,truck,fl,silver
22995,2015.0,chevrolet,171014.0,good,gas,other,rwd,truck,nj,white
8595,2004.0,chevrolet,191215.0,unknown,other,automatic,fwd,SUV,fl,black
13995,2006.0,ford,79010.0,excellent,gas,automatic,unknown,coupe,or,unknown
44999,2018.0,ram,104693.0,unknown,diesel,automatic,4wd,truck,co,black
5400,2008.0,chevrolet,133823.0,excellent,gas,automatic,4wd,SUV,ny,white
7500,2008.0,bmw,170000.0,excellent,gas,automatic,4wd,SUV,nh,white
5800,2012.0,ford,125000.0,excellent,gas,automatic,fwd,SUV,ri,black
15590,2012.0,acura,101143.0,good,other,other,fwd,sedan,ks,white
9100,2007.0,gmc,171150.0,good,gas,automatic,4wd,SUV,or,white
8000,2000.0,gmc,265000.0,good,gas,automatic,rwd,pickup,sc,red
3000,2015.0,mercedes-benz,71545.0,excellent,gas,automatic,unknown,unknown,fl,black
21990,2019.0,subaru,11892.0,good,gas,other,unknown,wagon,ca,white
13999,2014.0,jeep,77552.0,excellent,gas,automatic,4wd,SUV,oh,unknown
36590,2018.0,audi,49963.0,good,gas,automatic,unknown,coupe,ca,blue
5900,2014.0,ford,175261.0,unknown,gas,automatic,unknown,unknown,mi,unknown
27990,2016.0,ford,112731.0,unknown,other,automatic,rwd,van,tn,white
9000,2008.0,toyota,135000.0,excellent,gas,automatic,unknown,unknown,ny,grey
18488,2017.0,audi,100244.0,excellent,gas,automatic,4wd,SUV,ca,black
5900,2008.0,pontiac,148135.0,excellent,gas,automatic,fwd,sedan,mi,red
7195,2011.0,nissan,73631.0,excellent,gas,automatic,unknown,unknown,de,red
7999,2007.0,ford,145150.0,excellent,gas,automatic,fwd,SUV,tx,black
7995,2012.0,mazda,140636.0,unknown,gas,automatic,unknown,SUV,tx,black
4500,2007.0,honda,230000.0,unknown,gas,manual,unknown,unknown,oh,unknown
33990,2016.0,ford,18380.0,good,gas,other,unknown,pickup,la,white
5500,2007.0,volkswagen,118833.0,excellent,gas,automatic,fwd,sedan,or,white
15888,2015.0,chevrolet,136712.0,excellent,gas,automatic,4wd,pickup,ca,white
2950,1997.0,chrysler,88630.0,good,gas,automatic,unknown,unknown,pa,unknown
57460,2020.0,jeep,31481.0,unknown,gas,automatic,4wd,pickup,ca,silver
5299,2002.0,ram,23000.0,unknown,gas,automatic,4wd,truck,pa,blue
1900,2005.0,hyundai,200000.0,good,gas,automatic,unknown,unknown,tx,unknown
54220,2021.0,chevrolet,7.0,unknown,gas,automatic,4wd,pickup,ar,unknown
2999,2009.0,mitsubishi,113812.0,unknown,gas,automatic,unknown,unknown,fl,unknown
47955,2015.0,chevrolet,153387.0,unknown,diesel,automatic,unknown,unknown,va,unknown
6999,2003.0,infiniti,104650.0,good,gas,automatic,rwd,sedan,or,silver
34990,2014.0,toyota,122347.0,unknown,other,automatic,4wd,pickup,ca,brown
6800,2012.0,honda,165151.0,unknown,gas,automatic,unknown,sedan,ct,silver
19995,1995.0,toyota,0.0,excellent,gas,automatic,4wd,unknown,wa,unknown
36990,2018.0,jeep,5933.0,good,other,other,4wd,other,fl,unknown
5999,2006.0,ford,131364.0,unknown,gas,automatic,4wd,unknown,wi,red
15995,2017.0,chevrolet,39067.0,unknown,gas,automatic,fwd,sedan,tn,grey
23995,2013.0,chevrolet,130004.0,good,gas,automatic,unknown,pickup,mo,white
5500,2005.0,honda,153653.0,excellent,gas,automatic,unknown,coupe,ca,silver
15900,2016.0,volkswagen,21947.0,unknown,gas,automatic,fwd,wagon,ak,silver
24900,2013.0,ford,56864.0,good,gas,automatic,4wd,truck,ia,grey
17500,2018.0,hyundai,27050.0,like new,gas,automatic,fwd,sedan,ct,blue
4999,2006.0,hyundai,116379.0,excellent,gas,automatic,fwd,hatchback,il,unknown
79888,2019.0,ford,23265.0,unknown,gas,automatic,4wd,unknown,hi,unknown
28990,2002.0,ram,116240.0,unknown,diesel,automatic,4wd,pickup,or,silver
34590,2020.0,cadillac,9624.0,good,gas,other,unknown,hatchback,in,white
13997,2008.0,bmw,117177.0,unknown,gas,automatic,unknown,convertible,ca,blue
19995,2013.0,chevrolet,91153.0,excellent,gas,automatic,unknown,pickup,ca,unknown
33111,2015.0,cadillac,130760.0,unknown,gas,automatic,fwd,SUV,fl,white
23281,2019.0,honda,6610.0,excellent,gas,automatic,fwd,SUV,oh,black
16990,2016.0,kia,17631.0,good,gas,other,fwd,coupe,al,unknown
4950,2005.0,gmc,299.0,unknown,gas,automatic,unknown,unknown,oh,unknown
24000,1990.0,chevrolet,73500.0,excellent,gas,manual,rwd,coupe,pa,red
28981,2018.0,subaru,26787.0,good,gas,other,unknown,SUV,wa,unknown
10500,2015.0,ford,134359.0,excellent,gas,automatic,unknown,sedan,ar,white
4600,2007.0,toyota,118000.0,good,gas,automatic,unknown,unknown,fl,unknown
29900,2017.0,ford,72849.0,excellent,gas,automatic,4wd,SUV,pa,white
6900,2007.0,toyota,188000.0,like new,gas,automatic,unknown,unknown,ca,unknown
5000,2007.0,subaru,131909.0,unknown,gas,automatic,unknown,unknown,va,unknown
6900,2008.0,acura,119500.0,excellent,gas,automatic,fwd,sedan,ny,grey
4191,2005.0,toyota,225332.0,like new,gas,automatic,fwd,mini-van,mi,brown
5555,2012.0,dodge,94600.0,like new,gas,automatic,fwd,unknown,md,black
17990,2020.0,toyota,16000.0,good,gas,other,4wd,hatchback,nc,grey
5895,2006.0,ford,129055.0,excellent,gas,automatic,unknown,pickup,fl,blue
4500,1999.0,jeep,169246.0,good,gas,automatic,4wd,SUV,pa,blue
18388,2018.0,dodge,37078.0,unknown,gas,automatic,unknown,SUV,id,red
6500,2006.0,chevrolet,178141.0,good,gas,automatic,fwd,sedan,co,white
8800,2014.0,toyota,180000.0,good,gas,automatic,fwd,sedan,il,grey
12995,2010.0,honda,47309.0,like new,gas,automatic,fwd,mini-van,ma,white
39900,2017.0,ford,139000.0,unknown,diesel,automatic,unknown,unknown,mt,unknown
25595,2018.0,ram,31490.0,unknown,gas,automatic,fwd,van,la,white
29991,2009.0,ram,158607.0,unknown,diesel,automatic,4wd,pickup,nv,unknown
2000,2002.0,bmw,168000.0,unknown,gas,automatic,unknown,unknown,ca,unknown
23995,2014.0,ram,121478.0,unknown,gas,automatic,4wd,truck,wa,silver
15000,2007.0,ram,140000.0,unknown,gas,automatic,4wd,truck,mi,unknown
15990,2015.0,honda,17649.0,good,gas,other,fwd,sedan,ca,silver
31990,2015.0,toyota,76025.0,good,gas,other,unknown,other,az,unknown
21998,2017.0,toyota,54522.0,unknown,gas,automatic,fwd,sedan,mt,unknown
39590,2013.0,audi,44631.0,good,gas,other,unknown,coupe,mo,unknown
7977,2016.0,chevrolet,83149.0,excellent,gas,manual,fwd,sedan,or,unknown
2695,2006.0,chevrolet,186200.0,excellent,gas,automatic,fwd,sedan,oh,red
15000,1993.0,ram,100000.0,unknown,diesel,manual,unknown,unknown,ca,unknown
4999,2006.0,nissan,169813.0,good,gas,automatic,rwd,SUV,la,red
28995,2018.0,jeep,24588.0,unknown,gas,automatic,4wd,SUV,mn,white
9995,2017.0,nissan,71111.0,unknown,gas,automatic,fwd,sedan,ct,white
4000,2005.0,honda,193392.0,unknown,gas,automatic,fwd,unknown,ca,unknown
7800,2001.0,lexus,190000.0,good,gas,automatic,fwd,sedan,az,black
10990,2012.0,dodge,135283.0,excellent,gas,automatic,fwd,SUV,or,silver
36990,2019.0,honda,5128.0,good,gas,other,unknown,pickup,tx,unknown
16740,2018.0,ford,40566.0,unknown,gas,automatic,unknown,unknown,fl,unknown
23814,2013.0,toyota,147171.0,excellent,gas,automatic,4wd,truck,tn,unknown
14500,2002.0,ford,165.0,unknown,diesel,automatic,unknown,unknown,az,unknown
14500,2012.0,honda,97450.0,excellent,gas,automatic,4wd,SUV,me,grey
10495,2015.0,chrysler,155950.0,unknown,gas,automatic,fwd,sedan,oh,unknown
36590,2018.0,lexus,7633.0,good,other,other,unknown,sedan,pa,white
7995,2013.0,nissan,114000.0,unknown,gas,automatic,unknown,unknown,ny,unknown
15000,1998.0,ford,99425.0,unknown,diesel,automatic,unknown,unknown,md,unknown
2900,2009.0,volkswagen,170000.0,unknown,gas,automatic,4wd,unknown,ny,unknown
2100,1996.0,ford,245900.0,good,gas,automatic,unknown,unknown,az,unknown
2875,2009.0,chevrolet,223000.0,excellent,gas,manual,fwd,unknown,wi,unknown
37647,2015.0,jeep,36767.0,unknown,gas,automatic,4wd,convertible,il,unknown
7400,2007.0,toyota,118049.0,excellent,gas,automatic,fwd,sedan,in,unknown
15688,2015.0,honda,130798.0,good,gas,automatic,fwd,sedan,ca,blue
15990,2017.0,ford,48195.0,good,hybrid,other,fwd,wagon,ga,blue
18995,2012.0,ford,141780.0,good,gas,automatic,4wd,truck,az,white
24990,2018.0,gmc,32329.0,good,other,other,unknown,pickup,fl,unknown
563,2017.0,ram,32619.0,unknown,diesel,automatic,4wd,truck,ca,unknown
34900,2018.0,gmc,87848.0,like new,gas,automatic,unknown,pickup,tx,blue
24695,2016.0,ford,37000.0,unknown,gas,automatic,unknown,unknown,oh,unknown
45300,2018.0,ram,34125.0,excellent,diesel,automatic,4wd,truck,sc,black
7995,2014.0,jeep,119740.0,unknown,gas,automatic,fwd,SUV,il,white
12900,2020.0,hyundai,17000.0,like new,gas,automatic,fwd,hatchback,fl,unknown
29800,2019.0,ford,38700.0,excellent,gas,automatic,unknown,unknown,mi,white
30990,2017.0,toyota,41124.0,good,gas,other,unknown,pickup,ga,red
7400,2007.0,nissan,106000.0,unknown,gas,automatic,unknown,unknown,ny,unknown
13495,2012.0,subaru,71281.0,unknown,gas,automatic,4wd,wagon,pa,blue
53025,2014.0,chevrolet,4668.0,unknown,gas,manual,rwd,unknown,ks,unknown
51071,2020.0,ram,12112.0,unknown,gas,automatic,4wd,unknown,ca,silver
31990,2015.0,lexus,90962.0,good,gas,other,4wd,other,ca,unknown
35590,2018.0,mercedes-benz,17327.0,good,gas,automatic,rwd,sedan,ny,unknown
68999,2018.0,chevrolet,50689.0,unknown,diesel,automatic,4wd,truck,wa,red
15977,2017.0,toyota,76595.0,unknown,gas,automatic,fwd,unknown,tx,black
6990,2008.0,honda,171207.0,excellent,gas,automatic,fwd,sedan,or,red
37990,2016.0,chevrolet,9704.0,good,gas,other,rwd,coupe,wi,red
2500,1994.0,chevrolet,186505.0,excellent,gas,automatic,rwd,truck,ok,white
6000,2005.0,acura,98000.0,good,gas,automatic,fwd,sedan,ny,white
4500,2002.0,honda,185445.0,unknown,gas,automatic,unknown,unknown,ca,unknown
52990,2020.0,ram,7634.0,unknown,gas,automatic,4wd,pickup,nh,unknown
36419,2018.0,gmc,107965.0,unknown,gas,automatic,rwd,SUV,tx,red
10562,2011.0,subaru,161000.0,unknown,gas,automatic,unknown,unknown,mt,unknown
11000,2013.0,toyota,107000.0,good,gas,automatic,4wd,SUV,ma,black
26990,2018.0,gmc,26514.0,good,gas,other,fwd,SUV,ma,unknown
44950,2016.0,ford,128361.0,unknown,diesel,automatic,unknown,unknown,ia,unknown
46998,2020.0,ford,2200.0,excellent,gas,automatic,rwd,coupe,ca,unknown
2900,2002.0,mercedes-benz,170755.0,good,gas,automatic,4wd,sedan,in,silver
24990,2020.0,buick,4414.0,good,gas,other,fwd,SUV,tn,white
8999,2013.0,ford,104365.0,like new,gas,automatic,fwd,unknown,id,unknown
34590,2018.0,dodge,28912.0,good,gas,other,unknown,SUV,ny,blue
4900,2003.0,toyota,207000.0,good,gas,automatic,unknown,unknown,oh,unknown
39990,2020.0,mercedes-benz,11014.0,good,other,other,unknown,other,ca,white
16300,2013.0,audi,98000.0,excellent,gas,automatic,4wd,coupe,ca,white
11777,2014.0,bmw,127116.0,unknown,diesel,automatic,unknown,sedan,il,black
10500,2013.0,ford,115879.0,unknown,gas,automatic,unknown,SUV,ca,silver
13250,2014.0,toyota,88886.0,unknown,gas,automatic,fwd,unknown,tx,white
30590,2018.0,lincoln,40938.0,good,gas,other,fwd,SUV,pa,red
31590,2019.0,cadillac,12102.0,good,other,other,fwd,hatchback,va,black
34990,2016.0,gmc,34425.0,good,gas,other,4wd,pickup,ny,red
28900,2018.0,dodge,61173.0,excellent,gas,automatic,rwd,sedan,ca,custom
36590,2019.0,gmc,14222.0,good,gas,other,4wd,pickup,ga,blue
35590,2020.0,cadillac,17603.0,good,gas,other,unknown,sedan,pa,black
4500,2005.0,toyota,200000.0,unknown,gas,automatic,unknown,unknown,fl,unknown
15976,2017.0,volkswagen,34330.0,excellent,gas,automatic,unknown,SUV,oh,unknown
30490,2018.0,bmw,24588.0,unknown,gas,automatic,rwd,sedan,al,black
5600,2007.0,hyundai,131083.0,unknown,gas,automatic,unknown,sedan,fl,blue
5500,2003.0,volkswagen,93000.0,excellent,gas,manual,fwd,sedan,ca,black
9400,2011.0,mini,73298.0,unknown,gas,automatic,4wd,sedan,nj,green
2500,2008.0,bmw,107000.0,like new,gas,automatic,rwd,sedan,oh,black
11499,2007.0,lexus,110414.0,good,gas,automatic,fwd,SUV,tx,silver
25999,2015.0,ford,76180.0,unknown,gas,automatic,rwd,convertible,tn,black
6999,2001.0,lexus,136451.0,unknown,gas,automatic,fwd,sedan,co,unknown
17950,2012.0,gmc,127012.0,excellent,gas,automatic,4wd,truck,ma,blue
8940,2001.0,chevrolet,170862.0,excellent,gas,automatic,4wd,truck,ca,brown
8495,2013.0,ford,142000.0,new,gas,automatic,4wd,SUV,ma,white
26500,2012.0,chevrolet,138855.0,excellent,gas,automatic,rwd,van,mi,unknown
8777,2012.0,ford,49229.0,unknown,gas,automatic,unknown,sedan,oh,black
24958,2018.0,jeep,31056.0,unknown,gas,automatic,4wd,unknown,il,unknown
7995,2010.0,ford,207891.0,unknown,gas,automatic,unknown,unknown,mi,unknown
8495,2012.0,mini,107612.0,unknown,gas,automatic,unknown,other,ct,custom
8200,1991.0,mazda,185000.0,excellent,gas,manual,rwd,convertible,ca,white
35000,2020.0,toyota,21961.0,excellent,gas,automatic,fwd,mini-van,ia,black
54990,2020.0,chevrolet,7397.0,good,other,other,4wd,SUV,ma,black
17995,2015.0,infiniti,27495.0,unknown,gas,automatic,rwd,sedan,nc,unknown
17995,2012.0,toyota,206456.0,unknown,gas,automatic,unknown,unknown,ca,unknown
16900,2016.0,dodge,101183.0,unknown,gas,other,4wd,SUV,ak,unknown
10988,2016.0,chevrolet,100090.0,unknown,gas,automatic,unknown,unknown,tx,unknown
10997,2015.0,kia,52163.0,good,gas,automatic,fwd,hatchback,mo,red
5998,2007.0,volkswagen,105658.0,good,gas,automatic,fwd,sedan,nc,silver
32990,2018.0,chevrolet,33209.0,good,other,other,unknown,pickup,sc,black
18698,2014.0,dodge,79885.0,unknown,gas,automatic,4wd,sedan,id,red
39990,2018.0,audi,44054.0,good,other,other,unknown,sedan,pa,black
21590,2020.0,dodge,17894.0,good,gas,other,fwd,SUV,mn,silver
11188,2008.0,lexus,155047.0,good,gas,automatic,unknown,other,ca,white
5500,2010.0,honda,170000.0,good,gas,automatic,fwd,sedan,ca,grey
5995,2008.0,jeep,123000.0,excellent,gas,automatic,4wd,SUV,oh,unknown
38990,2015.0,ford,47518.0,good,gas,other,4wd,pickup,nc,red
36590,2019.0,cadillac,9160.0,good,gas,other,unknown,hatchback,fl,red
9995,2015.0,kia,110247.0,like new,gas,automatic,fwd,sedan,oh,red
29590,2017.0,jaguar,15530.0,good,gas,other,unknown,sedan,al,black
3695,2009.0,toyota,165223.0,good,gas,automatic,fwd,sedan,pa,silver
5300,2012.0,kia,119000.0,excellent,gas,automatic,fwd,SUV,wi,black
11995,2013.0,hyundai,67668.0,unknown,gas,automatic,fwd,sedan,wa,grey
25990,2016.0,gmc,24688.0,good,gas,other,unknown,pickup,tx,white
16990,2016.0,chevrolet,35793.0,good,other,other,fwd,sedan,tn,unknown
13900,2018.0,chevrolet,61881.0,unknown,gas,other,fwd,sedan,fl,white
35590,2019.0,gmc,8218.0,good,gas,other,unknown,pickup,ny,white
37583,2015.0,toyota,84462.0,unknown,gas,automatic,4wd,truck,va,white
8450,2006.0,toyota,258350.0,unknown,gas,automatic,4wd,pickup,wi,grey
44590,2020.0,rover,9103.0,good,gas,other,unknown,other,tn,blue
19976,2017.0,ford,185964.0,good,gas,automatic,rwd,van,wi,red
15850,2008.0,gmc,156000.0,excellent,gas,automatic,4wd,SUV,mt,silver
850,2003.0,honda,175664.0,good,gas,automatic,fwd,coupe,tn,red
22995,2017.0,dodge,71567.0,excellent,gas,automatic,unknown,other,nm,unknown
3700,2002.0,toyota,260000.0,good,gas,automatic,rwd,SUV,ca,black
12995,2013.0,honda,160800.0,excellent,gas,automatic,4wd,SUV,id,black
32800,2019.0,ford,50200.0,excellent,gas,automatic,unknown,unknown,oh,white
12995,1998.0,gmc,56000.0,good,gas,automatic,rwd,unknown,wa,white
7500,2005.0,subaru,137000.0,excellent,gas,automatic,4wd,wagon,or,silver
17990,2014.0,hyundai,64904.0,good,gas,automatic,4wd,SUV,or,grey
12199,1998.0,jeep,108700.0,excellent,gas,manual,4wd,unknown,co,blue
15500,2013.0,ford,155103.0,excellent,gas,automatic,rwd,truck,pa,white
25990,2017.0,jaguar,18271.0,good,gas,other,unknown,sedan,md,silver
18988,2015.0,bmw,75697.0,unknown,gas,other,4wd,unknown,ma,black
38600,2016.0,toyota,39200.0,excellent,gas,automatic,4wd,truck,ca,silver
4500,2005.0,mini,110265.0,like new,gas,automatic,fwd,coupe,nv,blue
5600,2013.0,dodge,91000.0,excellent,gas,automatic,fwd,sedan,nc,blue
31995,2014.0,porsche,84700.0,like new,gas,automatic,unknown,unknown,ga,grey
22495,2015.0,audi,80638.0,unknown,gas,automatic,unknown,other,nj,white
5497,2005.0,ford,141602.0,unknown,gas,automatic,fwd,sedan,fl,unknown
6800,2003.0,jeep,171800.0,unknown,gas,automatic,4wd,SUV,ca,unknown
13999,2012.0,nissan,124689.0,excellent,gas,automatic,4wd,SUV,nj,silver
4515,2004.0,toyota,100000.0,like new,gas,automatic,fwd,sedan,md,silver
5500,2006.0,chrysler,111658.0,like new,gas,automatic,unknown,sedan,fl,black
79999,2020.0,gmc,25504.0,unknown,diesel,automatic,4wd,truck,id,white
29990,2017.0,jeep,28680.0,good,gas,other,4wd,other,ar,black
30590,2016.0,dodge,5937.0,good,gas,other,rwd,coupe,az,black
7999,2007.0,honda,145000.0,like new,gas,automatic,unknown,unknown,ca,unknown
14995,2008.0,ford,205033.0,unknown,diesel,automatic,unknown,unknown,mi,unknown
2000,2009.0,buick,200000.0,good,gas,automatic,unknown,sedan,oh,white
8700,2014.0,jeep,106619.0,good,gas,automatic,4wd,SUV,tx,unknown
28995,2011.0,gmc,207717.0,unknown,diesel,automatic,4wd,pickup,fl,white
22995,2012.0,jeep,101454.0,unknown,other,automatic,4wd,SUV,dc,black
5995,2012.0,nissan,34906.0,excellent,gas,automatic,fwd,hatchback,mn,silver
18000,2016.0,nissan,26000.0,like new,gas,manual,unknown,unknown,ok,unknown
9414,2010.0,jeep,150833.0,unknown,gas,automatic,4wd,unknown,oh,black
14995,2012.0,subaru,87971.0,excellent,gas,automatic,4wd,wagon,id,silver
2500,2008.0,honda,204561.0,good,gas,automatic,fwd,sedan,al,silver
19999,2017.0,ford,34365.0,unknown,gas,automatic,fwd,sedan,nv,unknown
11988,2013.0,buick,62150.0,excellent,gas,automatic,fwd,sedan,id,brown
30000,2018.0,ram,17080.0,unknown,gas,automatic,unknown,unknown,or,blue
31590,2017.0,jeep,30577.0,good,gas,other,4wd,other,tn,unknown
17990,2014.0,volkswagen,31374.0,good,diesel,other,fwd,wagon,wi,red
7995,2012.0,honda,167695.0,unknown,gas,manual,unknown,coupe,ok,black
10975,2009.0,honda,141707.0,unknown,gas,automatic,4wd,SUV,or,blue
81981,2021.0,ford,8253.0,unknown,diesel,automatic,4wd,pickup,tx,white
11900,2016.0,ford,104000.0,unknown,gas,automatic,unknown,unknown,ny,unknown
1950,1995.0,mercedes-benz,178000.0,fair,gas,automatic,rwd,unknown,ca,blue
59995,2017.0,ram,86303.0,unknown,other,automatic,4wd,pickup,ok,black
68550,2019.0,ford,7051.0,unknown,gas,automatic,4wd,SUV,in,white
3995,1998.0,honda,194949.0,unknown,gas,automatic,fwd,sedan,or,custom
39990,2020.0,buick,15490.0,good,gas,other,unknown,other,mi,black
6599,2007.0,hyundai,131000.0,unknown,gas,automatic,unknown,unknown,ny,unknown
4800,2010.0,subaru,140000.0,good,gas,automatic,unknown,unknown,ny,unknown
60990,2019.0,audi,8798.0,good,gas,automatic,unknown,other,ma,black
30590,2018.0,subaru,9489.0,good,gas,other,rwd,coupe,pa,blue
66995,2019.0,ram,49884.0,unknown,diesel,automatic,4wd,pickup,ca,black
12400,2013.0,ford,174085.0,good,other,automatic,unknown,bus,or,white
7500,2010.0,hyundai,110592.0,like new,gas,automatic,fwd,SUV,nv,grey
8995,2003.0,honda,100588.0,unknown,gas,automatic,unknown,unknown,ca,unknown
33990,2015.0,porsche,68239.0,good,gas,other,unknown,other,ca,blue
42999,2018.0,chevrolet,19945.0,unknown,gas,automatic,4wd,truck,or,white
4899,2008.0,chevrolet,123172.0,excellent,gas,automatic,fwd,coupe,oh,black
7800,2010.0,chevrolet,222000.0,good,gas,automatic,fwd,SUV,tx,black
6490,2007.0,honda,161450.0,excellent,gas,automatic,fwd,SUV,nc,blue
28990,2012.0,chevrolet,14921.0,excellent,gas,automatic,unknown,pickup,ca,white
3997,2000.0,toyota,176703.0,unknown,gas,automatic,fwd,unknown,wi,unknown
11995,2008.0,toyota,136000.0,excellent,gas,automatic,unknown,pickup,ma,blue
6000,2000.0,dodge,97000.0,good,gas,automatic,rwd,truck,az,white
3695,2004.0,chevrolet,179829.0,excellent,gas,automatic,4wd,SUV,oh,silver
16900,2016.0,dodge,101183.0,unknown,gas,other,4wd,SUV,ak,unknown
13996,2003.0,porsche,99685.0,good,gas,other,rwd,convertible,vt,black
25990,2017.0,jaguar,29170.0,good,other,other,unknown,sedan,oh,blue
3990,2009.0,chevrolet,175043.0,unknown,gas,automatic,4wd,SUV,nh,blue
12500,2008.0,honda,50000.0,good,gas,automatic,fwd,sedan,nm,green
6900,2013.0,volkswagen,98000.0,good,gas,automatic,fwd,hatchback,va,grey
16991,2015.0,bmw,78789.0,unknown,gas,automatic,unknown,sedan,dc,white
18377,2015.0,nissan,4817.0,excellent,gas,automatic,fwd,mini-van,md,silver
41900,2015.0,lexus,84437.0,like new,gas,automatic,4wd,SUV,tn,white
25590,2018.0,mitsubishi,25384.0,good,other,other,4wd,other,oh,black
11995,2016.0,chevrolet,103354.0,unknown,gas,automatic,unknown,unknown,il,unknown
19590,2014.0,mini,50293.0,good,gas,other,unknown,hatchback,ca,green
10988,2011.0,buick,98636.0,excellent,gas,automatic,fwd,sedan,ca,white
6700,2012.0,toyota,169000.0,like new,gas,automatic,fwd,unknown,ri,black
25990,2016.0,bmw,45611.0,good,gas,automatic,rwd,sedan,oh,black
9800,2008.0,ford,206177.0,good,diesel,automatic,unknown,truck,wi,unknown
15500,2008.0,ford,143000.0,unknown,diesel,automatic,unknown,unknown,il,unknown
5500,2006.0,ford,158000.0,excellent,gas,automatic,4wd,SUV,nc,grey
4500,2012.0,chevrolet,158000.0,unknown,gas,automatic,fwd,sedan,la,silver
45000,2018.0,ford,23965.0,like new,gas,automatic,4wd,truck,mi,red
9950,2010.0,lincoln,97300.0,excellent,gas,automatic,rwd,wagon,il,white
39590,2019.0,ram,22154.0,good,gas,other,4wd,pickup,ny,red
500,1991.0,volvo,229744.0,salvage,gas,automatic,unknown,unknown,ca,unknown
6700,2010.0,buick,113000.0,excellent,gas,automatic,fwd,sedan,mi,red
3995,2005.0,infiniti,268165.0,good,gas,automatic,rwd,sedan,ar,silver
8500,2011.0,volkswagen,137575.0,unknown,gas,automatic,unknown,unknown,tx,unknown
14995,2015.0,cadillac,94021.0,excellent,gas,automatic,fwd,SUV,tx,black
33990,2020.0,cadillac,9295.0,good,gas,other,unknown,hatchback,tx,silver
21590,2019.0,hyundai,11428.0,good,other,other,unknown,hatchback,pa,blue
24990,2012.0,rover,49214.0,good,gas,automatic,4wd,coupe,ky,black
17490,2015.0,toyota,111559.0,unknown,gas,automatic,unknown,unknown,me,unknown
5999,2014.0,mitsubishi,151488.0,excellent,gas,automatic,4wd,sedan,ca,unknown
4990,2010.0,chrysler,95914.0,unknown,gas,automatic,unknown,sedan,fl,white
11995,2012.0,nissan,94177.0,unknown,gas,automatic,4wd,SUV,or,unknown
29968,2014.0,gmc,97561.0,unknown,gas,automatic,unknown,unknown,nc,unknown
15998,2016.0,ford,55265.0,excellent,gas,automatic,4wd,SUV,oh,unknown
23990,2017.0,ford,20416.0,good,gas,other,fwd,hatchback,fl,black
15999,2011.0,ford,152711.0,excellent,gas,automatic,4wd,SUV,or,white
5350,2012.0,ford,96000.0,good,gas,automatic,fwd,sedan,ks,custom
8950,2012.0,honda,140438.0,excellent,gas,automatic,fwd,sedan,mi,grey
14800,2016.0,honda,54101.0,unknown,gas,automatic,fwd,sedan,fl,blue
49999,2019.0,ford,20629.0,unknown,gas,automatic,4wd,truck,id,white
7995,2012.0,toyota,161541.0,excellent,hybrid,automatic,unknown,other,ca,unknown
4895,2001.0,toyota,228832.0,excellent,gas,manual,4wd,SUV,ca,black
31990,2019.0,buick,23997.0,good,gas,other,unknown,SUV,oh,brown
24974,2018.0,jeep,31288.0,good,other,automatic,4wd,other,wi,black
10995,2005.0,mercedes-benz,82008.0,excellent,gas,automatic,4wd,sedan,vt,grey
39995,2015.0,ram,115148.0,unknown,gas,automatic,4wd,pickup,ak,brown
13000,2017.0,ford,73017.0,unknown,gas,automatic,fwd,SUV,fl,unknown
28990,2010.0,ford,130441.0,good,gas,automatic,4wd,unknown,ks,white
32590,2019.0,chevrolet,6770.0,good,other,other,unknown,other,tx,black
5950,2010.0,dodge,152000.0,good,gas,automatic,4wd,SUV,ny,silver
33999,2013.0,cadillac,79431.0,unknown,gas,automatic,rwd,SUV,az,unknown
17990,2013.0,subaru,41832.0,good,gas,other,unknown,hatchback,dc,black
11999,2008.0,gmc,119527.0,good,gas,automatic,rwd,truck,ca,white
4995,2011.0,ford,138000.0,good,gas,automatic,rwd,sedan,me,custom
41999,2014.0,ford,161533.0,unknown,diesel,automatic,unknown,unknown,tx,unknown
749,2021.0,bmw,10.0,new,gas,automatic,unknown,unknown,ny,unknown
24590,2017.0,chevrolet,40784.0,good,gas,other,unknown,pickup,nc,white
23995,2017.0,toyota,149000.0,excellent,gas,automatic,4wd,pickup,me,silver
34990,2018.0,ford,35965.0,good,gas,automatic,4wd,pickup,nc,red
15899,2017.0,chevrolet,49202.0,excellent,gas,automatic,unknown,unknown,id,unknown
43800,2015.0,chevrolet,88728.0,excellent,diesel,automatic,4wd,unknown,fl,black
12249,2011.0,cadillac,89472.0,good,gas,automatic,4wd,SUV,md,black
990,2001.0,ford,375555.0,salvage,gas,automatic,4wd,SUV,mi,white
35900,2019.0,subaru,24937.0,new,gas,automatic,4wd,SUV,tn,red
54995,2019.0,ram,39432.0,unknown,other,automatic,unknown,pickup,tx,black
24999,2013.0,porsche,115519.0,good,gas,other,4wd,sedan,ga,brown
10000,2009.0,ford,150000.0,good,gas,automatic,4wd,truck,tn,silver
3950,2007.0,hyundai,158112.0,excellent,gas,manual,fwd,sedan,ks,blue
39995,2014.0,mercedes-benz,72283.0,unknown,gas,automatic,unknown,sedan,fl,black
32990,2019.0,chevrolet,6897.0,good,other,other,unknown,pickup,sc,black
13990,2011.0,mercedes-benz,79825.0,unknown,gas,automatic,unknown,sedan,co,white
37990,2020.0,acura,43097.0,good,gas,other,unknown,other,md,black
10900,2013.0,chevrolet,130000.0,excellent,gas,automatic,4wd,SUV,co,grey
15988,2003.0,ford,220860.0,unknown,diesel,automatic,4wd,pickup,az,grey
9490,2013.0,ford,135760.0,unknown,gas,automatic,unknown,pickup,pa,unknown
64999,2018.0,ram,77424.0,unknown,diesel,automatic,4wd,truck,or,unknown
39990,2013.0,chevrolet,119000.0,good,gas,automatic,rwd,unknown,ia,white
10900,2011.0,gmc,162000.0,good,gas,automatic,4wd,unknown,mi,blue
27590,2019.0,jeep,6955.0,good,gas,other,4wd,SUV,oh,silver
8900,2010.0,bmw,59509.0,excellent,gas,automatic,unknown,wagon,or,unknown
16900,2014.0,ford,35173.0,excellent,gas,automatic,fwd,van,tn,white
18990,2014.0,nissan,61089.0,good,other,other,unknown,other,ca,unknown
5800,2006.0,nissan,244000.0,fair,gas,automatic,4wd,pickup,az,white
9000,2013.0,honda,104000.0,unknown,gas,automatic,unknown,sedan,nc,white
13750,2017.0,chevrolet,80753.0,unknown,gas,automatic,unknown,sedan,la,unknown
5950,2003.0,toyota,114754.0,unknown,gas,automatic,fwd,sedan,nc,black
5100,2006.0,mercedes-benz,202000.0,like new,gas,automatic,rwd,sedan,ca,blue
10995,2013.0,hyundai,62893.0,excellent,gas,manual,fwd,coupe,in,black
4000,2002.0,ford,300000.0,excellent,gas,automatic,4wd,pickup,tn,blue
3400,2008.0,ford,181000.0,good,gas,automatic,4wd,wagon,mi,silver
24990,2018.0,bmw,22087.0,good,other,other,rwd,sedan,tx,blue
20990,2017.0,volkswagen,13716.0,unknown,gas,automatic,fwd,SUV,hi,white
24990,2009.0,toyota,118541.0,unknown,gas,automatic,4wd,wagon,or,unknown
15787,2016.0,honda,65140.0,excellent,gas,automatic,fwd,sedan,ok,unknown
41500,2007.0,ford,69829.0,unknown,diesel,automatic,unknown,other,wa,white
11000,2002.0,chevrolet,61000.0,good,gas,automatic,4wd,truck,nj,silver
19950,1996.0,ford,206620.0,excellent,diesel,automatic,4wd,pickup,ca,white
6498,2006.0,subaru,149200.0,unknown,gas,automatic,unknown,SUV,ct,red
10500,2012.0,nissan,135842.0,excellent,gas,automatic,unknown,van,tn,unknown
16990,2019.0,chevrolet,30484.0,good,gas,other,fwd,hatchback,sc,unknown
31590,2019.0,jeep,12656.0,good,other,other,4wd,other,co,unknown
16590,2017.0,nissan,28558.0,good,gas,other,fwd,sedan,ca,blue
3975,2006.0,pontiac,187000.0,excellent,gas,automatic,fwd,sedan,ca,silver
17900,2010.0,porsche,77688.0,unknown,gas,manual,rwd,convertible,pa,white
5500,2008.0,honda,154000.0,good,gas,automatic,fwd,sedan,ma,silver
29987,2003.0,ford,38376.0,unknown,gas,manual,rwd,convertible,fl,white
3500,2005.0,chevrolet,160050.0,good,gas,manual,fwd,coupe,va,yellow
2900,1999.0,ford,135000.0,good,gas,automatic,4wd,pickup,ct,blue
8500,2011.0,chevrolet,123400.0,excellent,gas,automatic,4wd,SUV,mn,silver
30590,2017.0,jaguar,17022.0,good,other,other,rwd,sedan,co,silver
52990,2018.0,lincoln,29995.0,good,gas,other,unknown,SUV,sc,black
30990,2019.0,lincoln,7256.0,good,gas,other,fwd,sedan,ky,unknown
27590,2018.0,buick,32088.0,good,other,other,fwd,SUV,oh,unknown
19995,2014.0,ford,262502.0,good,diesel,automatic,rwd,pickup,ny,unknown
7317,2006.0,ford,160845.0,excellent,gas,automatic,4wd,truck,mi,unknown
11495,2016.0,jeep,92352.0,unknown,gas,automatic,fwd,SUV,tx,unknown
9995,2015.0,kia,42535.0,unknown,gas,automatic,fwd,sedan,mn,black
10295,1992.0,honda,64375.0,excellent,gas,manual,unknown,coupe,ma,red
40998,2019.0,ford,32611.0,unknown,other,automatic,4wd,pickup,ok,white
29499,2012.0,ford,140947.0,unknown,gas,automatic,unknown,unknown,wa,unknown
11995,2015.0,chevrolet,100932.0,unknown,gas,automatic,fwd,sedan,ks,black
24590,2020.0,mini,9495.0,good,gas,other,fwd,hatchback,nv,red
14995,2015.0,toyota,69246.0,excellent,gas,automatic,fwd,sedan,wi,red
7800,2007.0,chevrolet,93200.0,good,gas,automatic,4wd,truck,vt,white
7900,2009.0,audi,118451.0,unknown,gas,automatic,4wd,unknown,co,unknown
25990,2013.0,toyota,98879.0,good,gas,other,unknown,pickup,pa,white
8595,2009.0,ford,213234.0,excellent,gas,automatic,rwd,truck,nc,black
25990,2014.0,gmc,15575.0,good,gas,other,unknown,pickup,ok,brown
920,1995.0,chevrolet,138000.0,good,gas,automatic,rwd,van,tx,black
5500,2009.0,mazda,190004.0,like new,gas,automatic,fwd,sedan,va,silver
2800,2008.0,mazda,252759.0,excellent,gas,manual,fwd,sedan,pa,black
3495,2006.0,jeep,153200.0,excellent,gas,automatic,4wd,SUV,oh,red
3300,2007.0,mazda,188000.0,good,gas,automatic,fwd,sedan,nj,grey
12995,2016.0,dodge,127000.0,excellent,gas,automatic,fwd,SUV,mi,black
6500,1999.0,chevrolet,128.0,unknown,gas,automatic,unknown,unknown,ca,unknown
8900,2013.0,honda,58000.0,unknown,gas,automatic,fwd,sedan,or,unknown
25990,2019.0,dodge,28.0,good,gas,other,fwd,van,ct,black
13995,2015.0,chevrolet,35480.0,like new,gas,automatic,fwd,sedan,ca,white
7995,2006.0,jaguar,91325.0,excellent,gas,automatic,unknown,other,ma,unknown
39999,2007.0,ram,85134.0,unknown,diesel,automatic,4wd,truck,or,unknown
37500,2015.0,ford,120015.0,unknown,other,automatic,unknown,pickup,tx,unknown
12900,2007.0,mercedes-benz,85704.0,good,gas,automatic,rwd,sedan,mo,blue
36998,2015.0,ford,76868.0,unknown,gas,automatic,4wd,truck,mt,unknown
26999,2013.0,ford,238376.0,unknown,diesel,automatic,unknown,unknown,tx,unknown
34500,2015.0,ford,95580.0,unknown,gas,automatic,4wd,pickup,sc,white
11000,2010.0,ford,79400.0,like new,gas,automatic,rwd,coupe,nc,red
15900,2016.0,mazda,86100.0,like new,gas,automatic,fwd,SUV,nm,custom
1950,2000.0,toyota,187000.0,good,gas,manual,fwd,sedan,nm,white
4000,2003.0,ford,174000.0,unknown,gas,automatic,unknown,unknown,hi,unknown
25990,2019.0,gmc,70640.0,good,gas,other,fwd,SUV,tn,white
4400,2009.0,ford,183000.0,good,gas,automatic,fwd,SUV,mi,black
15998,2015.0,ford,95970.0,unknown,gas,automatic,4wd,SUV,id,white
28590,2013.0,subaru,50764.0,good,other,other,unknown,sedan,md,black
36981,2018.0,ford,14640.0,unknown,other,automatic,4wd,unknown,ca,unknown
8000,2012.0,nissan,160000.0,excellent,gas,automatic,fwd,unknown,ne,white
25000,2016.0,chevrolet,26600.0,excellent,gas,automatic,4wd,pickup,mt,unknown
6999,2006.0,cadillac,126111.0,excellent,gas,automatic,rwd,sedan,ca,white
19900,2015.0,dodge,94599.0,unknown,gas,automatic,fwd,van,or,unknown
10995,2013.0,lincoln,128792.0,unknown,gas,automatic,unknown,SUV,id,black
18995,2015.0,nissan,27037.0,good,gas,automatic,fwd,van,ny,unknown
13997,2017.0,ford,34792.0,unknown,gas,manual,fwd,sedan,fl,grey
25900,2006.0,chevrolet,130000.0,like new,diesel,automatic,4wd,unknown,az,unknown
33579,2020.0,ford,26183.0,unknown,gas,automatic,rwd,unknown,in,white
24995,2010.0,ford,81165.0,excellent,gas,automatic,4wd,truck,ny,blue
30590,2017.0,audi,24238.0,good,gas,automatic,unknown,sedan,pa,white
1000,2015.0,chrysler,78000.0,unknown,gas,automatic,unknown,unknown,ca,unknown
4900,2004.0,nissan,180.0,good,gas,automatic,unknown,unknown,hi,unknown
6995,2008.0,nissan,135000.0,unknown,gas,automatic,4wd,unknown,ny,unknown
1500,2010.0,chevrolet,143000.0,like new,gas,automatic,4wd,truck,nh,grey
15999,2013.0,ford,81878.0,unknown,gas,automatic,4wd,SUV,ca,white
18736,2017.0,ford,36402.0,unknown,gas,automatic,4wd,SUV,ny,black
4900,2003.0,gmc,183238.0,excellent,gas,automatic,4wd,SUV,fl,white
6975,2011.0,hyundai,105054.0,excellent,gas,automatic,fwd,sedan,ca,blue
33590,2020.0,mini,1054.0,good,gas,other,fwd,hatchback,fl,green
36986,2018.0,toyota,66373.0,excellent,gas,automatic,4wd,SUV,wi,grey
19900,2007.0,ford,50000.0,unknown,gas,automatic,unknown,unknown,fl,unknown
2600,2008.0,ford,501.0,unknown,gas,automatic,fwd,SUV,md,black
12999,2012.0,toyota,141161.0,unknown,gas,automatic,4wd,SUV,co,unknown
39598,2016.0,chevrolet,75604.0,unknown,gas,automatic,4wd,pickup,il,unknown
43950,2011.0,chevrolet,0.0,excellent,diesel,automatic,4wd,pickup,ca,grey
11995,2017.0,ford,35848.0,unknown,gas,automatic,fwd,unknown,mi,unknown
3300,1998.0,gmc,78000.0,fair,diesel,automatic,unknown,unknown,md,unknown
21590,2019.0,kia,18640.0,good,other,other,fwd,wagon,tx,blue
12972,2008.0,toyota,99266.0,unknown,gas,automatic,unknown,SUV,or,custom
28990,2012.0,bmw,70703.0,good,gas,other,rwd,other,ca,silver
17995,2007.0,pontiac,13000.0,excellent,gas,manual,rwd,unknown,ny,yellow
38990,2018.0,ram,2842.0,unknown,other,automatic,unknown,unknown,la,unknown
6995,2012.0,dodge,103000.0,unknown,gas,automatic,unknown,unknown,ma,unknown
35590,2015.0,dodge,40626.0,good,gas,other,rwd,coupe,fl,unknown
16990,2016.0,kia,17631.0,good,gas,other,fwd,coupe,wi,unknown
22990,2017.0,infiniti,21297.0,good,other,other,unknown,hatchback,ny,black
9000,2008.0,chevrolet,178524.0,excellent,gas,automatic,rwd,SUV,tx,white
11950,2010.0,gmc,166763.0,excellent,gas,automatic,4wd,truck,mi,black
12999,2013.0,bmw,63803.0,unknown,gas,automatic,rwd,sedan,nv,unknown
31590,2014.0,ford,54152.0,good,other,other,4wd,pickup,ny,blue
26590,2017.0,lexus,31870.0,good,gas,other,rwd,sedan,tx,silver
18988,2015.0,ford,92720.0,unknown,gas,automatic,unknown,unknown,ia,unknown
39998,2020.0,toyota,14134.0,unknown,hybrid,automatic,4wd,SUV,mt,unknown
13995,2009.0,nissan,153581.0,good,gas,automatic,rwd,pickup,fl,unknown
13990,2015.0,nissan,67000.0,good,gas,automatic,4wd,SUV,ma,black
13590,2009.0,mercedes-benz,77034.0,good,other,other,unknown,sedan,nc,unknown
9995,2015.0,mazda,78102.0,unknown,gas,automatic,unknown,sedan,ca,unknown
27000,2016.0,ram,71962.0,unknown,other,automatic,4wd,pickup,oh,blue
32995,2013.0,ford,51000.0,unknown,gas,automatic,unknown,unknown,co,unknown
43990,2020.0,jaguar,8157.0,good,gas,other,unknown,other,il,unknown
14590,2013.0,volvo,99204.0,good,gas,other,unknown,sedan,oh,black
6500,2012.0,jeep,140000.0,good,gas,automatic,4wd,SUV,pa,grey
7000,2018.0,toyota,32666.0,unknown,gas,automatic,unknown,unknown,ca,unknown
12750,2011.0,bmw,102046.0,unknown,gas,automatic,unknown,convertible,dc,white
12788,2015.0,subaru,91563.0,good,gas,automatic,unknown,sedan,ca,green
4550,2005.0,ford,140.0,unknown,gas,automatic,unknown,unknown,tx,unknown
15950,2013.0,toyota,75000.0,excellent,gas,automatic,unknown,truck,ia,silver
30590,2017.0,infiniti,34415.0,good,gas,other,unknown,coupe,nj,black
34990,2020.0,ford,7380.0,good,gas,other,unknown,pickup,wi,unknown
34881,2015.0,gmc,125640.0,excellent,gas,automatic,unknown,SUV,nc,black
9982,2012.0,toyota,134754.0,unknown,gas,automatic,4wd,SUV,fl,red
7750,2011.0,mini,110589.0,excellent,gas,automatic,fwd,hatchback,ca,red
34590,2019.0,volkswagen,13002.0,good,other,other,unknown,sedan,nv,black
12500,2014.0,ford,149292.0,unknown,gas,automatic,unknown,unknown,mo,unknown
5995,2008.0,ford,163150.0,unknown,gas,automatic,fwd,SUV,ar,blue
15750,2011.0,rover,106202.0,unknown,gas,automatic,4wd,SUV,la,black
18989,2013.0,subaru,60235.0,unknown,gas,manual,rwd,coupe,tx,blue
3200,2006.0,infiniti,171000.0,good,gas,automatic,4wd,sedan,nc,silver
20664,2015.0,cadillac,41257.0,unknown,gas,automatic,unknown,unknown,in,unknown
10985,2013.0,kia,43425.0,unknown,gas,automatic,fwd,wagon,oh,blue
11500,1990.0,mercedes-benz,117234.0,unknown,gas,automatic,unknown,convertible,fl,silver
14950,2012.0,gmc,144543.0,unknown,gas,automatic,4wd,unknown,oh,unknown
3900,2009.0,cadillac,180000.0,good,gas,automatic,unknown,unknown,or,unknown
18590,2017.0,toyota,21032.0,good,other,other,fwd,sedan,ca,unknown
15000,2014.0,ford,133000.0,good,gas,automatic,4wd,wagon,mo,blue
13971,2017.0,nissan,85198.0,excellent,gas,other,unknown,sedan,ca,unknown
29999,2015.0,chevrolet,100554.0,unknown,gas,automatic,4wd,SUV,ca,unknown
3000,2007.0,chrysler,156.0,fair,gas,automatic,unknown,other,nc,custom
52995,2016.0,ram,56378.0,excellent,gas,automatic,4wd,truck,ny,grey
2500,2012.0,ram,208000.0,fair,gas,automatic,fwd,unknown,oh,white
8950,2015.0,nissan,85000.0,excellent,gas,automatic,fwd,sedan,ia,silver
18950,2012.0,porsche,129466.0,unknown,gas,automatic,unknown,unknown,wi,unknown
39999,2017.0,chevrolet,17728.0,unknown,gas,automatic,rwd,coupe,az,blue
8500,2007.0,toyota,67232.0,excellent,gas,automatic,fwd,sedan,ca,unknown
10990,2016.0,hyundai,80436.0,excellent,gas,automatic,unknown,sedan,ca,unknown
3995,2007.0,chevrolet,146000.0,like new,gas,automatic,fwd,sedan,tn,custom
23590,2017.0,volvo,56433.0,good,other,automatic,unknown,wagon,ri,unknown
5998,2008.0,honda,159000.0,excellent,gas,manual,fwd,coupe,ok,silver
24990,2014.0,mercedes-benz,34369.0,good,gas,other,unknown,sedan,ny,white
38888,2018.0,ford,88310.0,unknown,gas,automatic,unknown,unknown,tx,unknown
865,2021.0,cadillac,0.0,excellent,gas,automatic,4wd,sedan,mi,unknown
18795,2016.0,ford,128072.0,unknown,gas,automatic,4wd,SUV,dc,black
9500,2005.0,ram,113275.0,good,gas,automatic,4wd,truck,fl,silver
25499,2019.0,volkswagen,8766.0,unknown,gas,other,4wd,SUV,ak,green
23996,2018.0,audi,30765.0,unknown,gas,automatic,fwd,sedan,fl,red
33600,2019.0,ford,37300.0,excellent,gas,automatic,unknown,unknown,oh,white
10995,2002.0,toyota,218858.0,excellent,gas,manual,rwd,pickup,ca,white
37990,2018.0,tesla,10938.0,good,electric,other,rwd,sedan,ks,red
34990,2020.0,nissan,13188.0,good,gas,other,rwd,coupe,md,unknown
2500,1997.0,subaru,223800.0,good,gas,automatic,4wd,mini-van,co,red
24990,2019.0,nissan,6380.0,good,gas,other,fwd,pickup,nm,black
6995,2009.0,toyota,135000.0,unknown,gas,automatic,unknown,unknown,pa,unknown
6995,2012.0,chevrolet,75730.0,excellent,gas,manual,fwd,sedan,ia,red
6000,2010.0,mazda,152000.0,good,gas,automatic,fwd,sedan,mt,black
21950,2013.0,chevrolet,97697.0,good,gas,automatic,4wd,truck,in,blue
16999,2009.0,gmc,101977.0,excellent,gas,automatic,unknown,pickup,nj,grey
25000,2012.0,toyota,82500.0,excellent,gas,automatic,4wd,pickup,nm,silver
1000,2005.0,toyota,220000.0,excellent,gas,automatic,fwd,SUV,tn,silver
12540,2018.0,nissan,35114.0,unknown,gas,automatic,fwd,sedan,fl,silver
1000,2014.0,jeep,100000.0,unknown,gas,automatic,unknown,unknown,fl,unknown
26352,2018.0,honda,23056.0,unknown,gas,automatic,4wd,unknown,pa,unknown
4000,2005.0,gmc,200000.0,good,gas,automatic,4wd,SUV,mi,grey
54000,2019.0,mercedes-benz,3648.0,new,gas,automatic,unknown,sedan,id,black
10000,2013.0,toyota,116000.0,excellent,hybrid,automatic,unknown,unknown,tx,red
29999,2011.0,toyota,58000.0,unknown,gas,automatic,4wd,truck,ca,black
8000,1997.0,ford,197000.0,fair,diesel,automatic,rwd,truck,oh,white
27977,2019.0,ford,42375.0,excellent,gas,automatic,4wd,SUV,or,unknown
52999,2021.0,toyota,6057.0,unknown,gas,automatic,4wd,truck,id,white
8995,2017.0,nissan,93623.0,unknown,gas,automatic,fwd,sedan,nj,grey
4000,2011.0,toyota,275000.0,good,hybrid,automatic,fwd,hatchback,vt,unknown
28981,2018.0,toyota,22151.0,unknown,hybrid,automatic,fwd,sedan,ca,blue
21895,2017.0,ford,33008.0,unknown,gas,automatic,rwd,unknown,in,unknown
7500,2002.0,bmw,198376.0,like new,gas,automatic,rwd,unknown,ca,grey
7599,2012.0,hyundai,83542.0,unknown,gas,automatic,fwd,sedan,md,unknown
4999,2002.0,subaru,198200.0,unknown,gas,manual,unknown,unknown,co,unknown
26995,2019.0,volkswagen,9290.0,unknown,gas,automatic,fwd,sedan,az,white
37990,2020.0,cadillac,1366.0,good,gas,other,unknown,hatchback,il,white
39999,2018.0,jeep,37749.0,unknown,gas,automatic,4wd,SUV,wa,custom
10995,2013.0,mercedes-benz,74235.0,unknown,gas,automatic,unknown,other,pa,black
2900,1998.0,honda,171753.0,good,gas,automatic,4wd,SUV,oh,green
26999,2002.0,chevrolet,8247.0,unknown,other,automatic,unknown,convertible,ca,red
4900,2006.0,nissan,133500.0,good,gas,automatic,4wd,unknown,ny,white
28590,2019.0,fiat,3662.0,good,gas,other,rwd,other,ks,black
28990,2012.0,bmw,70703.0,good,gas,other,rwd,other,ma,silver
10995,2015.0,kia,80435.0,excellent,gas,other,unknown,wagon,ca,unknown
3995,2005.0,mini,189482.0,unknown,gas,manual,fwd,coupe,nc,grey
31579,2015.0,chevrolet,96882.0,excellent,gas,automatic,rwd,SUV,az,black
5495,2003.0,gmc,146958.0,unknown,gas,automatic,4wd,SUV,id,grey
11995,2012.0,ford,114000.0,excellent,gas,automatic,rwd,coupe,nh,black
5800,2004.0,toyota,282500.0,good,gas,automatic,rwd,truck,tx,unknown
6895,2007.0,jeep,107520.0,good,gas,automatic,4wd,SUV,nm,silver
5900,2005.0,subaru,200000.0,excellent,gas,automatic,unknown,unknown,wa,unknown
17973,2012.0,subaru,150111.0,good,gas,manual,4wd,wagon,nj,silver
30988,2016.0,chevrolet,50846.0,unknown,gas,automatic,unknown,unknown,ia,unknown
16199,2016.0,toyota,106846.0,unknown,gas,automatic,fwd,unknown,mn,red
29968,2014.0,gmc,97561.0,unknown,gas,automatic,unknown,unknown,nc,unknown
29500,2015.0,toyota,120967.0,unknown,other,automatic,4wd,pickup,ar,unknown
10550,2018.0,nissan,74425.0,unknown,gas,automatic,fwd,SUV,ut,silver
23995,2013.0,chevrolet,96572.0,good,gas,automatic,4wd,van,mn,black
5500,2005.0,ford,92000.0,excellent,gas,automatic,4wd,SUV,pa,red
5800,2012.0,toyota,215000.0,unknown,hybrid,automatic,unknown,unknown,nj,unknown
23990,2018.0,nissan,62189.0,unknown,other,automatic,unknown,unknown,la,unknown
22300,2017.0,ford,113617.0,excellent,gas,automatic,rwd,van,ar,white
3500,2007.0,hyundai,110000.0,good,gas,automatic,fwd,SUV,ny,silver
59990,2019.0,audi,8930.0,good,gas,automatic,unknown,other,fl,black
7350,2013.0,chrysler,104627.0,good,gas,automatic,fwd,sedan,ar,grey
7700,2010.0,nissan,122225.0,good,gas,automatic,4wd,SUV,oh,grey
12900,2005.0,chevrolet,67728.0,unknown,gas,automatic,rwd,truck,mi,white
33495,2018.0,jeep,80448.0,good,gas,automatic,4wd,SUV,ca,black
5495,2010.0,toyota,177850.0,good,gas,automatic,fwd,sedan,ct,silver
18927,2018.0,mazda,27437.0,unknown,gas,automatic,4wd,SUV,ny,silver
4999,2002.0,honda,173557.0,excellent,gas,automatic,fwd,sedan,fl,silver
13999,2013.0,honda,142846.0,excellent,gas,automatic,fwd,sedan,ca,grey
36999,2015.0,toyota,84938.0,unknown,gas,automatic,4wd,pickup,wa,blue
5725,2005.0,jeep,141000.0,good,gas,automatic,4wd,SUV,mi,black
41590,2020.0,buick,29010.0,good,gas,other,fwd,SUV,nc,red
23990,2018.0,subaru,40820.0,good,gas,other,unknown,hatchback,pa,green
45998,2019.0,ram,74893.0,unknown,hybrid,automatic,4wd,truck,mt,unknown
5970,2015.0,chevrolet,98110.0,excellent,gas,automatic,fwd,hatchback,va,red
6999,2003.0,chevrolet,210056.0,excellent,gas,automatic,4wd,SUV,co,black
36988,2018.0,chevrolet,19665.0,like new,gas,automatic,unknown,unknown,tx,unknown
7999,2013.0,ford,110353.0,unknown,gas,automatic,unknown,sedan,oh,silver
43990,2015.0,gmc,113961.0,unknown,diesel,automatic,4wd,pickup,fl,black
28590,2019.0,volkswagen,2907.0,good,gas,other,unknown,wagon,fl,blue
30681,2019.0,dodge,24749.0,unknown,gas,automatic,4wd,SUV,wa,white
49995,2019.0,ford,40807.0,excellent,diesel,automatic,4wd,pickup,mn,white
13200,2008.0,nissan,194000.0,good,gas,automatic,rwd,pickup,tn,green
14000,2017.0,nissan,60000.0,like new,gas,automatic,fwd,sedan,ok,custom
35590,2020.0,volvo,10735.0,good,gas,other,fwd,wagon,ct,red
6995,2010.0,jeep,175000.0,unknown,gas,automatic,unknown,unknown,pa,unknown
14295,2013.0,ford,148000.0,unknown,gas,automatic,unknown,unknown,mn,unknown
45000,2018.0,ford,52085.0,unknown,gas,automatic,4wd,pickup,fl,white
6990,2004.0,chevrolet,120720.0,unknown,gas,automatic,4wd,SUV,or,silver
2895,2003.0,toyota,189000.0,good,gas,automatic,fwd,sedan,in,silver
38888,2018.0,ford,88310.0,unknown,gas,automatic,unknown,unknown,ar,unknown
9997,2008.0,honda,93000.0,excellent,gas,manual,unknown,sedan,ca,grey
4899,2009.0,nissan,87491.0,unknown,gas,automatic,fwd,sedan,ny,black
35750,2016.0,chevrolet,55721.0,unknown,gas,automatic,rwd,coupe,la,yellow
10500,2011.0,ford,150000.0,excellent,gas,automatic,unknown,unknown,al,unknown
8100,2016.0,jeep,125000.0,excellent,gas,automatic,fwd,unknown,ky,white
23590,2018.0,subaru,44201.0,good,gas,automatic,unknown,hatchback,sc,blue
8915,2015.0,hyundai,125437.0,like new,gas,automatic,fwd,sedan,ca,red
9995,2010.0,audi,136337.0,unknown,other,automatic,4wd,SUV,co,black
12999,2010.0,infiniti,78300.0,good,gas,automatic,rwd,sedan,ca,black
35990,2019.0,bmw,19260.0,good,gas,other,unknown,sedan,ks,white
24992,2017.0,audi,83880.0,unknown,gas,automatic,4wd,SUV,ca,custom
26990,2019.0,volkswagen,13663.0,good,gas,other,fwd,sedan,oh,unknown
6990,1995.0,chevrolet,225268.0,good,gas,automatic,4wd,SUV,mi,white
11800,2015.0,nissan,55000.0,new,gas,automatic,4wd,unknown,ny,red
20000,2007.0,gmc,125000.0,excellent,diesel,automatic,rwd,truck,ca,white
3000,2003.0,volkswagen,247000.0,good,diesel,manual,fwd,hatchback,me,blue
12000,2012.0,ford,130000.0,good,gas,automatic,4wd,truck,mi,silver
23590,2017.0,kia,55976.0,good,gas,automatic,rwd,sedan,az,silver
17950,2014.0,bmw,52000.0,excellent,gas,automatic,unknown,sedan,ca,black
20999,2014.0,ford,109957.0,unknown,gas,automatic,4wd,pickup,nj,silver
4490,2001.0,jeep,164970.0,excellent,gas,automatic,4wd,SUV,nc,unknown
28500,2018.0,infiniti,46959.0,unknown,gas,automatic,fwd,SUV,ca,white
34590,2018.0,ford,20856.0,good,gas,other,unknown,pickup,ms,white
29990,2018.0,alfa-romeo,26978.0,good,other,other,unknown,hatchback,va,unknown
17990,2012.0,jaguar,74184.0,good,gas,other,rwd,sedan,ca,black
7900,2018.0,kia,83000.0,good,gas,automatic,unknown,sedan,tx,blue
29668,2021.0,gmc,1402.0,unknown,gas,automatic,unknown,unknown,ga,unknown
3880,2004.0,toyota,256733.0,unknown,gas,automatic,fwd,wagon,ga,unknown
68516,2017.0,ford,28867.0,unknown,diesel,automatic,4wd,truck,id,black
40990,2019.0,toyota,3700.0,excellent,gas,automatic,unknown,van,fl,unknown
9699,2018.0,ford,56322.0,unknown,gas,automatic,fwd,other,fl,orange
14995,2005.0,ford,101514.0,unknown,diesel,automatic,4wd,pickup,nj,red
10000,2000.0,ford,77672.0,excellent,gas,manual,rwd,coupe,ks,red
3900,2006.0,jeep,170000.0,excellent,gas,automatic,4wd,SUV,mi,green
38990,2014.0,toyota,25560.0,unknown,gas,automatic,4wd,SUV,or,unknown
52995,2017.0,ford,131246.0,unknown,diesel,automatic,4wd,pickup,ar,black
29995,2015.0,gmc,16000.0,like new,gas,automatic,4wd,pickup,ok,brown
26590,2015.0,hyundai,17620.0,good,gas,other,rwd,sedan,or,silver
21990,2019.0,honda,20826.0,good,other,other,unknown,hatchback,ca,white
7795,2013.0,ford,104283.0,excellent,hybrid,automatic,unknown,unknown,de,unknown
20990,2015.0,honda,11410.0,good,gas,other,fwd,sedan,ca,unknown
6900,1999.0,chevrolet,200000.0,good,gas,automatic,rwd,pickup,ny,brown
28990,2016.0,lexus,11264.0,good,gas,other,fwd,sedan,ma,red
22990,2017.0,dodge,24293.0,good,gas,other,rwd,coupe,la,red
14490,2010.0,gmc,182629.0,excellent,gas,automatic,4wd,pickup,il,black
31950,2018.0,chevrolet,36994.0,unknown,gas,automatic,4wd,unknown,mi,unknown
28994,2015.0,rover,33080.0,unknown,gas,automatic,unknown,SUV,mi,unknown
17500,2012.0,chevrolet,102000.0,excellent,gas,automatic,rwd,SUV,nc,black
22990,2020.0,mini,13214.0,good,gas,other,fwd,hatchback,ca,red
5950,2009.0,kia,118000.0,good,gas,automatic,4wd,SUV,or,green
8995,2005.0,nissan,123299.0,unknown,gas,manual,rwd,coupe,ks,silver
26999,2019.0,toyota,24743.0,unknown,gas,automatic,fwd,SUV,or,black
1905,2014.0,honda,102635.0,unknown,gas,automatic,unknown,SUV,tx,grey
44846,2019.0,audi,3457.0,unknown,gas,automatic,4wd,SUV,hi,grey
21990,2011.0,ford,32652.0,good,gas,other,unknown,pickup,pa,unknown
30000,2014.0,gmc,74270.0,excellent,gas,automatic,4wd,pickup,wa,grey
15995,2013.0,ford,142261.0,unknown,gas,automatic,unknown,SUV,tx,white
10980,2015.0,hyundai,112357.0,unknown,gas,automatic,fwd,sedan,mt,silver
38990,2019.0,toyota,11877.0,good,other,other,unknown,other,de,white
16590,2020.0,kia,24060.0,good,gas,other,fwd,wagon,in,silver
6977,2011.0,honda,112396.0,unknown,gas,automatic,unknown,sedan,mt,white
6500,2010.0,ford,58000.0,good,gas,automatic,fwd,sedan,id,silver
34590,2020.0,cadillac,9624.0,good,gas,other,unknown,hatchback,oh,white
10965,2016.0,ford,156925.0,excellent,gas,automatic,fwd,sedan,mi,silver
18993,2010.0,rover,102312.0,unknown,gas,automatic,4wd,SUV,id,brown
59950,2019.0,ram,5726.0,unknown,other,automatic,4wd,unknown,ca,black
17995,2013.0,chevrolet,86610.0,good,other,automatic,rwd,van,ny,white
18990,2011.0,infiniti,65693.0,good,gas,manual,rwd,coupe,ny,black
8995,2009.0,jeep,121120.0,unknown,gas,automatic,4wd,SUV,oh,unknown
42590,2018.0,toyota,26887.0,good,other,other,unknown,SUV,fl,unknown
7750,2007.0,chevrolet,103086.0,good,gas,automatic,4wd,truck,me,green
5900,2013.0,subaru,131500.0,good,gas,automatic,4wd,hatchback,mn,silver
39900,2015.0,ford,74874.0,excellent,diesel,automatic,4wd,truck,ny,brown
3500,2000.0,chevrolet,182484.0,good,gas,automatic,rwd,van,pa,grey
17888,2007.0,toyota,168330.0,unknown,gas,automatic,4wd,wagon,ca,unknown
6997,2010.0,nissan,72776.0,unknown,gas,automatic,fwd,unknown,wi,unknown
24990,2020.0,honda,307.0,good,gas,other,fwd,sedan,ma,silver
29990,2016.0,mercedes-benz,24230.0,good,gas,other,rwd,other,tx,red
46999,2015.0,porsche,30499.0,excellent,gas,automatic,unknown,sedan,fl,white
12800,2009.0,nissan,110000.0,like new,gas,manual,rwd,coupe,ca,black
28990,2017.0,infiniti,15868.0,good,other,other,unknown,coupe,nv,blue
41900,2018.0,ram,94000.0,excellent,diesel,automatic,4wd,pickup,tx,silver
27995,2016.0,subaru,56820.0,unknown,gas,manual,unknown,sedan,ia,blue
5950,2005.0,chrysler,90800.0,good,gas,automatic,fwd,convertible,fl,red
19000,1998.0,chevrolet,41000.0,good,gas,automatic,rwd,unknown,oh,unknown
6900,2011.0,nissan,87563.0,good,gas,automatic,fwd,sedan,co,silver
9995,2002.0,chevrolet,197997.0,unknown,gas,automatic,unknown,unknown,ca,unknown
6995,2013.0,nissan,39055.0,unknown,electric,automatic,unknown,unknown,or,unknown
19500,2009.0,gmc,129000.0,good,diesel,automatic,rwd,other,ny,unknown
17111,2014.0,audi,119691.0,unknown,other,automatic,unknown,SUV,fl,unknown
5495,2012.0,chevrolet,106860.0,good,gas,automatic,unknown,sedan,ky,black
32999,2017.0,chevrolet,128974.0,unknown,gas,automatic,4wd,truck,wa,grey
15900,2013.0,lexus,81000.0,excellent,gas,automatic,fwd,sedan,al,white
21995,2015.0,jeep,45713.0,unknown,gas,automatic,4wd,SUV,nh,white
24979,2015.0,ford,78303.0,good,gas,automatic,4wd,SUV,or,grey
1000,1998.0,chrysler,191500.0,fair,gas,automatic,fwd,sedan,or,green
15500,1990.0,porsche,118000.0,excellent,gas,manual,rwd,convertible,oh,black
54258,2020.0,ford,10378.0,unknown,gas,automatic,unknown,unknown,fl,unknown
8950,2014.0,honda,191500.0,unknown,gas,automatic,unknown,unknown,oh,unknown
3450,2007.0,hyundai,158000.0,good,gas,automatic,fwd,unknown,pa,black
17590,2015.0,volvo,63512.0,good,gas,automatic,unknown,sedan,mi,blue
8999,2010.0,honda,125989.0,good,gas,automatic,fwd,van,pa,blue
9500,2006.0,ford,220000.0,good,diesel,automatic,4wd,truck,mt,white
6995,2008.0,chevrolet,285119.0,excellent,gas,automatic,4wd,SUV,tx,unknown
26950,2016.0,lincoln,29491.0,unknown,gas,automatic,rwd,SUV,la,black
30990,2018.0,acura,34605.0,good,gas,other,unknown,SUV,ga,white
3500,2010.0,ford,222500.0,good,gas,automatic,unknown,unknown,ok,red
12100,2011.0,gmc,147100.0,excellent,gas,automatic,4wd,SUV,wi,black
5995,2009.0,chevrolet,133348.0,excellent,gas,manual,fwd,coupe,mi,silver
15997,2008.0,bmw,88004.0,excellent,gas,automatic,rwd,coupe,tx,grey
59950,2020.0,ford,10045.0,unknown,gas,automatic,4wd,truck,mi,black
29500,2017.0,acura,56700.0,excellent,gas,automatic,unknown,unknown,wi,white
51902,2016.0,ford,99575.0,unknown,diesel,automatic,unknown,unknown,va,unknown
8999,2012.0,honda,136324.0,unknown,gas,automatic,fwd,mini-van,wi,silver
522,2019.0,nissan,41374.0,unknown,gas,automatic,4wd,SUV,or,unknown
6000,2013.0,ford,16000.0,like new,gas,manual,fwd,sedan,in,silver
1500,2001.0,ford,350000.0,unknown,gas,manual,unknown,pickup,ca,red
9264,2008.0,volkswagen,43174.0,unknown,gas,automatic,unknown,other,oh,red
15590,2013.0,acura,69626.0,good,other,other,fwd,sedan,in,unknown
3900,2008.0,chevrolet,1.0,good,gas,automatic,unknown,SUV,nm,grey
23900,2013.0,ford,92828.0,excellent,gas,automatic,4wd,truck,fl,unknown
28995,2015.0,ford,186985.0,excellent,diesel,automatic,4wd,truck,il,red
4000,1998.0,jeep,127000.0,salvage,gas,automatic,4wd,SUV,wv,green
16990,2020.0,mitsubishi,3821.0,good,gas,other,fwd,sedan,ga,red
13529,2008.0,chevrolet,149851.0,unknown,gas,automatic,rwd,SUV,tx,grey
29590,2020.0,mazda,16908.0,good,gas,other,unknown,other,ca,unknown
7999,2008.0,toyota,127836.0,excellent,gas,automatic,fwd,sedan,ks,blue
22450,2011.0,chevrolet,135000.0,excellent,gas,automatic,4wd,SUV,va,white
31590,2020.0,mazda,2195.0,good,gas,other,rwd,convertible,tx,unknown
36590,2018.0,audi,49963.0,good,gas,automatic,unknown,coupe,fl,blue
9998,2007.0,gmc,164996.0,unknown,gas,automatic,4wd,SUV,ca,silver
23995,2015.0,ford,90547.0,good,gas,automatic,rwd,van,nm,custom
999,2012.0,toyota,120000.0,unknown,gas,automatic,unknown,unknown,oh,unknown
19800,2010.0,ford,127640.0,unknown,gas,automatic,unknown,other,va,unknown
32590,2016.0,subaru,21195.0,good,other,other,unknown,sedan,fl,white
28999,2017.0,ford,102296.0,unknown,other,automatic,unknown,pickup,ca,white
9500,2007.0,ram,150614.0,like new,gas,automatic,rwd,pickup,sc,red
36990,2016.0,gmc,23190.0,good,gas,other,4wd,pickup,nc,black
7500,2013.0,mini,120000.0,excellent,gas,automatic,fwd,hatchback,fl,black
4700,2014.0,nissan,139000.0,good,gas,automatic,fwd,sedan,oh,black
17998,2004.0,ram,46583.0,excellent,gas,automatic,rwd,pickup,ca,grey
24590,2020.0,buick,8067.0,good,gas,other,fwd,other,az,blue
41999,2017.0,ram,53734.0,unknown,gas,automatic,4wd,truck,wa,white
6500,2007.0,nissan,129.0,excellent,gas,automatic,fwd,sedan,nm,grey
32992,2020.0,ford,1520.0,like new,gas,automatic,rwd,truck,tn,grey
12900,2020.0,chevrolet,2000.0,like new,gas,automatic,fwd,SUV,tx,black
22990,2010.0,ford,121911.0,good,gas,automatic,rwd,truck,ut,white
17950,2018.0,hyundai,89305.0,good,gas,automatic,fwd,wagon,fl,blue
18500,2012.0,ram,130895.0,unknown,gas,automatic,4wd,unknown,md,red
19988,2018.0,kia,42303.0,like new,gas,automatic,unknown,unknown,ks,unknown
23990,2014.0,lexus,17726.0,good,gas,other,fwd,sedan,nj,white
17995,2009.0,ford,339500.0,unknown,diesel,automatic,4wd,unknown,tx,unknown
5000,1997.0,chevrolet,232000.0,unknown,gas,manual,unknown,unknown,ca,unknown
10995,2013.0,ford,155000.0,good,gas,automatic,rwd,van,ct,white
6950,2012.0,toyota,128249.0,excellent,gas,automatic,fwd,sedan,ca,white
23590,2019.0,jeep,29525.0,good,gas,other,4wd,other,ca,white
10250,2013.0,bmw,110026.0,excellent,gas,automatic,rwd,sedan,fl,white
29999,2012.0,ram,203069.0,unknown,diesel,automatic,4wd,pickup,mt,brown
21650,2003.0,harley-davidson,100788.0,excellent,gas,automatic,rwd,unknown,tx,silver
22800,2012.0,ford,98000.0,excellent,gas,automatic,4wd,truck,fl,silver
10988,2013.0,ford,81125.0,excellent,gas,automatic,4wd,SUV,pa,green
15590,2016.0,kia,53066.0,good,gas,other,fwd,coupe,nh,red
17995,2020.0,honda,70688.0,unknown,gas,automatic,fwd,sedan,me,blue
45988,2016.0,ford,53112.0,excellent,gas,automatic,unknown,unknown,id,unknown
30590,2018.0,subaru,9489.0,good,gas,other,rwd,coupe,md,blue
46995,2019.0,audi,135.0,unknown,gas,automatic,unknown,unknown,nj,unknown
36900,2016.0,ford,73394.0,excellent,gas,automatic,4wd,truck,ny,white
6495,2007.0,chevrolet,132000.0,like new,gas,automatic,4wd,SUV,nh,blue
11995,2011.0,nissan,99715.0,unknown,gas,automatic,4wd,SUV,md,unknown
8900,2001.0,toyota,146545.0,excellent,gas,automatic,rwd,pickup,ms,black
9995,2010.0,lincoln,178312.0,unknown,other,automatic,4wd,SUV,pa,black
44952,2015.0,ram,153445.0,unknown,diesel,manual,unknown,unknown,nc,unknown
5995,2002.0,lexus,151088.0,unknown,gas,automatic,rwd,sedan,co,silver
17990,2018.0,hyundai,45052.0,good,other,other,fwd,other,nm,silver
47990,2020.0,gmc,32222.0,good,gas,other,unknown,other,ok,blue
12999,2013.0,toyota,152830.0,unknown,gas,automatic,4wd,SUV,wa,silver
1700,2006.0,honda,1.0,unknown,gas,automatic,unknown,mini-van,wi,unknown
9450,2014.0,ford,54345.0,excellent,gas,automatic,fwd,hatchback,va,grey
5995,1999.0,chevrolet,120000.0,unknown,gas,automatic,unknown,unknown,pa,unknown
8990,2008.0,toyota,157741.0,unknown,gas,automatic,fwd,wagon,va,unknown
500,2013.0,hyundai,84000.0,like new,gas,automatic,unknown,unknown,tx,red
21590,2019.0,chrysler,43747.0,good,other,other,rwd,sedan,az,black
13495,2016.0,chevrolet,74266.0,unknown,gas,automatic,fwd,sedan,il,custom
34900,2012.0,tesla,0.0,excellent,gas,automatic,4wd,sedan,ca,grey
25590,2018.0,cadillac,16102.0,good,other,other,unknown,sedan,ca,black
8400,2014.0,kia,114826.0,excellent,gas,automatic,fwd,hatchback,ca,green
2950,2008.0,kia,117863.0,unknown,gas,automatic,unknown,unknown,pa,unknown
19995,2017.0,jeep,88308.0,unknown,gas,automatic,unknown,SUV,tx,unknown
26990,2014.0,ford,63278.0,good,gas,other,unknown,pickup,ks,red
12900,1994.0,ford,125000.0,unknown,gas,automatic,unknown,unknown,mi,unknown
26950,2015.0,bmw,90485.0,unknown,gas,automatic,unknown,unknown,mn,unknown
35500,2016.0,ford,32101.0,unknown,gas,automatic,4wd,pickup,ca,white
26500,2015.0,nissan,121000.0,excellent,gas,automatic,4wd,truck,mi,black
14900,2014.0,hyundai,87000.0,unknown,gas,automatic,unknown,unknown,ca,unknown
19499,2020.0,chevrolet,32798.0,unknown,gas,automatic,fwd,unknown,il,silver
22990,2019.0,honda,25307.0,unknown,gas,automatic,fwd,sedan,or,red
2900,2007.0,subaru,1.0,unknown,gas,automatic,unknown,SUV,wi,silver
14211,2009.0,toyota,112847.0,good,gas,automatic,fwd,sedan,ca,unknown
27990,2014.0,toyota,17805.0,good,other,other,unknown,pickup,nj,red
20973,2014.0,lexus,53028.0,excellent,gas,automatic,fwd,sedan,id,silver
4500,1993.0,chevrolet,250.0,unknown,gas,automatic,unknown,unknown,az,unknown
15900,2011.0,jaguar,122930.0,excellent,gas,automatic,fwd,sedan,fl,black
14995,2013.0,dodge,144886.0,unknown,gas,automatic,unknown,SUV,pa,unknown
7999,2007.0,nissan,132867.0,excellent,gas,automatic,unknown,SUV,co,grey
30995,2013.0,chevrolet,93000.0,unknown,gas,automatic,unknown,unknown,nv,unknown
16995,2017.0,volkswagen,24739.0,unknown,gas,automatic,unknown,sedan,dc,white
8400,2013.0,honda,137000.0,excellent,gas,automatic,fwd,sedan,ca,grey
10997,2008.0,ford,142000.0,excellent,gas,automatic,unknown,truck,ca,blue
2950,1999.0,lexus,182000.0,good,gas,automatic,unknown,unknown,tx,unknown
14000,1996.0,ford,96000.0,excellent,gas,manual,rwd,coupe,me,red
62999,2015.0,gmc,67662.0,unknown,diesel,automatic,4wd,truck,wa,white
12455,2014.0,jeep,152509.0,unknown,gas,automatic,4wd,SUV,mi,blue
10970,2014.0,ford,170859.0,excellent,gas,automatic,4wd,SUV,dc,black
14400,2015.0,honda,83000.0,excellent,gas,automatic,fwd,sedan,ca,blue
3600,2006.0,honda,200000.0,unknown,gas,automatic,unknown,unknown,il,unknown
13599,2015.0,chevrolet,49217.0,unknown,gas,automatic,unknown,sedan,pa,unknown
2500,2015.0,chevrolet,63437.0,like new,gas,automatic,fwd,sedan,ok,grey
28590,2010.0,chevrolet,16903.0,good,gas,other,rwd,coupe,ny,yellow
3500,2003.0,pontiac,194000.0,good,gas,automatic,fwd,coupe,nj,red
7995,2007.0,nissan,111458.0,unknown,gas,automatic,fwd,sedan,or,unknown
46995,2014.0,ford,125743.0,unknown,diesel,automatic,unknown,unknown,tx,unknown
3350,2002.0,ram,121000.0,good,gas,automatic,4wd,unknown,wi,unknown
25900,2015.0,dodge,34358.0,unknown,gas,automatic,fwd,van,ca,unknown
17995,2005.0,ram,184465.0,unknown,diesel,automatic,unknown,pickup,il,blue
11500,2016.0,honda,149200.0,excellent,gas,automatic,4wd,SUV,pa,grey
14991,2018.0,hyundai,60120.0,unknown,gas,automatic,fwd,unknown,or,red
9999,2013.0,volkswagen,128000.0,excellent,diesel,automatic,fwd,sedan,ny,white
3595,2004.0,kia,127553.0,unknown,gas,automatic,fwd,mini-van,fl,white
19900,2013.0,chevrolet,189000.0,unknown,gas,automatic,unknown,unknown,tn,unknown
12995,2011.0,audi,94644.0,excellent,gas,automatic,fwd,sedan,il,silver
4395,2008.0,mitsubishi,109000.0,unknown,gas,automatic,unknown,unknown,ct,unknown
14500,2019.0,ford,62400.0,excellent,gas,automatic,fwd,unknown,mi,black
8862,2008.0,buick,63504.0,excellent,gas,automatic,fwd,sedan,ut,silver
12995,2007.0,ram,185025.0,unknown,gas,automatic,4wd,unknown,ks,red
8000,2006.0,ford,90000.0,unknown,gas,automatic,unknown,unknown,ca,unknown
5500,2004.0,honda,193000.0,unknown,gas,automatic,unknown,unknown,sc,unknown
18000,2009.0,ram,125000.0,unknown,gas,automatic,4wd,truck,or,white
19990,2002.0,ford,119794.0,unknown,gas,automatic,unknown,other,or,silver
3100,2001.0,toyota,137000.0,unknown,gas,automatic,unknown,unknown,dc,unknown
17995,2015.0,chevrolet,75369.0,like new,gas,automatic,fwd,sedan,ak,white
10978,2017.0,chevrolet,61572.0,unknown,gas,automatic,fwd,sedan,co,black
37990,2019.0,ford,337.0,good,gas,other,rwd,coupe,fl,black
16495,2012.0,mercedes-benz,106000.0,excellent,gas,automatic,4wd,SUV,ri,black
48995,2014.0,rover,46148.0,excellent,gas,automatic,4wd,SUV,ak,black
2950,2002.0,nissan,107000.0,excellent,gas,automatic,fwd,sedan,va,brown
6995,2009.0,ford,211574.0,unknown,other,automatic,4wd,SUV,ca,black
31995,2016.0,ram,94184.0,good,gas,automatic,4wd,truck,nm,silver
26788,2014.0,toyota,115303.0,excellent,gas,automatic,4wd,truck,tn,white
7000,2011.0,kia,152000.0,good,gas,automatic,unknown,SUV,tn,silver
7400,2011.0,kia,110000.0,excellent,gas,automatic,rwd,SUV,ca,grey
20495,2017.0,lincoln,28775.0,like new,gas,automatic,fwd,sedan,nj,white
21990,2020.0,mini,8552.0,good,other,other,unknown,hatchback,ct,silver
5500,2004.0,ford,143000.0,unknown,gas,automatic,unknown,unknown,me,unknown
25990,2015.0,lexus,55783.0,good,other,other,unknown,hatchback,ca,white
30590,2019.0,mini,21246.0,good,gas,automatic,unknown,hatchback,ga,unknown
14990,2019.0,kia,7007.0,good,gas,other,fwd,wagon,al,black
24590,2017.0,chevrolet,40784.0,good,gas,other,unknown,pickup,mi,white
3795,2009.0,nissan,127000.0,unknown,gas,automatic,unknown,unknown,pa,unknown
12299,2016.0,buick,137000.0,excellent,gas,automatic,fwd,van,ma,silver
10995,2015.0,subaru,113000.0,excellent,gas,automatic,4wd,SUV,vt,silver
21900,2009.0,chevrolet,100851.0,good,gas,other,rwd,van,ia,black
11800,2014.0,mercedes-benz,102717.0,like new,gas,automatic,rwd,sedan,fl,black
30533,2017.0,ram,61688.0,excellent,gas,automatic,fwd,van,oh,white
6800,2006.0,dodge,140000.0,unknown,gas,automatic,unknown,unknown,tx,unknown
23590,2017.0,nissan,29935.0,good,other,other,fwd,pickup,nv,silver
12208,2012.0,honda,62095.0,excellent,gas,automatic,fwd,sedan,ca,grey
8988,2014.0,nissan,87500.0,excellent,gas,automatic,fwd,sedan,or,silver
39990,2016.0,porsche,34565.0,good,gas,other,unknown,other,ga,silver
24999,2016.0,mercedes-benz,34010.0,excellent,gas,automatic,unknown,sedan,ca,unknown
20999,2018.0,subaru,64200.0,excellent,gas,automatic,4wd,wagon,co,white
26995,2007.0,chevrolet,43255.0,unknown,gas,automatic,unknown,unknown,il,unknown
24988,2017.0,buick,64232.0,unknown,gas,automatic,unknown,unknown,ia,unknown
11972,2013.0,subaru,138930.0,good,gas,automatic,unknown,SUV,wa,unknown
17995,2014.0,honda,96504.0,excellent,gas,automatic,4wd,SUV,ca,grey
10999,2013.0,ford,113488.0,excellent,gas,automatic,rwd,coupe,fl,unknown
48995,2019.0,chevrolet,22352.0,unknown,other,other,unknown,other,az,unknown
43499,2020.0,chevrolet,28710.0,unknown,gas,automatic,unknown,unknown,fl,unknown
37990,2016.0,chevrolet,9704.0,good,gas,other,rwd,coupe,mi,red
6295,2012.0,nissan,106859.0,unknown,gas,automatic,fwd,sedan,fl,grey
11900,2018.0,buick,37425.0,like new,gas,automatic,unknown,SUV,tx,white
15874,2016.0,ford,53516.0,unknown,gas,automatic,fwd,SUV,fl,white
5000,2006.0,jeep,194000.0,unknown,diesel,automatic,unknown,SUV,al,unknown
14194,2017.0,chevrolet,11318.0,unknown,gas,other,fwd,sedan,ak,red
32900,2011.0,ford,121000.0,excellent,gas,automatic,4wd,truck,ks,white
9975,2012.0,bmw,159000.0,excellent,gas,automatic,rwd,sedan,ca,white
14995,2011.0,buick,23819.0,unknown,gas,automatic,unknown,unknown,in,unknown
46999,2020.0,gmc,1229.0,unknown,gas,automatic,4wd,truck,ak,silver
11990,2013.0,toyota,159415.0,excellent,gas,automatic,fwd,mini-van,va,red
2988,2005.0,chevrolet,226643.0,unknown,gas,automatic,4wd,pickup,ct,unknown
17500,2015.0,toyota,75181.0,unknown,gas,automatic,unknown,unknown,me,unknown
25999,2013.0,ford,145819.0,unknown,other,automatic,4wd,pickup,co,red
38995,2014.0,chevrolet,39971.0,excellent,gas,automatic,4wd,unknown,or,unknown
6999,2014.0,ford,75000.0,good,gas,automatic,fwd,hatchback,oh,red
10499,2016.0,kia,102299.0,unknown,gas,automatic,unknown,SUV,pa,unknown
28590,2020.0,ford,5810.0,good,gas,automatic,fwd,wagon,il,unknown
11497,2007.0,nissan,101097.0,unknown,gas,automatic,rwd,truck,fl,unknown
19997,2013.0,lexus,95686.0,excellent,gas,automatic,4wd,SUV,mn,silver
25990,2019.0,ram,12302.0,good,gas,other,unknown,pickup,ca,white
11900,2014.0,volkswagen,87000.0,excellent,diesel,automatic,fwd,wagon,co,red
25250,2017.0,ford,127172.0,unknown,gas,automatic,4wd,truck,mn,white
17900,2014.0,dodge,107481.0,new,gas,automatic,unknown,sedan,sc,unknown
42995,2016.0,chevrolet,32300.0,excellent,gas,automatic,4wd,SUV,ny,green
3400,2001.0,mercedes-benz,154000.0,good,gas,automatic,4wd,unknown,fl,silver
15990,2014.0,nissan,69875.0,excellent,gas,automatic,4wd,SUV,ca,unknown
16950,2014.0,mini,22200.0,excellent,gas,automatic,4wd,hatchback,nm,white
35990,2017.0,nissan,48000.0,unknown,gas,automatic,unknown,truck,tn,unknown
31990,2017.0,bmw,19366.0,good,gas,automatic,rwd,sedan,ga,red
10380,2012.0,toyota,107673.0,unknown,hybrid,automatic,fwd,hatchback,nv,blue
29990,2017.0,lincoln,8867.0,good,gas,other,unknown,sedan,tx,unknown
30000,2008.0,ram,143000.0,like new,diesel,automatic,4wd,truck,az,white
7200,2012.0,toyota,170000.0,excellent,gas,automatic,fwd,unknown,la,unknown
12995,2014.0,bmw,81932.0,unknown,gas,automatic,rwd,SUV,tx,black
24999,2017.0,bmw,31845.0,good,gas,automatic,unknown,SUV,wa,unknown
34990,2018.0,lexus,5479.0,good,other,other,fwd,sedan,pa,white
7977,2009.0,toyota,142868.0,unknown,gas,automatic,unknown,sedan,mt,blue
22990,2017.0,jaguar,43317.0,good,gas,other,rwd,sedan,tn,white
29990,2019.0,ford,14077.0,good,other,other,unknown,pickup,ks,white
19000,1998.0,chevrolet,41000.0,good,gas,automatic,rwd,unknown,in,unknown
12500,2014.0,chrysler,96911.0,unknown,gas,automatic,fwd,mini-van,nv,unknown
54703,2021.0,jeep,12070.0,unknown,gas,automatic,4wd,SUV,wa,black
19900,2006.0,ford,148827.0,good,diesel,automatic,4wd,pickup,mo,green
38337,2020.0,ford,29260.0,unknown,gas,automatic,4wd,wagon,co,unknown
39590,2020.0,bmw,8396.0,good,other,other,rwd,SUV,in,white
40988,2018.0,lexus,13173.0,unknown,gas,automatic,4wd,SUV,ak,white
36590,2017.0,chevrolet,13146.0,good,gas,other,4wd,pickup,la,red
23337,2015.0,honda,107369.0,unknown,gas,automatic,4wd,SUV,co,unknown
2500,2005.0,mitsubishi,180000.0,fair,gas,manual,fwd,sedan,nv,grey
28400,2018.0,honda,32000.0,like new,gas,automatic,fwd,sedan,ca,silver
59999,2019.0,gmc,35435.0,unknown,gas,automatic,4wd,truck,ut,blue
8997,2011.0,toyota,164000.0,like new,gas,automatic,unknown,SUV,ca,grey
2000,1996.0,honda,258000.0,good,gas,automatic,fwd,sedan,ca,silver
8931,2009.0,lincoln,89871.0,unknown,gas,automatic,rwd,sedan,sc,white
22990,2018.0,gmc,23058.0,good,gas,other,fwd,other,ca,unknown
33590,2013.0,lexus,33570.0,good,gas,other,rwd,sedan,oh,unknown
500,2011.0,jeep,80125.0,unknown,gas,automatic,unknown,unknown,oh,unknown
14360,2013.0,toyota,140760.0,unknown,gas,automatic,fwd,wagon,wi,blue
29995,2016.0,audi,35652.0,good,gas,automatic,4wd,coupe,ks,black
25487,2019.0,hyundai,29240.0,good,gas,other,unknown,hatchback,wa,unknown
19000,2006.0,subaru,16700.0,new,gas,manual,4wd,sedan,oh,blue
26500,2007.0,chevrolet,30300.0,excellent,gas,manual,rwd,coupe,ca,black
28657,2016.0,ram,80251.0,unknown,gas,automatic,4wd,pickup,ar,unknown
37911,2017.0,chevrolet,67050.0,good,gas,automatic,4wd,pickup,wa,unknown
33990,2020.0,buick,68.0,good,gas,other,unknown,SUV,pa,black
10495,2003.0,toyota,311700.0,excellent,gas,automatic,4wd,truck,mo,black
9495,2014.0,jeep,129030.0,unknown,gas,automatic,fwd,SUV,oh,white
25590,2018.0,mitsubishi,25384.0,good,other,other,4wd,other,ma,black
6700,2014.0,subaru,148809.0,good,gas,automatic,4wd,SUV,pa,custom
3000,2002.0,audi,154000.0,excellent,gas,automatic,4wd,wagon,co,black
16995,2012.0,ford,163139.0,excellent,gas,automatic,4wd,truck,mn,black
18990,2013.0,infiniti,97133.0,good,gas,automatic,unknown,SUV,ny,unknown
14780,2017.0,ford,101812.0,unknown,gas,automatic,4wd,SUV,nh,grey
30590,2017.0,dodge,52924.0,good,gas,other,unknown,SUV,ny,black
11900,2016.0,ford,0.0,excellent,gas,automatic,fwd,sedan,ca,black
19695,2015.0,rover,94638.0,unknown,gas,automatic,unknown,SUV,nj,white
2850,1998.0,saturn,144000.0,unknown,gas,automatic,unknown,unknown,ca,unknown
16995,2012.0,mercedes-benz,117193.0,excellent,gas,automatic,4wd,sedan,wi,black
34069,2017.0,ford,37323.0,unknown,gas,automatic,unknown,unknown,al,unknown
24590,2013.0,gmc,80318.0,good,other,other,unknown,pickup,nc,unknown
6450,2005.0,lexus,147000.0,excellent,gas,automatic,unknown,unknown,ca,unknown
12500,2007.0,chevrolet,114280.0,like new,gas,automatic,unknown,SUV,az,grey
12995,2019.0,chevrolet,38788.0,excellent,gas,automatic,fwd,coupe,ia,red
48999,2019.0,ford,30943.0,unknown,gas,automatic,4wd,truck,wa,black
11193,2015.0,hyundai,86645.0,unknown,gas,automatic,fwd,unknown,oh,red
25990,2014.0,gmc,15575.0,good,gas,other,unknown,pickup,ca,brown
800,2005.0,gmc,164000.0,good,gas,automatic,4wd,SUV,oh,black
2500,2006.0,audi,98000.0,excellent,gas,automatic,fwd,sedan,ca,blue
23990,2015.0,lexus,53388.0,good,gas,other,unknown,sedan,ny,white
17895,2016.0,mazda,88902.0,unknown,gas,automatic,4wd,SUV,pa,blue
11777,2012.0,ford,127638.0,unknown,gas,automatic,fwd,SUV,ca,silver
38590,2020.0,bmw,5580.0,good,gas,other,unknown,sedan,wv,black
5495,2009.0,mazda,126658.0,unknown,gas,automatic,unknown,wagon,pa,blue
3000,1997.0,nissan,122000.0,fair,gas,manual,4wd,SUV,ny,black
18590,2017.0,mazda,34723.0,good,gas,other,fwd,hatchback,va,blue
7999,2011.0,chevrolet,1.0,like new,gas,automatic,fwd,SUV,wi,brown
4500,2013.0,nissan,200000.0,good,gas,automatic,unknown,unknown,wi,blue
10990,2007.0,acura,137180.0,excellent,gas,automatic,4wd,SUV,or,black
2595,2005.0,chevrolet,129999.0,good,gas,automatic,fwd,sedan,fl,unknown
3000,2005.0,ram,210900.0,fair,gas,automatic,rwd,truck,tx,white
23999,2018.0,jeep,52884.0,unknown,gas,automatic,4wd,SUV,ct,black
5900,2007.0,honda,169105.0,good,gas,automatic,fwd,sedan,mi,grey
2000,2012.0,bmw,73111.0,unknown,gas,automatic,unknown,unknown,tx,unknown
2999,2014.0,chrysler,1.0,unknown,gas,automatic,unknown,unknown,tn,unknown
45990,2019.0,jeep,9857.0,good,other,other,4wd,SUV,wi,unknown
7950,2008.0,toyota,148210.0,good,gas,automatic,4wd,SUV,ok,white
15590,2016.0,hyundai,42445.0,good,gas,other,fwd,sedan,tx,white
29995,2016.0,gmc,149000.0,unknown,gas,automatic,4wd,truck,me,red
22500,2011.0,jeep,102900.0,unknown,gas,automatic,unknown,unknown,ca,unknown
2200,2001.0,honda,269000.0,good,gas,manual,unknown,coupe,ga,black
6395,2012.0,ford,186000.0,unknown,gas,automatic,4wd,SUV,oh,unknown
5250,1999.0,chevrolet,205000.0,like new,gas,automatic,4wd,unknown,tx,unknown
34999,2017.0,dodge,22420.0,unknown,gas,automatic,rwd,sedan,mt,red
14977,2017.0,chevrolet,12209.0,excellent,gas,automatic,fwd,sedan,wi,silver
9950,2012.0,infiniti,150470.0,unknown,gas,automatic,unknown,unknown,mn,unknown
23590,2011.0,chevrolet,38905.0,good,gas,other,rwd,coupe,mo,red
3000,2002.0,ford,150000.0,excellent,gas,manual,unknown,unknown,fl,white
28490,2008.0,mitsubishi,70643.0,good,diesel,automatic,rwd,truck,tn,green
9995,2010.0,infiniti,105702.0,unknown,gas,automatic,rwd,sedan,az,silver
20995,2015.0,cadillac,24813.0,good,gas,automatic,fwd,sedan,fl,black
39999,2017.0,toyota,68077.0,unknown,gas,manual,4wd,pickup,wa,unknown
25459,2018.0,toyota,28975.0,unknown,gas,automatic,fwd,van,fl,silver
39590,2020.0,ford,1419.0,good,gas,other,rwd,coupe,nc,white
31590,2016.0,jeep,33792.0,good,gas,other,4wd,other,ny,unknown
9500,2007.0,chevrolet,211000.0,good,gas,automatic,4wd,truck,oh,blue
34995,2018.0,nissan,20544.0,unknown,diesel,automatic,unknown,unknown,nj,unknown
5995,2002.0,ram,202000.0,good,gas,automatic,4wd,pickup,nj,green
22995,2014.0,toyota,182000.0,unknown,gas,automatic,rwd,truck,tx,grey
36590,2016.0,audi,22099.0,good,gas,other,unknown,other,pa,silver
3900,2010.0,jeep,157000.0,good,gas,automatic,fwd,unknown,mi,brown
11995,2010.0,lincoln,77084.0,unknown,gas,other,4wd,unknown,ma,white
15500,2015.0,honda,5497.0,excellent,gas,automatic,fwd,sedan,pa,black
13500,2011.0,gmc,130970.0,excellent,gas,automatic,4wd,truck,oh,red
35950,2017.0,gmc,102737.0,excellent,diesel,automatic,4wd,pickup,tx,white
13125,2013.0,ford,101000.0,good,gas,automatic,4wd,sedan,ma,black
13000,1998.0,chevrolet,92700.0,unknown,gas,automatic,unknown,unknown,mt,unknown
55748,2017.0,mercedes-benz,50731.0,unknown,gas,automatic,unknown,unknown,ks,white
12475,2016.0,chevrolet,23010.0,excellent,gas,automatic,fwd,sedan,or,grey
36900,2016.0,mercedes-benz,19941.0,unknown,gas,automatic,4wd,SUV,wa,unknown
17990,2019.0,kia,21838.0,good,other,other,fwd,wagon,mi,red
8499,2012.0,volkswagen,108000.0,like new,diesel,automatic,fwd,wagon,me,black
40917,2017.0,ram,47235.0,unknown,gas,automatic,4wd,pickup,ar,unknown
61995,2018.0,ram,76151.0,unknown,other,automatic,4wd,pickup,tx,black
27990,2015.0,toyota,96740.0,good,gas,other,unknown,pickup,tx,silver
41590,2020.0,audi,27160.0,good,gas,other,unknown,sedan,oh,black
2800,2009.0,hyundai,161623.0,good,gas,automatic,unknown,unknown,wi,unknown
27990,2000.0,ram,119510.0,unknown,diesel,automatic,4wd,pickup,or,silver
25990,2014.0,gmc,15575.0,good,gas,other,unknown,pickup,mi,brown
26590,2020.0,hyundai,649.0,good,gas,other,fwd,sedan,wi,black
19990,2017.0,fiat,6054.0,good,gas,other,fwd,hatchback,ri,unknown
12590,2016.0,chevrolet,36223.0,good,electric,other,fwd,hatchback,ca,blue
33590,2019.0,mini,17037.0,good,gas,other,fwd,other,fl,silver
11995,2011.0,nissan,57652.0,excellent,gas,automatic,fwd,sedan,ri,silver
38995,2017.0,toyota,48771.0,good,gas,automatic,4wd,truck,hi,blue
48476,2020.0,ford,10265.0,unknown,diesel,automatic,unknown,unknown,fl,unknown
3200,2004.0,honda,307000.0,good,gas,automatic,fwd,sedan,nc,silver
8900,2017.0,nissan,69400.0,new,gas,automatic,fwd,sedan,ca,silver
10999,2016.0,nissan,58000.0,like new,gas,automatic,fwd,hatchback,fl,grey
14995,2008.0,toyota,182143.0,unknown,gas,automatic,4wd,pickup,ak,custom
3800,2009.0,ford,119000.0,excellent,gas,manual,unknown,unknown,ny,unknown
46875,2015.0,chevrolet,29337.0,unknown,gas,manual,unknown,coupe,nc,white
4500,2008.0,volvo,100000.0,unknown,gas,automatic,unknown,unknown,co,unknown
19990,2017.0,fiat,6054.0,good,gas,other,fwd,hatchback,mi,unknown
10970,2015.0,chevrolet,67459.0,excellent,gas,automatic,fwd,sedan,dc,blue
8995,2004.0,lexus,117138.0,like new,gas,automatic,4wd,SUV,tx,blue
6900,2012.0,ford,150754.0,excellent,gas,automatic,fwd,sedan,ia,blue
13500,2008.0,infiniti,75000.0,excellent,gas,automatic,rwd,coupe,wa,silver
16995,2015.0,ford,80384.0,good,gas,automatic,rwd,van,az,silver
694,2020.0,gmc,7164.0,good,gas,other,unknown,pickup,id,white
17998,2018.0,chevrolet,22513.0,excellent,gas,automatic,fwd,SUV,oh,unknown
5500,2004.0,chevrolet,98000.0,like new,gas,automatic,fwd,coupe,mo,unknown
21995,2017.0,lincoln,41601.0,unknown,gas,automatic,4wd,unknown,il,unknown
3499,2007.0,dodge,160114.0,good,gas,automatic,fwd,mini-van,wa,white
5400,2008.0,jeep,146900.0,good,gas,automatic,4wd,SUV,id,red
68777,2020.0,volvo,1375.0,excellent,gas,automatic,4wd,SUV,ca,unknown
25990,2019.0,ram,12302.0,good,gas,other,unknown,pickup,ny,white
8500,2015.0,dodge,52000.0,excellent,gas,automatic,fwd,unknown,ny,silver
66999,2016.0,chevrolet,62226.0,unknown,diesel,automatic,4wd,truck,mt,unknown
18891,2016.0,ford,64752.0,excellent,gas,other,unknown,coupe,ca,unknown
21000,2016.0,subaru,30500.0,excellent,gas,automatic,4wd,SUV,il,silver
14490,2011.0,jeep,94116.0,unknown,gas,automatic,4wd,unknown,va,unknown
18995,2017.0,chevrolet,112000.0,excellent,gas,automatic,fwd,SUV,wi,black
16000,2006.0,ram,308000.0,excellent,diesel,automatic,4wd,pickup,ca,unknown
16985,2015.0,volkswagen,86410.0,unknown,gas,manual,unknown,other,nj,black
6995,2008.0,subaru,128000.0,unknown,gas,automatic,unknown,wagon,in,grey
19990,2017.0,honda,73696.0,unknown,gas,automatic,fwd,sedan,or,white
24900,2014.0,chevrolet,148021.0,excellent,gas,automatic,4wd,pickup,ok,white
5995,2012.0,chevrolet,138000.0,unknown,gas,automatic,unknown,unknown,id,unknown
48500,2015.0,chevrolet,101060.0,unknown,diesel,automatic,4wd,pickup,co,silver
3995,2011.0,ford,207000.0,excellent,gas,automatic,fwd,sedan,wi,silver
12785,2015.0,hyundai,80978.0,unknown,gas,automatic,unknown,sedan,ca,white
2495,2005.0,toyota,142800.0,fair,gas,automatic,fwd,sedan,oh,silver
10495,2012.0,volkswagen,94224.0,excellent,gas,automatic,unknown,hatchback,ca,unknown
17000,2018.0,subaru,104200.0,like new,gas,automatic,4wd,wagon,tn,white
16500,2016.0,volkswagen,60238.0,unknown,gas,manual,fwd,other,or,black
37900,2018.0,jeep,0.0,unknown,gas,automatic,4wd,SUV,tx,black
9500,2009.0,honda,78000.0,excellent,gas,manual,fwd,coupe,co,red
13500,2015.0,kia,74000.0,excellent,gas,automatic,unknown,unknown,ny,unknown
3500,2009.0,volvo,98000.0,good,gas,automatic,fwd,wagon,fl,silver
2900,1999.0,toyota,143151.0,good,gas,automatic,fwd,sedan,oh,white
10995,2009.0,mercedes-benz,111793.0,unknown,gas,automatic,unknown,sedan,ca,unknown
18999,2017.0,toyota,61090.0,excellent,hybrid,automatic,fwd,hatchback,az,red
39995,2017.0,ram,48125.0,unknown,gas,automatic,4wd,pickup,tx,white
7500,2015.0,hyundai,0.0,excellent,gas,other,unknown,sedan,ca,unknown
24990,2016.0,lexus,34818.0,good,gas,automatic,fwd,hatchback,tx,white
15798,2012.0,jeep,126677.0,unknown,gas,automatic,4wd,SUV,wa,black
12000,2011.0,lincoln,142000.0,excellent,gas,automatic,unknown,SUV,fl,black
31999,2017.0,ram,36077.0,unknown,gas,automatic,4wd,truck,id,grey
9395,2010.0,mercury,155953.0,unknown,gas,automatic,unknown,SUV,pa,silver
11000,2010.0,nissan,121065.0,excellent,gas,automatic,rwd,convertible,nc,red
20993,2019.0,chevrolet,37016.0,unknown,gas,automatic,fwd,unknown,or,silver
2000,1998.0,toyota,344200.0,good,gas,automatic,unknown,sedan,tn,unknown
34990,2020.0,lexus,5189.0,good,other,other,fwd,hatchback,pa,black
33990,2016.0,ford,18380.0,good,gas,other,unknown,pickup,il,white
1995,1999.0,subaru,230000.0,good,gas,automatic,4wd,sedan,co,green
38995,2013.0,ram,116092.0,unknown,diesel,automatic,4wd,truck,tx,white
8999,2012.0,chevrolet,39103.0,unknown,gas,automatic,unknown,hatchback,nh,white
47893,2017.0,ram,104974.0,unknown,diesel,automatic,unknown,unknown,nc,unknown
5998,2006.0,toyota,198000.0,excellent,gas,automatic,fwd,SUV,ok,grey
12900,2015.0,volkswagen,90000.0,excellent,diesel,automatic,unknown,unknown,dc,unknown
34590,2018.0,ford,20856.0,good,gas,other,unknown,pickup,tn,white
6995,2014.0,nissan,163719.0,unknown,gas,automatic,fwd,sedan,tn,silver
12500,2014.0,subaru,115754.0,excellent,gas,automatic,4wd,SUV,me,unknown
2600,2006.0,volvo,220000.0,good,gas,automatic,4wd,SUV,wa,grey
24995,2004.0,chevrolet,145071.0,excellent,diesel,automatic,4wd,pickup,ca,unknown
15997,2013.0,ford,81405.0,excellent,gas,manual,fwd,SUV,nv,unknown
16995,2019.0,ford,21288.0,like new,gas,automatic,fwd,sedan,hi,black
27998,2017.0,ford,135426.0,excellent,gas,automatic,4wd,pickup,oh,white
1500,1990.0,toyota,97000.0,fair,gas,automatic,4wd,pickup,vt,black
16700,2013.0,bmw,68261.0,unknown,gas,automatic,unknown,convertible,fl,black
19495,2012.0,lexus,150269.0,unknown,gas,automatic,4wd,SUV,fl,unknown
29590,2017.0,ford,70760.0,good,gas,other,4wd,SUV,pa,blue
11990,2014.0,ford,45308.0,good,electric,other,fwd,hatchback,ma,blue
14777,2016.0,chevrolet,74556.0,unknown,gas,automatic,fwd,sedan,ca,unknown
5995,2008.0,ford,174587.0,excellent,gas,automatic,fwd,sedan,sc,unknown
6900,2008.0,honda,206000.0,excellent,gas,automatic,fwd,sedan,ar,red
2795,2003.0,pontiac,182000.0,good,gas,automatic,fwd,unknown,oh,unknown
29990,2017.0,ford,14113.0,good,gas,other,rwd,coupe,mo,red
2500,2005.0,bmw,172000.0,fair,gas,automatic,4wd,sedan,ma,black
6500,2008.0,chevrolet,348447.0,unknown,gas,automatic,unknown,unknown,co,unknown
7995,2010.0,chevrolet,120000.0,excellent,gas,automatic,4wd,SUV,wi,silver
44336,2021.0,chevrolet,7662.0,good,gas,automatic,unknown,pickup,nc,unknown
9997,2007.0,chevrolet,179000.0,excellent,gas,automatic,4wd,SUV,va,black
22995,2015.0,buick,71714.0,good,other,automatic,unknown,other,ia,red
35990,2017.0,ford,22226.0,good,other,other,unknown,pickup,in,blue
19766,2012.0,ford,165790.0,unknown,other,automatic,unknown,pickup,ca,custom
32988,2020.0,hyundai,12876.0,unknown,gas,automatic,fwd,unknown,tn,black
39590,2018.0,mercedes-benz,42300.0,good,other,other,rwd,convertible,tn,unknown
39990,2018.0,jeep,24582.0,good,other,other,4wd,SUV,nj,unknown
8000,2000.0,jeep,225000.0,good,gas,automatic,4wd,SUV,or,unknown
16995,2013.0,chevrolet,160000.0,unknown,gas,automatic,rwd,unknown,dc,white
13695,2007.0,chevrolet,149897.0,like new,gas,automatic,4wd,SUV,ca,white
2600,2004.0,subaru,170000.0,good,gas,automatic,fwd,sedan,oh,silver
27990,2018.0,nissan,37332.0,good,gas,other,4wd,pickup,sc,silver
8975,2005.0,chevrolet,185370.0,excellent,gas,automatic,4wd,pickup,wi,black
28500,2011.0,ford,35144.0,unknown,gas,automatic,4wd,pickup,ny,white
28999,2018.0,acura,63006.0,good,gas,automatic,unknown,other,ct,grey
25500,2005.0,chevrolet,50800.0,excellent,gas,manual,rwd,coupe,pa,red
39995,2017.0,ram,248226.0,like new,gas,automatic,4wd,truck,ny,unknown
2500,2002.0,honda,225000.0,good,gas,automatic,4wd,SUV,mn,green
20995,2014.0,mercedes-benz,73705.0,unknown,gas,automatic,unknown,SUV,nj,black
32999,2012.0,chevrolet,186676.0,unknown,diesel,automatic,unknown,unknown,tx,unknown
9950,2009.0,ford,99103.0,excellent,gas,automatic,4wd,SUV,ca,white
24980,2019.0,subaru,26102.0,unknown,gas,automatic,4wd,SUV,ca,white
3900,2010.0,chevrolet,197018.0,unknown,gas,automatic,unknown,unknown,mn,unknown
27990,2018.0,jeep,26071.0,good,other,other,4wd,other,nh,unknown
13500,2017.0,dodge,101766.0,good,gas,automatic,fwd,SUV,ca,white
1195,2010.0,jeep,142445.0,good,gas,automatic,rwd,SUV,oh,blue
3295,2010.0,mazda,177078.0,excellent,gas,automatic,fwd,sedan,oh,blue
8700,2008.0,toyota,166145.0,good,gas,automatic,unknown,unknown,ca,black
20900,2020.0,toyota,13761.0,excellent,gas,automatic,fwd,sedan,fl,grey
32999,2008.0,gmc,64000.0,like new,diesel,automatic,4wd,truck,in,black
26900,2010.0,ford,165092.0,excellent,diesel,automatic,4wd,truck,tn,white
9995,2014.0,toyota,94703.0,good,gas,automatic,unknown,unknown,ca,blue
2000,2007.0,ford,95000.0,like new,gas,automatic,unknown,unknown,tx,white
27990,2020.0,mitsubishi,26570.0,good,gas,other,4wd,other,in,silver
7800,2008.0,volvo,116000.0,excellent,gas,automatic,4wd,unknown,md,unknown
1000,2018.0,kia,115000.0,like new,gas,automatic,fwd,sedan,oh,black
9495,2012.0,buick,159087.0,excellent,gas,automatic,fwd,sedan,ca,black
47500,2018.0,gmc,60676.0,unknown,gas,automatic,4wd,pickup,mn,white
2999,2006.0,ford,145303.0,unknown,gas,automatic,unknown,sedan,il,unknown
31950,2016.0,mercedes-benz,63000.0,unknown,gas,automatic,unknown,unknown,mn,unknown
17995,2016.0,acura,79110.0,like new,gas,automatic,unknown,unknown,la,black
5000,2004.0,chevrolet,178545.0,unknown,gas,automatic,4wd,SUV,pa,red
8500,2013.0,kia,75600.0,good,gas,automatic,fwd,wagon,pa,green
8995,2008.0,rover,93000.0,good,gas,automatic,unknown,SUV,fl,silver
9470,2010.0,honda,108104.0,excellent,gas,automatic,unknown,SUV,ca,unknown
55376,2020.0,chevrolet,19622.0,good,diesel,automatic,unknown,pickup,nc,red
4500,2009.0,dodge,170000.0,unknown,gas,automatic,unknown,hatchback,in,silver
22996,2017.0,chevrolet,54800.0,unknown,gas,automatic,unknown,unknown,oh,unknown
9900,2011.0,bmw,115354.0,unknown,gas,automatic,unknown,sedan,pa,black
11999,2009.0,toyota,102578.0,good,gas,automatic,unknown,wagon,wa,grey
5800,2010.0,ford,143000.0,like new,gas,automatic,unknown,sedan,ga,silver
39598,2016.0,chevrolet,75604.0,unknown,gas,automatic,4wd,pickup,ks,unknown
1995,2004.0,chrysler,140000.0,unknown,gas,automatic,unknown,coupe,mo,unknown
14998,2013.0,bmw,81671.0,unknown,gas,automatic,4wd,sedan,oh,black
37590,2019.0,acura,30356.0,good,other,other,unknown,other,ny,silver
5900,2009.0,honda,159500.0,unknown,gas,automatic,unknown,unknown,nc,unknown
2999,2005.0,chrysler,144556.0,like new,gas,automatic,fwd,wagon,wi,unknown
34997,2016.0,ford,122000.0,excellent,gas,automatic,4wd,pickup,al,unknown
40998,2020.0,toyota,4208.0,unknown,gas,automatic,rwd,truck,mt,unknown
527,2017.0,ram,68497.0,excellent,gas,automatic,4wd,truck,wa,unknown
5500,2004.0,infiniti,189000.0,unknown,gas,automatic,unknown,unknown,la,unknown
32590,2020.0,cadillac,24095.0,good,gas,other,unknown,hatchback,mn,white
16950,2008.0,chevrolet,98921.0,unknown,gas,automatic,4wd,pickup,oh,black
19900,2016.0,nissan,80100.0,like new,gas,automatic,4wd,pickup,nc,silver
21990,2016.0,bmw,38006.0,good,gas,other,rwd,coupe,nv,white
85500,2010.0,ferrari,14548.0,unknown,other,automatic,fwd,other,va,unknown
14221,2012.0,mercedes-benz,103395.0,unknown,gas,automatic,unknown,SUV,oh,black
36885,2015.0,chevrolet,103588.0,unknown,diesel,automatic,unknown,unknown,ok,unknown
39900,2018.0,ford,61345.0,excellent,gas,automatic,4wd,truck,fl,white
10995,2014.0,kia,111000.0,unknown,gas,automatic,unknown,unknown,id,unknown
30651,2014.0,ram,38373.0,unknown,gas,automatic,rwd,pickup,ga,custom
13995,2007.0,chevrolet,216915.0,unknown,gas,automatic,unknown,unknown,ks,unknown
21900,2017.0,ford,41254.0,unknown,gas,automatic,unknown,coupe,nc,unknown
17995,2020.0,kia,24180.0,good,gas,automatic,fwd,sedan,wi,grey
6750,2011.0,hyundai,141706.0,excellent,gas,automatic,fwd,sedan,md,white
18990,2018.0,hyundai,12883.0,good,gas,other,fwd,sedan,ga,black
38995,2014.0,ford,206341.0,unknown,diesel,automatic,4wd,pickup,ar,silver
38995,2014.0,ford,206341.0,unknown,diesel,automatic,4wd,pickup,tx,silver
25950,2019.0,dodge,19104.0,unknown,gas,automatic,rwd,sedan,mi,white
6495,2007.0,honda,151436.0,unknown,gas,automatic,unknown,mini-van,oh,unknown
19000,2013.0,lexus,74000.0,excellent,gas,automatic,fwd,SUV,hi,custom
15000,1997.0,toyota,314000.0,excellent,gas,automatic,4wd,SUV,ar,black
19675,2016.0,mazda,42209.0,unknown,gas,automatic,fwd,sedan,wa,red
18700,2016.0,honda,60000.0,excellent,gas,automatic,fwd,van,ct,grey
41590,2017.0,bmw,23253.0,good,gas,automatic,unknown,SUV,in,black
3799,2006.0,volvo,169000.0,unknown,gas,automatic,unknown,unknown,ct,unknown
35990,2019.0,toyota,49441.0,good,gas,other,4wd,other,ny,red
12999,2015.0,buick,73971.0,unknown,gas,automatic,fwd,sedan,mn,grey
12000,1991.0,jeep,183000.0,excellent,gas,manual,4wd,SUV,ca,grey
21800,2013.0,chevrolet,25700.0,excellent,gas,automatic,unknown,unknown,oh,blue
6900,2013.0,dodge,136074.0,excellent,gas,automatic,fwd,van,mo,grey
9750,2004.0,ford,164390.0,excellent,gas,automatic,unknown,unknown,fl,unknown
500,2013.0,nissan,130000.0,unknown,gas,automatic,unknown,unknown,ca,unknown
13999,2011.0,chevrolet,140180.0,good,hybrid,automatic,4wd,truck,ny,silver
10999,2016.0,mazda,65014.0,excellent,gas,automatic,fwd,sedan,ks,black
35590,2020.0,lincoln,1454.0,good,gas,other,fwd,other,ny,unknown
9499,2012.0,honda,95655.0,unknown,gas,automatic,fwd,sedan,ca,white
3200,2008.0,mazda,181000.0,good,gas,automatic,fwd,sedan,mi,grey
21980,2017.0,kia,63505.0,unknown,gas,automatic,fwd,sedan,mt,grey
33990,2019.0,toyota,23963.0,good,hybrid,other,unknown,SUV,ma,unknown
22000,2016.0,lexus,83200.0,excellent,gas,automatic,fwd,sedan,ga,black
5831,2004.0,chevrolet,222884.0,excellent,gas,automatic,4wd,truck,mi,unknown
27590,2018.0,mazda,34250.0,good,other,other,unknown,SUV,ma,blue
35395,2018.0,chevrolet,21026.0,good,gas,automatic,unknown,pickup,az,unknown
27000,2014.0,jeep,88361.0,unknown,gas,automatic,4wd,convertible,wa,unknown
9999,2012.0,acura,136160.0,unknown,gas,automatic,fwd,sedan,az,black
4500,2009.0,toyota,90000.0,unknown,gas,automatic,unknown,unknown,la,unknown
26990,2020.0,infiniti,28278.0,good,gas,other,rwd,sedan,wi,white
34990,2008.0,ram,122084.0,unknown,diesel,automatic,4wd,pickup,or,silver
13999,2015.0,mitsubishi,73756.0,excellent,gas,automatic,4wd,SUV,or,grey
30590,2018.0,subaru,9489.0,good,gas,other,rwd,coupe,dc,blue
6000,2001.0,gmc,204000.0,unknown,gas,manual,rwd,unknown,mt,unknown
2999,2004.0,dodge,262398.0,like new,gas,automatic,4wd,SUV,wi,unknown
11995,2011.0,buick,109447.0,unknown,gas,automatic,unknown,unknown,wi,unknown
3995,2006.0,toyota,144785.0,unknown,other,automatic,unknown,unknown,la,blue
11500,2007.0,ford,45000.0,unknown,diesel,automatic,unknown,unknown,wa,unknown
13888,2014.0,ford,94338.0,excellent,gas,manual,fwd,hatchback,tx,silver
5600,2015.0,ford,59460.0,excellent,gas,manual,fwd,hatchback,ma,black
6000,2007.0,chevrolet,245000.0,good,gas,automatic,rwd,van,ny,white
50130,2016.0,dodge,2991.0,unknown,other,manual,fwd,other,la,unknown
6000,2013.0,chevrolet,150000.0,like new,gas,automatic,fwd,SUV,ar,silver
29999,2018.0,chrysler,28748.0,unknown,gas,automatic,4wd,sedan,wa,silver
3000,2006.0,nissan,101000.0,good,gas,automatic,fwd,sedan,dc,black
24000,2016.0,bmw,51578.0,excellent,gas,automatic,4wd,sedan,wi,unknown
4975,2010.0,kia,116000.0,good,gas,automatic,fwd,unknown,oh,brown
19590,2018.0,nissan,20841.0,good,other,other,unknown,hatchback,az,unknown
29990,2019.0,chevrolet,6727.0,good,gas,other,rwd,coupe,tx,red
8501,2008.0,toyota,140287.0,unknown,gas,automatic,4wd,SUV,md,unknown
14800,2018.0,kia,24950.0,excellent,gas,automatic,fwd,SUV,tn,grey
40998,2015.0,gmc,165247.0,unknown,gas,automatic,4wd,unknown,mn,silver
15900,2016.0,toyota,70000.0,excellent,hybrid,automatic,unknown,other,ca,unknown
25491,2020.0,subaru,10601.0,unknown,gas,automatic,unknown,wagon,or,black
12497,2019.0,chevrolet,50003.0,good,gas,automatic,fwd,hatchback,mi,black
31995,2018.0,kia,25415.0,unknown,gas,automatic,4wd,SUV,id,unknown
42590,2015.0,mercedes-benz,24048.0,good,gas,other,rwd,convertible,va,black
12750,2014.0,ford,83529.0,unknown,gas,automatic,fwd,sedan,ia,silver
8999,2013.0,chrysler,81744.0,like new,gas,automatic,unknown,sedan,tn,blue
38990,2019.0,toyota,20513.0,good,gas,other,4wd,pickup,mi,white
25990,2016.0,subaru,37682.0,good,gas,automatic,unknown,sedan,md,silver
26997,2010.0,jeep,72000.0,excellent,gas,automatic,4wd,sedan,ca,white
8991,2006.0,bmw,86492.0,unknown,gas,automatic,unknown,convertible,wa,unknown
2500,2005.0,nissan,175000.0,fair,gas,automatic,fwd,sedan,ca,brown
14900,2016.0,chevrolet,107349.0,excellent,gas,automatic,fwd,sedan,nc,black
5999,2008.0,hyundai,91986.0,unknown,gas,automatic,fwd,other,ca,silver
23500,2016.0,honda,53000.0,like new,gas,automatic,fwd,SUV,sc,grey
3500,2010.0,mitsubishi,151071.0,unknown,gas,automatic,fwd,SUV,md,red
20590,2020.0,toyota,1688.0,good,gas,other,fwd,sedan,ok,blue
41998,2017.0,ram,48761.0,unknown,gas,automatic,rwd,truck,mt,unknown
29237,2017.0,jeep,84068.0,excellent,gas,automatic,4wd,SUV,mt,unknown
24990,2018.0,mazda,82613.0,good,gas,automatic,4wd,SUV,tn,black
7495,2012.0,kia,80021.0,excellent,gas,automatic,fwd,unknown,me,unknown
20590,2013.0,acura,77087.0,good,gas,other,unknown,SUV,tn,silver
3600,2000.0,honda,146114.0,unknown,gas,automatic,fwd,van,nj,unknown
58995,2017.0,ram,44684.0,unknown,diesel,automatic,4wd,pickup,ca,white
8499,2016.0,nissan,55768.0,excellent,gas,automatic,fwd,sedan,wi,unknown
4995,2011.0,chevrolet,160363.0,good,gas,automatic,fwd,sedan,mi,red
7000,2013.0,subaru,180879.0,good,gas,automatic,4wd,hatchback,ca,white
6995,2006.0,acura,188389.0,excellent,gas,automatic,unknown,sedan,ma,grey
12500,2016.0,toyota,20190.0,good,gas,automatic,fwd,coupe,ak,blue
35590,2019.0,lincoln,27192.0,good,gas,other,unknown,other,az,blue
9495,2002.0,chevrolet,119107.0,excellent,gas,automatic,unknown,SUV,ca,unknown
5995,2013.0,nissan,112405.0,unknown,gas,manual,fwd,wagon,co,red
35990,2018.0,ford,16795.0,good,gas,other,unknown,pickup,ks,red
8900,2005.0,infiniti,84000.0,excellent,gas,automatic,unknown,sedan,ca,unknown
8990,2011.0,volkswagen,74121.0,excellent,gas,manual,fwd,sedan,ny,grey
20604,2017.0,honda,69049.0,unknown,gas,automatic,fwd,sedan,ca,silver
22590,2015.0,hyundai,20346.0,good,gas,other,rwd,coupe,mn,unknown
29755,2017.0,cadillac,47366.0,excellent,gas,automatic,4wd,sedan,mi,grey
5995,2011.0,toyota,206996.0,unknown,gas,automatic,fwd,sedan,pa,silver
21995,2007.0,chevrolet,68574.0,excellent,gas,automatic,4wd,truck,wi,blue
13900,2010.0,ram,139000.0,good,gas,automatic,4wd,truck,co,white
32500,2017.0,toyota,50200.0,excellent,gas,automatic,4wd,unknown,ny,silver
29990,2019.0,nissan,10714.0,good,other,automatic,fwd,sedan,ny,black
14900,2016.0,lincoln,97917.0,excellent,gas,automatic,rwd,SUV,fl,white
31590,2019.0,toyota,2207.0,good,other,other,unknown,coupe,tx,black
21800,2016.0,ford,100000.0,like new,gas,automatic,rwd,van,fl,white
4400,2003.0,mercedes-benz,181098.0,good,gas,automatic,fwd,sedan,tx,white
13000,2018.0,dodge,43995.0,unknown,other,automatic,rwd,coupe,dc,unknown
10324,2016.0,chevrolet,106557.0,unknown,gas,automatic,fwd,unknown,mn,silver
24990,2009.0,chevrolet,72789.0,good,gas,automatic,rwd,truck,md,white
12699,2013.0,dodge,108055.0,unknown,gas,automatic,rwd,coupe,co,custom
3500,1997.0,subaru,145000.0,good,gas,automatic,4wd,wagon,ca,white
15800,2015.0,hyundai,41000.0,like new,gas,automatic,unknown,sedan,va,unknown
37900,2020.0,chevrolet,5622.0,like new,gas,automatic,rwd,truck,al,white
39995,2018.0,ford,30120.0,good,other,automatic,rwd,van,ny,white
1600,2008.0,dodge,167000.0,excellent,gas,automatic,fwd,mini-van,mi,black
4950,2013.0,ford,172000.0,excellent,gas,automatic,fwd,sedan,tx,silver
23888,2017.0,ford,104582.0,unknown,other,automatic,fwd,pickup,tx,black
53987,2020.0,jeep,680.0,unknown,gas,automatic,4wd,truck,id,white
22900,2016.0,jeep,72000.0,excellent,gas,automatic,4wd,SUV,ok,grey
1700,2009.0,chevrolet,1.0,unknown,gas,automatic,unknown,other,il,blue
36995,2016.0,gmc,121368.0,excellent,gas,automatic,rwd,SUV,tx,unknown
7995,2012.0,ford,411.0,unknown,gas,automatic,unknown,unknown,ar,unknown
8950,2010.0,bmw,119040.0,like new,gas,automatic,4wd,SUV,tx,silver
9985,2010.0,gmc,138387.0,excellent,gas,automatic,4wd,SUV,ky,red
16250,2014.0,ford,50979.0,unknown,gas,automatic,unknown,SUV,sd,custom
41992,2012.0,ford,90386.0,unknown,diesel,automatic,4wd,unknown,ca,white
15799,2009.0,gmc,118896.0,good,gas,automatic,4wd,pickup,wi,white
18900,2008.0,jeep,116000.0,excellent,gas,automatic,4wd,SUV,ny,black
13995,2016.0,kia,57314.0,unknown,gas,automatic,unknown,wagon,ca,unknown
12899,2012.0,kia,77556.0,unknown,gas,automatic,fwd,sedan,ia,unknown
38900,2012.0,chevrolet,132000.0,excellent,diesel,automatic,4wd,truck,tn,silver
37590,2017.0,mercedes-benz,59599.0,good,gas,other,unknown,SUV,pa,blue
44910,2012.0,ford,20600.0,unknown,gas,manual,rwd,convertible,md,white
37990,2018.0,ram,26610.0,good,gas,automatic,4wd,pickup,tn,blue
15000,2013.0,volkswagen,72000.0,excellent,gas,manual,4wd,coupe,ma,red
51990,2018.0,ram,100911.0,unknown,diesel,automatic,4wd,pickup,nc,unknown
28900,2015.0,gmc,115443.0,unknown,gas,automatic,unknown,unknown,ar,unknown
23995,2018.0,mazda,41018.0,unknown,gas,automatic,unknown,unknown,nj,unknown
49990,2015.0,ford,152701.0,good,diesel,automatic,4wd,truck,oh,white
26999,2015.0,chevrolet,121721.0,unknown,gas,automatic,unknown,unknown,wi,unknown
10900,2006.0,ford,144975.0,unknown,gas,automatic,unknown,unknown,va,unknown
5500,2001.0,ford,236089.0,fair,gas,automatic,4wd,truck,ca,white
18500,2018.0,honda,20500.0,like new,gas,automatic,fwd,hatchback,wa,grey
21950,2008.0,toyota,134000.0,good,gas,automatic,4wd,truck,co,silver
11250,2016.0,hyundai,95427.0,excellent,gas,automatic,fwd,sedan,il,white
1900,2004.0,honda,238156.0,fair,gas,automatic,fwd,sedan,mn,grey
5400,2006.0,jeep,137000.0,good,gas,automatic,4wd,SUV,pa,unknown
32900,2015.0,buick,20070.0,unknown,gas,automatic,fwd,SUV,mt,silver
25401,2016.0,bmw,51626.0,unknown,gas,automatic,unknown,unknown,md,white
29990,2012.0,toyota,43182.0,good,gas,other,4wd,pickup,al,white
10500,2017.0,dodge,156773.0,unknown,gas,automatic,fwd,SUV,wa,unknown
15900,2013.0,lexus,101507.0,excellent,gas,automatic,fwd,sedan,tn,blue
9999,2018.0,kia,39808.0,good,gas,automatic,fwd,sedan,mi,black
46679,2017.0,audi,28155.0,unknown,gas,automatic,unknown,hatchback,ks,unknown
15590,2015.0,hyundai,11876.0,good,gas,other,fwd,sedan,ga,silver
18216,2014.0,jeep,108321.0,unknown,gas,automatic,unknown,unknown,fl,unknown
3500,2009.0,hyundai,179764.0,good,gas,automatic,fwd,unknown,mo,unknown
6900,2003.0,audi,126000.0,good,gas,automatic,fwd,coupe,mi,blue
500,2013.0,nissan,130000.0,unknown,gas,automatic,unknown,unknown,ca,unknown
20500,2017.0,infiniti,85000.0,good,gas,automatic,4wd,sedan,ny,blue
22990,2013.0,ford,71288.0,good,gas,other,unknown,pickup,ok,unknown
4000,2000.0,bmw,158000.0,good,gas,automatic,rwd,wagon,ca,white
3295,2001.0,nissan,78000.0,good,gas,automatic,fwd,sedan,oh,green
10500,2019.0,nissan,3500.0,like new,gas,automatic,fwd,other,ca,black
14775,2013.0,ram,184366.0,excellent,gas,automatic,4wd,pickup,mt,orange
29995,2015.0,gmc,127000.0,unknown,gas,automatic,unknown,unknown,oh,unknown
32995,2017.0,toyota,36466.0,unknown,gas,automatic,4wd,SUV,co,black
17590,2015.0,volvo,63512.0,good,gas,automatic,unknown,sedan,mi,blue
29500,2016.0,bmw,47000.0,like new,gas,automatic,unknown,convertible,ma,black
30590,2018.0,gmc,19596.0,good,other,other,unknown,SUV,nj,black
5999,2010.0,dodge,106855.0,good,gas,other,unknown,SUV,nc,blue
26699,2018.0,volkswagen,34500.0,excellent,gas,other,4wd,SUV,oh,blue
12950,2003.0,chevrolet,82900.0,unknown,gas,automatic,4wd,pickup,ia,unknown
28990,2013.0,ford,45804.0,good,gas,other,4wd,pickup,wv,white
27998,2022.0,mitsubishi,10.0,new,gas,automatic,unknown,unknown,wa,red
6200,2006.0,toyota,150000.0,excellent,gas,manual,fwd,unknown,la,unknown
18000,2012.0,bmw,83350.0,good,gas,automatic,4wd,SUV,ny,white
7990,2014.0,dodge,129000.0,excellent,gas,automatic,fwd,van,mn,grey
17550,2015.0,gmc,97489.0,unknown,gas,automatic,4wd,SUV,oh,red
12000,1996.0,toyota,40472.0,unknown,diesel,automatic,4wd,other,mt,silver
9995,2005.0,ford,167000.0,unknown,gas,automatic,4wd,unknown,pa,unknown
34990,2020.0,jeep,3181.0,good,gas,other,4wd,other,ca,unknown
2000,1997.0,ford,117000.0,good,gas,automatic,unknown,unknown,in,green
16990,2016.0,kia,17631.0,good,gas,other,fwd,coupe,oh,unknown
12000,2007.0,bmw,57000.0,new,gas,automatic,unknown,unknown,ak,white
9999,2004.0,toyota,171100.0,excellent,gas,automatic,4wd,unknown,tx,unknown
27990,2012.0,toyota,67245.0,good,gas,other,4wd,pickup,nc,silver
15900,2016.0,jeep,65217.0,excellent,gas,automatic,fwd,SUV,tn,grey
11995,2018.0,hyundai,128744.0,excellent,gas,automatic,fwd,hatchback,ca,unknown
19995,2011.0,gmc,158622.0,unknown,other,automatic,unknown,SUV,co,silver
7950,2010.0,volvo,163005.0,good,gas,automatic,4wd,wagon,fl,blue
18990,2017.0,nissan,30785.0,good,gas,automatic,unknown,hatchback,oh,black
21590,2015.0,mini,7555.0,good,gas,other,fwd,other,ma,green
32990,2019.0,chevrolet,6897.0,good,other,other,unknown,pickup,mo,black
3350,2005.0,toyota,148000.0,like new,gas,automatic,fwd,sedan,az,custom
25990,2018.0,mitsubishi,13938.0,good,electric,other,4wd,SUV,ny,unknown
6200,1998.0,chevrolet,190.0,good,gas,automatic,rwd,unknown,ca,unknown
26990,2020.0,toyota,8625.0,good,gas,other,unknown,pickup,mn,red
12985,2012.0,mercedes-benz,63148.0,unknown,gas,automatic,unknown,sedan,nj,white
36590,2019.0,gmc,14222.0,good,gas,other,4wd,pickup,va,blue
16990,2013.0,infiniti,73053.0,good,gas,automatic,rwd,sedan,nj,unknown
41995,2017.0,ford,117005.0,unknown,diesel,automatic,unknown,pickup,tx,white
32999,2014.0,toyota,81698.0,unknown,gas,automatic,4wd,truck,id,white
5300,2008.0,mitsubishi,146000.0,unknown,gas,automatic,unknown,unknown,pa,unknown
24990,2017.0,volvo,42421.0,good,gas,other,unknown,SUV,nm,brown
33995,2017.0,ford,35932.0,unknown,gas,automatic,unknown,coupe,ks,black
29988,2018.0,ford,29348.0,unknown,gas,automatic,unknown,SUV,mn,silver
6599,2007.0,ford,143543.0,excellent,gas,automatic,rwd,truck,nc,white
32000,2015.0,gmc,124974.0,excellent,gas,automatic,4wd,SUV,mn,white
38990,2014.0,toyota,66710.0,good,gas,other,4wd,other,fl,unknown
10995,2016.0,kia,107000.0,excellent,gas,automatic,fwd,sedan,tx,black
4219,2002.0,toyota,153268.0,good,gas,automatic,fwd,sedan,oh,unknown
3299,2003.0,hyundai,155603.0,unknown,gas,automatic,unknown,SUV,il,silver
37995,2015.0,ram,140000.0,excellent,diesel,automatic,4wd,pickup,wi,white
10900,2009.0,ford,153000.0,good,gas,automatic,4wd,unknown,mi,red
6995,2007.0,gmc,204306.0,unknown,gas,automatic,unknown,unknown,mi,unknown
92888,2018.0,porsche,30000.0,like new,gas,automatic,unknown,unknown,ca,silver
7500,2001.0,audi,100026.0,good,gas,manual,fwd,convertible,md,silver
27990,2020.0,ford,10688.0,good,gas,other,unknown,pickup,ny,white
59000,2020.0,jeep,10518.0,unknown,gas,automatic,4wd,pickup,oh,white
2500,2005.0,mercury,155000.0,good,gas,automatic,fwd,sedan,nh,green
1600,1992.0,subaru,277814.0,unknown,gas,automatic,unknown,unknown,id,unknown
4200,2008.0,chrysler,103831.0,excellent,gas,automatic,fwd,convertible,fl,silver
3500,2009.0,pontiac,196000.0,good,gas,automatic,4wd,hatchback,ny,blue
11490,2014.0,honda,78000.0,like new,gas,automatic,fwd,sedan,ky,black
34394,2019.0,ford,1954.0,good,other,automatic,rwd,pickup,ca,silver
23395,2020.0,nissan,28567.0,excellent,gas,automatic,4wd,SUV,vt,blue
3180,2003.0,honda,189140.0,good,gas,automatic,fwd,unknown,ia,unknown
12500,2001.0,dodge,155550.0,good,diesel,manual,4wd,truck,or,green
12998,2011.0,mercedes-benz,131504.0,unknown,gas,automatic,unknown,SUV,sc,unknown
25990,2017.0,infiniti,45429.0,good,gas,other,fwd,other,ny,silver
17450,2012.0,nissan,47980.0,excellent,gas,automatic,4wd,SUV,or,blue
30991,2019.0,subaru,27429.0,unknown,gas,automatic,unknown,unknown,or,unknown
24990,2017.0,kia,38995.0,good,gas,other,fwd,van,dc,brown
17991,2010.0,nissan,98951.0,unknown,gas,automatic,fwd,coupe,id,black
20400,2012.0,chevrolet,101507.0,unknown,other,automatic,4wd,other,tn,black
14995,2014.0,audi,78600.0,unknown,gas,automatic,unknown,sedan,va,black
12500,2014.0,ford,240000.0,unknown,gas,automatic,unknown,unknown,la,unknown
24990,2008.0,ford,139567.0,good,gas,automatic,rwd,truck,sc,white
16988,2012.0,chevrolet,77021.0,excellent,gas,automatic,rwd,pickup,ar,white
7299,2010.0,acura,88000.0,good,gas,automatic,fwd,sedan,oh,silver
17738,2015.0,honda,104894.0,good,gas,automatic,unknown,other,ca,silver
5495,2010.0,volkswagen,148739.0,unknown,gas,automatic,unknown,sedan,id,silver
66000,2017.0,rover,40600.0,like new,gas,automatic,4wd,SUV,de,black
2900,2005.0,ford,135000.0,good,gas,automatic,fwd,sedan,mn,silver
18990,2012.0,ford,142601.0,unknown,gas,automatic,4wd,pickup,fl,black
13980,2015.0,chrysler,87906.0,unknown,gas,automatic,fwd,sedan,id,black
4499,2006.0,honda,154000.0,good,gas,automatic,fwd,mini-van,ny,blue
15800,2014.0,ford,91800.0,excellent,gas,automatic,rwd,unknown,in,yellow
26590,2017.0,kia,24667.0,good,gas,other,rwd,sedan,ky,black
6995,2014.0,jeep,117041.0,unknown,gas,manual,unknown,SUV,or,unknown
4900,2004.0,ford,171000.0,unknown,gas,automatic,unknown,unknown,fl,unknown
18999,2016.0,jeep,45965.0,unknown,gas,automatic,fwd,SUV,wa,blue
20898,2013.0,bmw,57358.0,excellent,gas,automatic,rwd,convertible,fl,unknown
2000,1998.0,volvo,183000.0,good,gas,manual,fwd,hatchback,va,white
2500,2003.0,bmw,186000.0,good,gas,automatic,unknown,unknown,va,white
7995,2008.0,ford,132809.0,excellent,gas,automatic,fwd,unknown,ca,unknown
7500,2012.0,chevrolet,46051.0,excellent,gas,automatic,unknown,unknown,me,unknown
29990,2019.0,ford,13628.0,good,gas,other,unknown,pickup,ny,silver
5900,2010.0,mazda,115428.0,excellent,gas,automatic,fwd,hatchback,ia,black
6400,2009.0,toyota,118885.0,unknown,gas,automatic,unknown,sedan,pa,unknown
41995,2019.0,toyota,69331.0,unknown,gas,automatic,4wd,pickup,tx,custom
25990,2019.0,ram,15000.0,excellent,gas,automatic,unknown,pickup,ca,white
10295,2017.0,chevrolet,86318.0,unknown,gas,automatic,unknown,sedan,oh,blue
5195,2008.0,nissan,134923.0,good,gas,automatic,fwd,sedan,nj,grey
2999,2007.0,nissan,121813.0,unknown,gas,manual,unknown,unknown,fl,unknown
21995,2013.0,jeep,140000.0,unknown,gas,automatic,unknown,unknown,va,unknown
14900,2014.0,chevrolet,96931.0,unknown,gas,other,fwd,sedan,fl,silver
10495,2014.0,subaru,105626.0,excellent,gas,other,4wd,SUV,nj,unknown
38590,2017.0,nissan,26539.0,good,gas,other,unknown,pickup,nj,black
16100,2016.0,subaru,68000.0,excellent,gas,automatic,unknown,sedan,pa,blue
7267,2012.0,gmc,153553.0,excellent,gas,automatic,4wd,SUV,mi,unknown
14995,2001.0,ford,47308.0,good,gas,automatic,rwd,truck,ca,white
42590,2020.0,buick,1134.0,good,gas,other,unknown,SUV,va,black
6700,2008.0,jeep,142000.0,good,gas,automatic,4wd,SUV,nj,white
27164,2017.0,chevrolet,93995.0,excellent,gas,other,unknown,truck,ca,unknown
6999,2014.0,ford,75000.0,good,gas,automatic,fwd,hatchback,oh,red
19990,2017.0,nissan,18876.0,good,gas,other,unknown,hatchback,mi,black
4950,2008.0,mazda,146000.0,excellent,gas,automatic,unknown,sedan,nc,red
9200,2010.0,chevrolet,102000.0,excellent,gas,automatic,unknown,SUV,fl,black
6999,2010.0,chevrolet,274105.0,excellent,gas,automatic,4wd,unknown,mn,unknown
27990,2020.0,honda,17031.0,excellent,gas,automatic,fwd,sedan,nc,black
8900,2017.0,buick,56000.0,good,gas,automatic,fwd,unknown,mi,white
23381,2014.0,chevrolet,98977.0,unknown,gas,automatic,rwd,SUV,tx,silver
28590,2017.0,ram,41816.0,good,other,other,4wd,pickup,ga,unknown
26990,2017.0,cadillac,41147.0,good,gas,other,unknown,sedan,ct,red
4000,2008.0,chevrolet,287000.0,fair,gas,manual,unknown,unknown,fl,unknown
29990,2013.0,ford,170334.0,excellent,diesel,automatic,4wd,truck,fl,black
16800,2017.0,chevrolet,55123.0,good,gas,automatic,fwd,SUV,mo,silver
5900,2001.0,chevrolet,167000.0,good,gas,automatic,rwd,SUV,ca,black
26995,2011.0,ford,106295.0,unknown,gas,automatic,4wd,truck,wa,grey
4495,2006.0,honda,238229.0,excellent,gas,automatic,fwd,mini-van,ga,grey
16990,2008.0,ford,147476.0,good,gas,automatic,4wd,unknown,wi,white
16995,2013.0,ford,169357.0,unknown,gas,automatic,rwd,pickup,ga,white
57321,2020.0,chevrolet,7576.0,good,diesel,automatic,unknown,pickup,nc,unknown
4000,2004.0,mitsubishi,185700.0,good,gas,automatic,fwd,SUV,ca,silver
6995,2007.0,toyota,119132.0,good,gas,automatic,fwd,sedan,nj,grey
8000,1991.0,nissan,126000.0,excellent,gas,manual,rwd,unknown,wa,red
21991,2017.0,toyota,35367.0,unknown,gas,automatic,fwd,SUV,ca,red
16500,2007.0,chevrolet,110000.0,fair,gas,manual,rwd,coupe,sc,unknown
932,2018.0,ford,87542.0,excellent,diesel,automatic,4wd,truck,wa,unknown
15299,2016.0,subaru,9835.0,excellent,gas,automatic,4wd,sedan,wi,blue
18959,2017.0,chrysler,106091.0,unknown,gas,automatic,fwd,van,ks,unknown
10999,2012.0,toyota,111399.0,excellent,hybrid,automatic,fwd,unknown,or,unknown
78995,2019.0,ford,61965.0,unknown,diesel,automatic,4wd,unknown,ca,white
18999,2011.0,ford,201622.0,unknown,gas,automatic,unknown,unknown,nj,unknown
2999,2006.0,ford,109000.0,excellent,gas,automatic,fwd,sedan,in,red
21000,2016.0,subaru,87400.0,excellent,gas,automatic,4wd,SUV,ga,green
39800,2005.0,ram,27741.0,excellent,diesel,automatic,4wd,unknown,id,unknown
23999,2016.0,ram,126500.0,like new,gas,automatic,4wd,truck,ok,blue
18900,2016.0,bmw,45267.0,like new,gas,automatic,4wd,sedan,nj,black
32995,2020.0,mercedes-benz,14061.0,excellent,gas,automatic,4wd,SUV,ca,white
25995,2017.0,mercedes-benz,50505.0,unknown,gas,automatic,unknown,sedan,pa,white
24110,2016.0,volkswagen,88651.0,excellent,gas,automatic,4wd,SUV,nc,white
13500,2013.0,audi,67500.0,excellent,gas,automatic,unknown,unknown,oh,unknown
4700,2008.0,hyundai,160000.0,like new,gas,automatic,unknown,unknown,ga,unknown
13990,2015.0,jeep,112000.0,like new,gas,automatic,4wd,SUV,fl,unknown
59999,2018.0,ram,12500.0,like new,diesel,automatic,4wd,unknown,ca,white
3100,2009.0,ford,127860.0,unknown,gas,automatic,fwd,coupe,md,red
9500,2013.0,acura,65000.0,good,gas,automatic,fwd,sedan,pa,white
29846,2016.0,toyota,54584.0,unknown,gas,automatic,rwd,truck,wa,black
24990,2018.0,ford,12928.0,good,other,other,fwd,hatchback,ks,unknown
6795,2013.0,chrysler,125321.0,excellent,gas,automatic,unknown,unknown,md,brown
32990,2017.0,ram,10193.0,good,other,other,4wd,pickup,mi,unknown
21492,2018.0,nissan,31168.0,unknown,gas,automatic,fwd,wagon,az,red
3200,2004.0,buick,141000.0,excellent,gas,automatic,unknown,unknown,nc,white
3500,2009.0,ford,184465.0,unknown,gas,automatic,unknown,truck,tx,unknown
12500,2014.0,bmw,90180.0,excellent,gas,automatic,rwd,sedan,fl,unknown
12995,2008.0,ram,142915.0,excellent,gas,automatic,rwd,pickup,tx,silver
30901,2017.0,jeep,59000.0,excellent,gas,automatic,4wd,SUV,sd,grey
31590,2018.0,acura,19370.0,good,other,other,fwd,SUV,ca,unknown
38990,2020.0,acura,2512.0,good,other,other,fwd,SUV,nc,black
19998,2020.0,kia,27968.0,unknown,gas,automatic,fwd,wagon,il,orange
13798,2013.0,honda,136529.0,unknown,gas,automatic,unknown,unknown,ok,white
26500,2011.0,ford,158000.0,excellent,diesel,automatic,4wd,truck,ct,red
3995,2012.0,chevrolet,95000.0,good,gas,automatic,fwd,sedan,tx,red
42900,2015.0,ford,58895.0,good,other,other,unknown,pickup,id,white
5495,2005.0,mercedes-benz,139857.0,unknown,gas,automatic,unknown,other,pa,unknown
1400,2012.0,honda,0.0,unknown,gas,automatic,fwd,sedan,ga,black
4995,2006.0,kia,173321.0,unknown,gas,manual,fwd,other,or,green
22995,2012.0,jeep,57835.0,like new,gas,automatic,4wd,SUV,ny,unknown
2500,2007.0,ford,200000.0,unknown,gas,automatic,unknown,unknown,dc,unknown
23990,2014.0,acura,62390.0,good,gas,other,unknown,SUV,in,unknown
2950,2010.0,cadillac,86000.0,unknown,gas,automatic,unknown,unknown,ky,unknown
10000,2007.0,cadillac,183313.0,excellent,gas,automatic,4wd,SUV,ga,white
6298,2008.0,chevrolet,143737.0,good,gas,automatic,fwd,sedan,id,silver
3995,2008.0,mazda,186000.0,unknown,gas,automatic,fwd,unknown,pa,unknown
23885,2017.0,ford,131169.0,unknown,gas,automatic,unknown,unknown,tx,unknown
13500,1991.0,chevrolet,129000.0,good,gas,automatic,unknown,unknown,wi,unknown
7100,2012.0,audi,145000.0,excellent,gas,automatic,4wd,sedan,wi,white
5000,2012.0,ford,150000.0,unknown,gas,automatic,4wd,unknown,mi,black
23990,2017.0,ford,20416.0,good,gas,other,fwd,hatchback,nh,black
8495,2003.0,chevrolet,174711.0,unknown,gas,automatic,4wd,SUV,mi,black
21999,2016.0,subaru,97976.0,excellent,gas,manual,4wd,sedan,ca,blue
36900,2018.0,chevrolet,98000.0,excellent,gas,automatic,4wd,SUV,nc,silver
14998,2010.0,chevrolet,154684.0,unknown,gas,automatic,4wd,unknown,mt,unknown
67900,2021.0,ram,2000.0,good,diesel,automatic,4wd,truck,mo,white
37900,2020.0,toyota,27500.0,excellent,gas,automatic,fwd,mini-van,mi,grey
20900,2017.0,toyota,35000.0,unknown,gas,automatic,unknown,unknown,il,unknown
10995,2014.0,ford,119334.0,excellent,gas,automatic,4wd,SUV,ia,silver
13000,2018.0,nissan,54380.0,unknown,gas,automatic,fwd,sedan,wa,unknown
16488,2009.0,cadillac,150577.0,unknown,gas,automatic,unknown,other,sc,white
1200,2006.0,ford,218000.0,salvage,gas,automatic,4wd,truck,tn,brown
2995,2014.0,dodge,100000.0,unknown,gas,automatic,unknown,unknown,fl,unknown
44499,2016.0,ford,140859.0,unknown,diesel,automatic,4wd,truck,co,unknown
16590,2017.0,ford,37190.0,good,other,automatic,fwd,sedan,mi,unknown
26000,2015.0,ford,70000.0,good,gas,automatic,4wd,pickup,ca,unknown
6500,2009.0,honda,122000.0,unknown,gas,automatic,unknown,unknown,nj,unknown
3500,2010.0,nissan,140.0,good,gas,automatic,unknown,wagon,fl,grey
31995,2014.0,ram,49278.0,unknown,gas,automatic,fwd,van,ca,white
21990,2020.0,kia,4400.0,good,other,other,fwd,wagon,ny,unknown
6999,2008.0,buick,155231.0,unknown,other,automatic,fwd,SUV,oh,unknown
21990,2019.0,acura,47090.0,good,gas,other,fwd,sedan,co,white
2000,1998.0,ford,206000.0,unknown,gas,automatic,rwd,unknown,nc,unknown
11995,2013.0,gmc,89371.0,excellent,gas,automatic,fwd,SUV,mn,red
19995,2015.0,ford,107699.0,excellent,gas,automatic,4wd,SUV,me,unknown
4200,2006.0,hyundai,141000.0,good,gas,automatic,fwd,sedan,tn,brown
9695,2014.0,buick,120625.0,excellent,gas,other,unknown,sedan,id,unknown
13988,2014.0,honda,50613.0,excellent,gas,other,unknown,sedan,wa,unknown
13450,2015.0,ford,53478.0,excellent,gas,automatic,unknown,hatchback,ca,unknown
20990,2019.0,hyundai,12139.0,good,other,other,unknown,sedan,ca,red
11400,2015.0,toyota,79498.0,unknown,gas,automatic,fwd,sedan,fl,red
11000,1997.0,jeep,275000.0,excellent,gas,automatic,4wd,SUV,ga,white
1200,1999.0,toyota,183100.0,unknown,gas,automatic,unknown,unknown,ma,unknown
38886,2015.0,ram,167092.0,unknown,diesel,manual,unknown,unknown,va,unknown
49999,2018.0,ford,18878.0,unknown,gas,automatic,4wd,truck,id,black
7750,2015.0,hyundai,108000.0,excellent,gas,automatic,unknown,unknown,tx,unknown
15053,2006.0,toyota,133540.0,good,gas,automatic,4wd,truck,tx,white
22990,2018.0,acura,17845.0,good,other,automatic,fwd,sedan,ma,unknown
35995,2018.0,ford,29486.0,unknown,gas,automatic,unknown,unknown,nj,unknown
23900,2019.0,nissan,40407.0,excellent,gas,automatic,unknown,sedan,wa,unknown
49997,2018.0,toyota,58476.0,unknown,gas,automatic,4wd,SUV,fl,white
9499,2012.0,chevrolet,70283.0,unknown,other,automatic,fwd,sedan,id,silver
1800,1995.0,toyota,227000.0,unknown,gas,automatic,fwd,unknown,in,unknown
19250,2017.0,subaru,86495.0,excellent,gas,automatic,4wd,sedan,fl,blue
9072,2011.0,toyota,181316.0,unknown,other,automatic,fwd,unknown,ms,silver
18984,2017.0,mini,39079.0,unknown,gas,automatic,fwd,coupe,ky,unknown
22995,2017.0,toyota,44240.0,excellent,gas,automatic,4wd,SUV,vt,grey
51990,2019.0,bmw,25914.0,good,gas,other,unknown,SUV,fl,unknown
51990,2014.0,ford,14330.0,good,gas,other,rwd,coupe,va,black
500,2013.0,nissan,130000.0,unknown,gas,automatic,unknown,unknown,ca,unknown
2950,2007.0,kia,196.0,excellent,gas,automatic,unknown,unknown,sc,unknown
5990,2010.0,ford,139000.0,unknown,gas,automatic,unknown,unknown,mn,black
26839,2017.0,mercedes-benz,33248.0,unknown,gas,automatic,rwd,sedan,ca,unknown
23995,2018.0,chrysler,20899.0,good,gas,automatic,4wd,sedan,wy,white
29000,2018.0,bmw,47525.0,excellent,gas,automatic,rwd,unknown,ca,white
19590,2017.0,mitsubishi,50473.0,good,other,other,4wd,SUV,mi,brown
15990,2010.0,audi,75159.0,good,gas,other,unknown,sedan,ct,unknown
7988,2006.0,chevrolet,240165.0,unknown,gas,automatic,4wd,unknown,wa,unknown
17995,2012.0,ford,155386.0,unknown,gas,automatic,4wd,truck,or,grey
4900,2003.0,honda,161000.0,good,gas,automatic,4wd,unknown,ct,unknown
19995,2011.0,chevrolet,147580.0,good,gas,automatic,4wd,truck,ky,white
7999,2006.0,dodge,107000.0,excellent,gas,automatic,4wd,pickup,tn,unknown
3460,2004.0,nissan,191000.0,good,gas,manual,unknown,unknown,pa,unknown
23532,2020.0,chevrolet,33278.0,unknown,gas,automatic,unknown,SUV,id,silver
29751,2019.0,toyota,45824.0,good,gas,automatic,4wd,SUV,az,red
38590,2018.0,ford,28033.0,good,gas,other,unknown,pickup,mn,unknown
8900,2010.0,mini,225416.0,good,gas,automatic,rwd,van,nc,white
23995,2014.0,ford,178741.0,like new,gas,automatic,unknown,pickup,ca,white
16795,2009.0,ford,175214.0,excellent,gas,automatic,4wd,pickup,fl,purple
7995,2012.0,ford,0.0,excellent,gas,automatic,unknown,wagon,ca,unknown
17621,2014.0,subaru,79597.0,good,gas,automatic,unknown,SUV,ca,white
21690,2016.0,chevrolet,42194.0,unknown,gas,automatic,rwd,coupe,fl,red
47590,2020.0,toyota,4034.0,good,gas,other,unknown,pickup,fl,silver
2000,2002.0,ram,190000.0,fair,gas,automatic,4wd,truck,ny,red
26000,2020.0,honda,1485.0,new,gas,manual,fwd,sedan,il,white
19980,2018.0,buick,18679.0,unknown,gas,automatic,fwd,SUV,nv,blue
10500,2014.0,nissan,92070.0,excellent,gas,automatic,fwd,sedan,id,black
5900,2007.0,hyundai,70000.0,excellent,gas,automatic,unknown,unknown,fl,silver
14696,2017.0,chevrolet,65679.0,unknown,gas,automatic,unknown,unknown,il,unknown
35590,2019.0,ram,68032.0,good,gas,other,4wd,pickup,ky,unknown
4200,2007.0,dodge,108932.0,good,gas,automatic,fwd,mini-van,ia,silver
9999,2013.0,honda,131000.0,excellent,gas,automatic,unknown,coupe,ga,black
13500,2011.0,ford,116108.0,excellent,gas,automatic,rwd,pickup,ca,unknown
10995,2013.0,honda,96399.0,unknown,gas,automatic,fwd,sedan,nh,unknown
5500,2002.0,toyota,183572.0,excellent,gas,automatic,fwd,SUV,wa,unknown
34590,2016.0,chevrolet,29499.0,good,gas,other,4wd,pickup,tn,silver
37590,2019.0,acura,30356.0,good,other,other,unknown,other,mo,silver
57999,2020.0,toyota,2362.0,unknown,gas,automatic,rwd,coupe,wa,red
39985,2014.0,mercedes-benz,66500.0,like new,gas,automatic,rwd,sedan,fl,white
15990,2017.0,volkswagen,27251.0,good,gas,automatic,fwd,sedan,ca,blue
84500,2019.0,chevrolet,2500.0,new,gas,automatic,rwd,convertible,sd,red
13995,1996.0,chevrolet,139462.0,unknown,gas,automatic,4wd,SUV,or,red
10450,2002.0,lexus,154345.0,excellent,gas,automatic,rwd,wagon,az,silver
69999,2019.0,chevrolet,67480.0,unknown,diesel,automatic,4wd,truck,mt,white
20590,2018.0,subaru,31105.0,good,gas,other,unknown,sedan,fl,black
33590,2018.0,mercedes-benz,14010.0,good,other,automatic,rwd,SUV,ca,white
53995,2017.0,ford,138968.0,unknown,other,automatic,4wd,pickup,tx,unknown
9988,2003.0,ram,147476.0,excellent,gas,automatic,4wd,truck,wa,unknown
29988,2020.0,subaru,29075.0,unknown,gas,automatic,unknown,unknown,tn,silver
4999,2016.0,hyundai,43227.0,unknown,gas,manual,unknown,hatchback,fl,blue
8999,2016.0,nissan,108000.0,excellent,gas,automatic,fwd,sedan,wi,red
4500,2001.0,ford,269000.0,unknown,gas,automatic,unknown,unknown,fl,unknown
25977,2017.0,bmw,19723.0,excellent,gas,automatic,rwd,sedan,fl,unknown
59999,2019.0,gmc,28073.0,unknown,gas,automatic,4wd,truck,wa,black
5200,2008.0,chrysler,112000.0,like new,gas,automatic,unknown,unknown,sc,unknown
12000,2008.0,dodge,81345.0,unknown,gas,other,4wd,truck,ny,red
14995,2007.0,jeep,187350.0,excellent,gas,automatic,4wd,SUV,nj,green
18995,2012.0,ram,127773.0,unknown,gas,automatic,unknown,unknown,ny,unknown
36590,2013.0,chevrolet,79156.0,good,other,other,unknown,other,oh,unknown
11995,2005.0,chevrolet,111000.0,excellent,gas,automatic,4wd,pickup,mi,brown
3900,2007.0,nissan,242000.0,fair,gas,automatic,4wd,SUV,ut,black
8950,2008.0,audi,96355.0,excellent,gas,automatic,4wd,sedan,ca,unknown
19700,2012.0,ford,116985.0,excellent,gas,automatic,rwd,pickup,fl,grey
11999,2016.0,chevrolet,81000.0,like new,gas,automatic,unknown,sedan,ca,red
58995,2021.0,ram,420.0,unknown,gas,automatic,4wd,unknown,ca,black
32993,2019.0,gmc,9832.0,unknown,gas,automatic,rwd,pickup,id,white
3700,2011.0,jeep,131000.0,like new,gas,automatic,unknown,unknown,nj,unknown
37990,2016.0,toyota,22870.0,good,gas,other,4wd,pickup,ny,black
30995,2017.0,ram,68089.0,unknown,gas,automatic,unknown,unknown,or,unknown
31590,2019.0,honda,22683.0,good,gas,other,unknown,SUV,nm,unknown
500,2011.0,jeep,80125.0,unknown,gas,automatic,unknown,unknown,oh,unknown
1500,2006.0,dodge,189000.0,fair,gas,automatic,rwd,sedan,ny,red
2999,2005.0,kia,148000.0,good,gas,automatic,fwd,sedan,va,red
12995,2015.0,nissan,38984.0,good,gas,automatic,4wd,SUV,nv,grey
5999,2012.0,volkswagen,124000.0,excellent,gas,automatic,fwd,sedan,nc,silver
27590,2018.0,bmw,20845.0,good,other,other,unknown,sedan,mi,blue
23990,2018.0,acura,15778.0,good,other,other,fwd,sedan,fl,white
11999,2014.0,chevrolet,97801.0,like new,gas,automatic,rwd,other,nj,black
31590,2019.0,cadillac,12102.0,good,other,other,fwd,hatchback,fl,black
4999,2005.0,honda,138423.0,like new,gas,automatic,4wd,SUV,wi,unknown
21590,2017.0,buick,14934.0,good,gas,other,fwd,sedan,pa,white
49990,2015.0,ford,152701.0,good,diesel,automatic,4wd,truck,ny,white
5995,2005.0,honda,140489.0,unknown,gas,automatic,unknown,sedan,or,blue
5000,2012.0,mazda,155000.0,unknown,gas,automatic,unknown,unknown,ri,unknown
2000,2020.0,mitsubishi,27444.0,like new,gas,automatic,4wd,SUV,oh,white
11995,2013.0,honda,80100.0,like new,gas,automatic,fwd,sedan,wi,silver
2100,2005.0,ram,289000.0,good,gas,automatic,rwd,truck,wa,silver
6995,2016.0,ford,90600.0,unknown,gas,manual,fwd,sedan,ct,blue
16699,2009.0,ford,177700.0,excellent,diesel,automatic,rwd,truck,fl,white
23990,2015.0,lexus,53388.0,good,gas,other,unknown,sedan,ma,white
41500,2018.0,toyota,68972.0,unknown,gas,automatic,4wd,pickup,fl,black
28200,2019.0,dodge,12651.0,unknown,gas,other,rwd,sedan,ak,black
15999,2011.0,ram,100350.0,unknown,gas,automatic,unknown,other,oh,black
19950,2006.0,chevrolet,145614.0,excellent,diesel,automatic,unknown,pickup,ca,white
12325,2012.0,audi,123050.0,excellent,gas,automatic,4wd,SUV,nj,blue
16500,2011.0,gmc,129000.0,excellent,gas,automatic,rwd,truck,sc,black
22995,2016.0,ram,78701.0,unknown,gas,other,fwd,van,tn,white
17995,2018.0,ford,25276.0,unknown,gas,automatic,fwd,SUV,oh,red
6000,1995.0,lexus,171000.0,good,gas,automatic,rwd,unknown,ks,unknown
17990,2019.0,chevrolet,20295.0,good,other,other,unknown,hatchback,sc,white
19590,2015.0,ford,13895.0,good,gas,other,fwd,hatchback,tn,silver
12990,2014.0,nissan,92241.0,excellent,gas,automatic,fwd,sedan,fl,black
33607,2016.0,porsche,52115.0,unknown,gas,automatic,4wd,SUV,tn,white
39901,2017.0,gmc,68092.0,excellent,gas,automatic,4wd,truck,sd,white
14900,2012.0,nissan,107326.0,unknown,gas,automatic,4wd,pickup,ky,blue
7000,2007.0,chevrolet,169000.0,excellent,gas,automatic,rwd,pickup,tx,white
7000,2013.0,chevrolet,137500.0,excellent,gas,automatic,fwd,sedan,ca,black
18809,2014.0,ford,154148.0,unknown,gas,automatic,rwd,pickup,tx,custom
11491,2010.0,lexus,167599.0,unknown,gas,automatic,fwd,SUV,tx,custom
16000,2008.0,chevrolet,300000.0,good,diesel,automatic,unknown,other,tx,unknown
3995,2005.0,hyundai,160083.0,excellent,gas,automatic,fwd,SUV,ca,white
11000,2007.0,chevrolet,169000.0,excellent,gas,automatic,4wd,unknown,il,black
500,2017.0,toyota,57325.0,excellent,gas,automatic,fwd,sedan,fl,green
60697,2020.0,chevrolet,16364.0,good,gas,automatic,unknown,SUV,nc,blue
25554,2010.0,toyota,110932.0,unknown,gas,automatic,4wd,pickup,ca,white
31590,2017.0,lexus,28185.0,good,gas,other,fwd,SUV,mo,silver
28590,2019.0,subaru,21855.0,good,gas,other,unknown,wagon,co,silver
32995,2019.0,ford,35003.0,excellent,gas,automatic,4wd,SUV,ca,silver
31500,2019.0,ford,106054.0,unknown,gas,automatic,4wd,unknown,al,white
23995,2014.0,ram,130132.0,unknown,gas,automatic,4wd,truck,fl,unknown
22500,2015.0,jeep,97000.0,excellent,gas,automatic,4wd,SUV,mn,grey
18590,2015.0,mitsubishi,26259.0,good,other,other,4wd,hatchback,ca,red
29950,2019.0,chevrolet,34649.0,unknown,gas,automatic,4wd,pickup,la,grey
4000,2013.0,bmw,110757.0,excellent,gas,automatic,4wd,SUV,me,silver
25291,2018.0,volkswagen,16877.0,unknown,gas,automatic,fwd,SUV,hi,orange
5901,1999.0,mazda,170595.0,excellent,gas,automatic,4wd,truck,sd,green
5500,2008.0,ford,108000.0,excellent,hybrid,automatic,unknown,other,ca,unknown
11995,2015.0,hyundai,111302.0,unknown,gas,automatic,fwd,wagon,dc,unknown
16590,2015.0,hyundai,33206.0,good,gas,other,fwd,sedan,oh,silver
14900,2012.0,ford,71180.0,like new,gas,automatic,rwd,van,oh,white
37999,2017.0,ford,52514.0,unknown,gas,automatic,4wd,truck,id,grey
51693,2020.0,ford,7655.0,unknown,gas,automatic,unknown,unknown,fl,unknown
16096,2008.0,toyota,159286.0,unknown,gas,automatic,unknown,unknown,oh,unknown
6300,2008.0,chrysler,190000.0,unknown,gas,automatic,unknown,unknown,sc,unknown
3499,2004.0,ford,154695.0,unknown,gas,automatic,unknown,mini-van,mn,red
36990,2006.0,chevrolet,134950.0,unknown,diesel,automatic,4wd,pickup,or,white
13590,2011.0,chrysler,78424.0,good,gas,other,fwd,convertible,oh,black
5990,2004.0,subaru,109420.0,unknown,gas,automatic,4wd,wagon,ca,silver
33000,2016.0,toyota,3000.0,like new,gas,automatic,4wd,unknown,hi,unknown
4999,1999.0,ford,187186.0,excellent,gas,automatic,4wd,pickup,wa,blue
3500,1997.0,acura,190000.0,excellent,gas,automatic,fwd,coupe,va,silver
36990,2019.0,alfa-romeo,5471.0,good,gas,other,rwd,sedan,ca,white
29862,2018.0,ram,27502.0,unknown,gas,automatic,4wd,truck,ky,black
15995,2016.0,honda,37592.0,unknown,gas,automatic,unknown,unknown,mi,unknown
23999,2019.0,nissan,24393.0,excellent,gas,automatic,fwd,unknown,hi,white
10995,2019.0,harley-davidson,4804.0,unknown,gas,automatic,unknown,unknown,ks,unknown
7000,2012.0,acura,139660.0,unknown,gas,automatic,fwd,sedan,md,white
20900,2003.0,chevrolet,49446.0,good,gas,manual,fwd,convertible,wi,black
48999,2014.0,ram,81074.0,unknown,diesel,automatic,4wd,truck,or,unknown
32990,2015.0,toyota,67498.0,good,other,other,4wd,other,ma,unknown
4500,2008.0,mazda,212256.0,excellent,gas,automatic,fwd,coupe,nc,red
32590,2017.0,mercedes-benz,26493.0,good,gas,other,unknown,SUV,wv,unknown
22590,2017.0,lincoln,22214.0,good,gas,other,fwd,sedan,mi,silver
6900,2013.0,kia,161000.0,excellent,gas,automatic,fwd,sedan,mo,red
3490,1999.0,pontiac,52445.0,excellent,gas,automatic,fwd,sedan,ca,green
23990,2020.0,chevrolet,37318.0,good,gas,other,fwd,sedan,ma,silver
16590,2010.0,lincoln,45964.0,good,other,other,rwd,sedan,nv,unknown
22500,2017.0,mercedes-benz,47817.0,unknown,gas,automatic,unknown,unknown,ca,unknown
14995,2011.0,infiniti,74466.0,unknown,gas,automatic,fwd,convertible,fl,black
42590,2020.0,honda,818.0,good,gas,other,fwd,sedan,ma,black
6999,2012.0,nissan,90876.0,like new,gas,automatic,unknown,sedan,tn,blue
11587,2013.0,ford,215046.0,unknown,gas,other,fwd,SUV,al,black
13995,2015.0,bmw,120587.0,unknown,gas,automatic,unknown,coupe,nh,white
28590,2017.0,jeep,37218.0,good,gas,other,4wd,other,nc,unknown
17990,2014.0,jeep,103497.0,unknown,gas,automatic,4wd,SUV,co,grey
21589,2020.0,mitsubishi,16441.0,unknown,gas,other,4wd,unknown,mo,unknown
24990,2020.0,chevrolet,31561.0,good,gas,other,rwd,coupe,ca,red
3800,2000.0,ford,170000.0,excellent,gas,automatic,unknown,convertible,ia,blue
30990,2016.0,chevrolet,34940.0,good,other,other,4wd,pickup,in,blue
5995,2010.0,honda,185787.0,good,gas,automatic,unknown,truck,fl,white
12550,2018.0,nissan,39361.0,unknown,gas,automatic,fwd,sedan,fl,unknown
23990,2018.0,chrysler,16140.0,good,gas,other,rwd,sedan,ga,silver
29811,2019.0,chevrolet,15492.0,excellent,gas,automatic,4wd,truck,oh,red
9995,2014.0,buick,102426.0,unknown,gas,automatic,unknown,SUV,ia,white
19995,2003.0,ford,202864.0,unknown,diesel,automatic,4wd,pickup,nc,white
3200,2001.0,nissan,159640.0,excellent,gas,automatic,4wd,SUV,co,silver
26999,2019.0,ram,41083.0,good,gas,automatic,fwd,van,ca,white
1900,1991.0,honda,200000.0,unknown,gas,automatic,unknown,unknown,tx,unknown
21990,2011.0,ford,32652.0,good,gas,other,unknown,pickup,ny,unknown
23980,2018.0,jeep,27829.0,unknown,gas,automatic,4wd,SUV,nh,black
29990,2018.0,buick,34870.0,good,gas,other,unknown,other,ky,black
9900,1994.0,ford,70214.0,fair,diesel,automatic,rwd,truck,nv,white
40917,2017.0,ram,47235.0,unknown,gas,automatic,4wd,pickup,il,unknown
6995,2010.0,subaru,128527.0,excellent,gas,automatic,4wd,SUV,ny,grey
10997,2008.0,ford,182138.0,unknown,gas,automatic,rwd,van,fl,white
28500,2001.0,chrysler,97500.0,excellent,gas,automatic,rwd,convertible,ca,blue
48000,2017.0,ram,30815.0,unknown,gas,automatic,4wd,truck,wa,white
38990,2020.0,audi,19067.0,good,gas,other,unknown,SUV,al,white
2495,2008.0,mercury,160150.0,excellent,gas,automatic,fwd,sedan,fl,silver
25995,2008.0,ram,187339.0,unknown,diesel,automatic,unknown,other,va,white
7821,2014.0,ford,121862.0,unknown,gas,automatic,fwd,unknown,mn,black
1650,2002.0,chrysler,102000.0,unknown,gas,automatic,unknown,unknown,oh,unknown
25999,2017.0,toyota,28692.0,unknown,gas,automatic,4wd,SUV,co,silver
35999,2013.0,audi,48064.0,unknown,gas,automatic,4wd,unknown,or,black
26426,2015.0,toyota,116495.0,excellent,gas,automatic,rwd,pickup,ca,unknown
40000,2017.0,chevrolet,68000.0,like new,gas,automatic,rwd,SUV,al,silver
8900,2018.0,kia,45000.0,like new,gas,automatic,fwd,unknown,fl,black
16990,2011.0,gmc,39219.0,good,gas,other,unknown,pickup,az,black
7999,2001.0,ford,80001.0,excellent,gas,automatic,4wd,SUV,mn,blue
22000,2011.0,toyota,168000.0,excellent,gas,automatic,4wd,truck,va,silver
36590,2013.0,chevrolet,79156.0,good,other,other,unknown,other,ky,unknown
38990,2018.0,dodge,34043.0,good,gas,other,rwd,other,co,unknown
500,2008.0,ford,169000.0,like new,gas,automatic,unknown,unknown,tx,white
7900,2009.0,bmw,145000.0,good,gas,automatic,rwd,sedan,tn,black
29990,2013.0,audi,76768.0,good,other,other,unknown,sedan,ma,unknown
33590,2014.0,gmc,57923.0,good,gas,other,unknown,pickup,tx,white
13970,2015.0,mini,69478.0,excellent,gas,other,unknown,hatchback,ca,unknown
22495,2012.0,ford,185308.0,unknown,other,automatic,4wd,pickup,nj,black
5900,2006.0,jeep,128681.0,unknown,gas,automatic,4wd,SUV,pa,silver
20990,2020.0,honda,677.0,good,gas,other,fwd,hatchback,fl,blue
4500,2007.0,jeep,140000.0,unknown,diesel,automatic,unknown,unknown,il,unknown
33990,2018.0,ford,14336.0,good,gas,other,fwd,other,ny,black
3500,2005.0,dodge,117354.0,unknown,gas,automatic,fwd,van,nj,silver
45995,2020.0,ram,10311.0,unknown,other,automatic,fwd,pickup,tx,unknown
2800,1996.0,volvo,140149.0,good,gas,automatic,fwd,sedan,nm,silver
45995,2020.0,tesla,23898.0,unknown,electric,automatic,unknown,sedan,or,unknown
23590,2019.0,toyota,10477.0,good,gas,other,fwd,hatchback,ca,silver
15995,2016.0,mazda,94200.0,excellent,gas,automatic,4wd,SUV,ny,silver
35590,2019.0,gmc,8218.0,good,gas,other,unknown,pickup,ca,white
23990,2021.0,kia,358.0,good,gas,other,fwd,wagon,ca,black
2000,1991.0,nissan,74000.0,unknown,gas,automatic,fwd,unknown,mn,unknown
5990,2001.0,nissan,116000.0,excellent,gas,automatic,4wd,SUV,wv,silver
27990,2018.0,alfa-romeo,18112.0,good,gas,other,unknown,hatchback,ar,blue
5500,2010.0,ford,124000.0,excellent,gas,automatic,4wd,wagon,nj,unknown
9500,2009.0,honda,185690.0,unknown,gas,automatic,unknown,SUV,ca,black
43988,2017.0,gmc,59055.0,good,gas,automatic,4wd,pickup,ca,silver
18900,2019.0,honda,26626.0,excellent,gas,automatic,fwd,sedan,fl,grey
25900,2015.0,toyota,79501.0,excellent,gas,automatic,4wd,SUV,ny,black
42990,2014.0,toyota,63117.0,unknown,other,automatic,4wd,unknown,az,unknown
16899,2017.0,jeep,22204.0,unknown,gas,automatic,fwd,SUV,md,silver
16491,2018.0,ford,24602.0,unknown,gas,automatic,4wd,wagon,oh,black
10999,1999.0,mercedes-benz,46587.0,like new,gas,automatic,fwd,convertible,ri,silver
39950,2015.0,porsche,53321.0,unknown,gas,automatic,unknown,unknown,wi,unknown
37000,2017.0,ford,27900.0,like new,diesel,automatic,4wd,unknown,ny,white
28590,2017.0,jeep,32918.0,good,gas,other,4wd,other,ks,silver
6400,2000.0,ford,186500.0,unknown,gas,automatic,unknown,unknown,co,unknown
6500,2010.0,subaru,177000.0,good,gas,automatic,4wd,wagon,nc,blue
32587,2017.0,ram,35415.0,good,gas,other,unknown,pickup,wa,silver
29278,2017.0,chevrolet,55728.0,unknown,gas,automatic,rwd,pickup,al,white
18990,2013.0,acura,51633.0,good,gas,other,unknown,SUV,tx,red
28944,2015.0,gmc,89565.0,unknown,gas,automatic,4wd,pickup,me,green
19999,2014.0,mercedes-benz,62745.0,unknown,gas,automatic,unknown,sedan,ca,silver
601,2016.0,ford,41320.0,excellent,gas,automatic,4wd,truck,wa,unknown
31900,2016.0,chevrolet,117000.0,unknown,gas,automatic,4wd,truck,mn,unknown
31990,2017.0,ram,15498.0,good,gas,other,4wd,pickup,ca,silver
29699,2017.0,mercedes-benz,39902.0,unknown,gas,automatic,unknown,other,oh,black
21750,2015.0,dodge,69956.0,excellent,gas,automatic,rwd,unknown,wa,unknown
13995,2012.0,jeep,114002.0,good,gas,automatic,rwd,SUV,tx,white
6100,2011.0,ford,188429.0,good,gas,automatic,unknown,unknown,oh,unknown
6950,2004.0,toyota,110227.0,excellent,gas,automatic,4wd,unknown,ny,unknown
10700,2013.0,jeep,60406.0,like new,gas,automatic,4wd,SUV,pa,silver
5995,2003.0,lexus,184583.0,excellent,gas,automatic,4wd,SUV,ma,brown
18990,2016.0,mazda,46845.0,good,gas,other,fwd,hatchback,tx,red
3000,2000.0,subaru,210000.0,good,gas,automatic,4wd,unknown,ca,unknown
7995,2004.0,ford,170338.0,unknown,gas,automatic,fwd,pickup,pa,unknown
10995,2014.0,ford,100217.0,excellent,gas,automatic,fwd,SUV,ca,white
16000,2017.0,chevrolet,81104.0,unknown,gas,automatic,fwd,unknown,ca,black
32590,2017.0,infiniti,25627.0,good,other,other,rwd,sedan,ny,red
11950,2006.0,ford,94000.0,good,gas,automatic,4wd,truck,dc,black
4200,1996.0,toyota,201699.0,like new,gas,automatic,fwd,sedan,nc,white
24995,2017.0,chevrolet,94030.0,unknown,gas,automatic,rwd,unknown,ca,black
29995,2017.0,gmc,94462.0,unknown,gas,automatic,4wd,pickup,wa,unknown
15800,2014.0,ford,91800.0,excellent,gas,automatic,unknown,unknown,oh,white
6499,1999.0,ford,214017.0,unknown,other,automatic,4wd,pickup,oh,white
29990,2020.0,subaru,963.0,good,other,other,rwd,coupe,tx,blue
38590,2019.0,acura,14906.0,good,other,other,unknown,other,al,white
41000,2019.0,mini,29288.0,excellent,gas,automatic,fwd,van,oh,unknown
35995,2018.0,jaguar,17439.0,unknown,gas,automatic,4wd,sedan,hi,black
1500,2003.0,chrysler,149397.0,unknown,gas,automatic,unknown,unknown,tx,unknown
15590,2016.0,toyota,44960.0,good,other,other,unknown,sedan,tx,black
4950,2003.0,toyota,108471.0,excellent,gas,automatic,fwd,sedan,nc,brown
7999,2017.0,dodge,59724.0,unknown,other,automatic,4wd,SUV,pa,unknown
8495,2016.0,dodge,111325.0,good,gas,automatic,fwd,sedan,ca,grey
15490,2013.0,cadillac,101420.0,excellent,gas,automatic,unknown,coupe,nc,black
5000,2003.0,chevrolet,187000.0,unknown,gas,automatic,unknown,unknown,wa,unknown
40590,2018.0,jeep,22092.0,good,gas,other,4wd,SUV,tx,unknown
32990,2013.0,cadillac,50642.0,good,other,other,unknown,SUV,nv,black
8000,2011.0,honda,125300.0,excellent,gas,automatic,unknown,sedan,va,silver
27900,2016.0,toyota,40000.0,like new,gas,automatic,fwd,unknown,in,grey
17500,2004.0,toyota,229000.0,good,gas,automatic,4wd,truck,co,red
10997,2011.0,bmw,113000.0,unknown,gas,automatic,unknown,unknown,va,unknown
35500,2018.0,toyota,21920.0,like new,gas,automatic,fwd,mini-van,ky,grey
4800,2003.0,lincoln,118000.0,unknown,gas,automatic,unknown,unknown,il,unknown
19590,2017.0,mitsubishi,50473.0,good,other,other,4wd,SUV,ri,brown
39800,2005.0,ram,27741.0,excellent,diesel,automatic,4wd,unknown,ar,unknown
48995,2016.0,ford,35951.0,unknown,gas,automatic,4wd,pickup,id,black
46500,2018.0,toyota,11839.0,like new,gas,automatic,4wd,SUV,wa,grey
3500,2001.0,jeep,170000.0,good,gas,automatic,4wd,SUV,in,black
11495,2014.0,subaru,128754.0,good,gas,automatic,4wd,SUV,vt,black
6800,2013.0,hyundai,83650.0,excellent,gas,automatic,fwd,sedan,fl,silver
23995,2016.0,lexus,82225.0,unknown,gas,automatic,4wd,sedan,nh,white
1500,1997.0,dodge,234000.0,salvage,gas,automatic,4wd,pickup,pa,green
9790,2010.0,toyota,122976.0,excellent,gas,automatic,fwd,mini-van,fl,white
15800,2015.0,bmw,76188.0,excellent,gas,automatic,4wd,unknown,me,unknown
9999,2019.0,kia,37325.0,excellent,gas,automatic,unknown,unknown,co,unknown
11888,2008.0,bmw,89082.0,unknown,gas,automatic,unknown,SUV,fl,green
46995,2017.0,chevrolet,230930.0,excellent,diesel,automatic,4wd,pickup,tx,black
8985,2017.0,kia,79000.0,unknown,gas,automatic,unknown,unknown,fl,unknown
33999,2017.0,chevrolet,34309.0,unknown,gas,automatic,4wd,truck,wa,white
6800,2010.0,mazda,107000.0,good,gas,automatic,fwd,mini-van,ny,black
16590,2015.0,volkswagen,39649.0,good,gas,other,fwd,hatchback,oh,black
36995,2012.0,gmc,100155.0,unknown,diesel,automatic,4wd,pickup,ia,red
4900,2008.0,nissan,116624.0,unknown,gas,other,fwd,sedan,fl,grey
10200,2017.0,nissan,61000.0,like new,gas,automatic,fwd,sedan,fl,black
13800,2013.0,cadillac,105678.0,excellent,gas,automatic,unknown,SUV,tn,unknown
129999,2018.0,mercedes-benz,6000.0,like new,gas,automatic,4wd,sedan,fl,black
24940,2019.0,ford,47127.0,unknown,gas,automatic,fwd,unknown,mo,white
29874,2019.0,jeep,59926.0,unknown,gas,automatic,4wd,SUV,ne,grey
43999,2014.0,gmc,92998.0,unknown,diesel,automatic,4wd,truck,or,unknown
18900,2016.0,toyota,70219.0,unknown,gas,automatic,unknown,SUV,fl,blue
10495,2015.0,chrysler,103600.0,good,gas,automatic,fwd,sedan,me,blue
18850,2014.0,infiniti,64000.0,excellent,gas,manual,rwd,coupe,ca,black
20995,2013.0,ford,124000.0,good,gas,automatic,4wd,pickup,mi,black
2995,1994.0,chevrolet,307438.0,unknown,gas,automatic,unknown,unknown,id,unknown
40679,2018.0,audi,28567.0,unknown,gas,automatic,unknown,convertible,ks,unknown
22995,2016.0,honda,51153.0,unknown,gas,automatic,fwd,mini-van,ak,unknown
15000,1999.0,ram,242000.0,good,diesel,manual,unknown,unknown,wa,unknown
20990,2015.0,honda,31435.0,good,other,other,fwd,sedan,oh,unknown
34995,2015.0,ford,84526.0,unknown,gas,automatic,4wd,unknown,tn,white
20899,2017.0,acura,34276.0,unknown,gas,automatic,fwd,unknown,il,unknown
2000,2017.0,nissan,2000.0,unknown,gas,automatic,unknown,unknown,fl,unknown
22990,2018.0,nissan,42212.0,good,other,other,unknown,other,az,unknown
22888,2014.0,jeep,128408.0,unknown,gas,automatic,4wd,SUV,ri,black
21995,2012.0,ford,117013.0,unknown,gas,automatic,4wd,SUV,ak,blue
31590,2016.0,lexus,27139.0,good,other,other,unknown,other,va,silver
21590,2013.0,bmw,62993.0,good,gas,other,unknown,sedan,ct,silver
12995,2016.0,chrysler,107000.0,unknown,gas,automatic,unknown,unknown,ny,unknown
27900,2013.0,honda,109020.0,unknown,gas,automatic,fwd,van,mt,grey
6550,2009.0,honda,185600.0,good,gas,automatic,unknown,unknown,ky,white
6990,1999.0,mercedes-benz,91104.0,like new,gas,automatic,4wd,unknown,or,unknown
31990,2018.0,jeep,52733.0,good,gas,other,4wd,other,ca,black
1250,2013.0,chevrolet,153.0,unknown,gas,automatic,unknown,unknown,oh,unknown
27950,2014.0,ram,32500.0,excellent,gas,automatic,4wd,truck,ct,grey
27999,2016.0,rover,61344.0,unknown,gas,automatic,4wd,SUV,wa,white
4000,2006.0,pontiac,186750.0,unknown,gas,automatic,fwd,sedan,or,red
7980,2010.0,honda,133450.0,excellent,gas,automatic,fwd,sedan,ks,silver
4995,2007.0,toyota,176541.0,unknown,other,automatic,fwd,hatchback,pa,silver
29990,2017.0,jeep,22947.0,good,gas,other,4wd,other,il,unknown
5995,2004.0,toyota,123909.0,excellent,gas,automatic,unknown,van,hi,unknown
15990,2010.0,audi,75159.0,good,gas,other,unknown,sedan,mn,unknown
18566,2018.0,buick,22296.0,unknown,gas,automatic,fwd,SUV,mi,black
37400,2015.0,ram,163868.0,like new,diesel,automatic,4wd,truck,fl,white
31990,2018.0,toyota,28458.0,good,other,other,unknown,pickup,wi,orange
18995,2019.0,ford,34641.0,excellent,gas,automatic,4wd,SUV,or,unknown
12791,2017.0,chevrolet,55006.0,unknown,gas,automatic,fwd,sedan,vt,silver
3000,2010.0,hyundai,142000.0,good,gas,automatic,unknown,unknown,co,unknown
21590,2017.0,buick,14934.0,good,gas,other,fwd,sedan,ks,white
9999,2013.0,dodge,98231.0,excellent,gas,automatic,unknown,van,ca,unknown
6400,2013.0,ford,145000.0,excellent,hybrid,automatic,unknown,unknown,ca,white
26990,2016.0,ford,201035.0,good,diesel,automatic,rwd,truck,al,white
15399,2015.0,volkswagen,67000.0,excellent,gas,automatic,fwd,hatchback,ca,grey
6500,1998.0,mitsubishi,178456.0,good,diesel,automatic,4wd,truck,ny,white
25000,2016.0,mercedes-benz,36369.0,unknown,gas,automatic,fwd,SUV,hi,red
39999,2015.0,ford,69382.0,unknown,gas,automatic,4wd,pickup,co,custom
32990,2013.0,tesla,69961.0,unknown,electric,automatic,rwd,sedan,al,white
15595,2015.0,ram,165100.0,unknown,gas,automatic,4wd,unknown,nc,unknown
5500,2007.0,infiniti,133002.0,unknown,gas,other,4wd,sedan,md,white
32988,2017.0,jeep,34598.0,like new,gas,automatic,4wd,SUV,tx,grey
41400,2019.0,ford,82150.0,unknown,gas,automatic,4wd,truck,tx,unknown
8999,2011.0,jeep,205641.0,excellent,gas,automatic,unknown,unknown,mn,unknown
7200,2016.0,nissan,83900.0,like new,gas,automatic,fwd,sedan,dc,grey
6000,2008.0,jeep,155000.0,unknown,gas,automatic,unknown,unknown,tx,unknown
9988,2017.0,nissan,104255.0,unknown,gas,automatic,fwd,sedan,pa,black
32995,2012.0,ford,119120.0,unknown,gas,automatic,unknown,other,oh,black
32900,2019.0,dodge,40155.0,excellent,gas,automatic,unknown,van,fl,unknown
23995,2013.0,jeep,99327.0,like new,gas,automatic,4wd,SUV,ny,unknown
24194,2019.0,subaru,17947.0,unknown,gas,automatic,4wd,wagon,ak,unknown
23995,2019.0,kia,25816.0,good,other,automatic,fwd,other,sc,black
4695,2006.0,saturn,146000.0,unknown,gas,automatic,unknown,unknown,ks,unknown
33590,2017.0,audi,14318.0,good,gas,automatic,unknown,SUV,mi,black
30590,2020.0,ford,30588.0,good,gas,other,rwd,other,ca,silver
8000,2011.0,lincoln,120000.0,good,gas,automatic,fwd,sedan,ca,black
9999,2007.0,nissan,131655.0,excellent,gas,automatic,4wd,SUV,ny,grey
13991,2004.0,jeep,191426.0,unknown,gas,automatic,4wd,SUV,wa,unknown
8000,2008.0,ford,138000.0,fair,diesel,automatic,4wd,unknown,ny,unknown
26990,2019.0,nissan,12373.0,unknown,gas,automatic,rwd,unknown,al,black
6995,2009.0,toyota,155543.0,excellent,gas,automatic,fwd,hatchback,or,grey
28990,2017.0,bmw,49355.0,good,gas,automatic,unknown,coupe,oh,unknown
10995,2015.0,kia,96832.0,excellent,gas,automatic,unknown,SUV,ar,white
11500,2010.0,bmw,68000.0,like new,gas,automatic,rwd,sedan,ca,black
29999,2015.0,ford,194571.0,unknown,diesel,automatic,unknown,unknown,nj,unknown
57995,2019.0,ford,39144.0,excellent,diesel,automatic,4wd,pickup,ca,white
700,2012.0,dodge,122000.0,unknown,gas,automatic,unknown,unknown,fl,unknown
3600,2008.0,honda,150694.0,unknown,gas,automatic,fwd,sedan,nj,orange
17577,2019.0,hyundai,26723.0,unknown,gas,automatic,fwd,unknown,al,black
6000,2004.0,ford,170000.0,excellent,gas,other,rwd,unknown,fl,blue
58200,2020.0,ford,14931.0,unknown,other,automatic,fwd,other,nm,unknown
5950,2010.0,toyota,192000.0,good,gas,automatic,unknown,unknown,mo,unknown
31590,2019.0,ram,21046.0,good,gas,other,unknown,pickup,az,white
5595,2007.0,ford,100910.0,unknown,gas,automatic,fwd,sedan,oh,white
38888,2015.0,ford,199000.0,unknown,diesel,automatic,unknown,unknown,il,unknown
1500,2006.0,toyota,160000.0,salvage,hybrid,automatic,fwd,hatchback,tn,silver
24590,2018.0,acura,30316.0,good,gas,automatic,fwd,sedan,mi,white
4000,1991.0,chevrolet,257000.0,fair,gas,automatic,rwd,pickup,tx,red
2400,2016.0,nissan,40000.0,good,gas,automatic,fwd,sedan,ok,black
4900,2014.0,chrysler,141000.0,excellent,gas,automatic,fwd,sedan,nc,white
31590,2018.0,toyota,62496.0,good,gas,other,unknown,other,pa,red
11995,2013.0,ford,128000.0,like new,gas,automatic,4wd,sedan,ma,black
13995,2007.0,chevrolet,202143.0,unknown,gas,automatic,unknown,unknown,ks,unknown
22998,2019.0,jeep,18610.0,unknown,gas,automatic,4wd,SUV,mt,unknown
3500,2007.0,mazda,124073.0,excellent,gas,automatic,fwd,mini-van,nj,silver
22594,2013.0,ford,100446.0,unknown,gas,automatic,unknown,unknown,tn,white
4000,2007.0,mitsubishi,219000.0,fair,gas,automatic,unknown,unknown,ca,custom
19991,2020.0,chevrolet,2916.0,excellent,gas,automatic,unknown,unknown,or,silver
7500,2008.0,ford,126000.0,excellent,gas,automatic,rwd,coupe,ga,red
3500,2004.0,mini,68000.0,good,gas,manual,fwd,hatchback,pa,green
46995,2015.0,gmc,124820.0,excellent,diesel,automatic,4wd,pickup,ny,black
28995,2016.0,ford,72185.0,unknown,gas,automatic,4wd,truck,wa,white
7650,2011.0,ford,114285.0,excellent,gas,automatic,fwd,sedan,pa,white
3500,2003.0,mini,118000.0,good,gas,manual,fwd,sedan,va,blue
25590,2015.0,gmc,35290.0,good,other,other,unknown,pickup,va,white
12995,2016.0,chevrolet,117905.0,unknown,gas,automatic,unknown,unknown,mi,unknown
13895,2019.0,chevrolet,70422.0,good,gas,automatic,fwd,sedan,pa,blue
21590,2013.0,audi,56883.0,good,other,other,unknown,wagon,ri,black
13900,2018.0,nissan,33823.0,excellent,gas,automatic,fwd,unknown,tn,unknown
3995,2011.0,ford,207000.0,excellent,gas,automatic,fwd,sedan,wi,silver
17500,2012.0,gmc,144974.0,good,gas,automatic,4wd,SUV,id,white
42994,2019.0,chevrolet,39690.0,unknown,gas,automatic,4wd,pickup,ks,unknown
29995,2019.0,ford,17168.0,excellent,gas,automatic,4wd,sedan,ak,white
3300,2006.0,honda,1000.0,unknown,gas,automatic,unknown,unknown,ny,unknown
35900,2012.0,gmc,163000.0,excellent,diesel,automatic,4wd,truck,va,red
26990,2018.0,gmc,26514.0,good,gas,other,fwd,SUV,md,unknown
27000,2017.0,ford,135831.0,unknown,gas,automatic,fwd,pickup,fl,unknown
11500,2010.0,mercedes-benz,108212.0,excellent,gas,automatic,4wd,sedan,va,white
42998,2019.0,ford,20525.0,unknown,gas,automatic,4wd,pickup,mn,unknown
3495,1997.0,toyota,198130.0,excellent,gas,automatic,fwd,sedan,mn,brown
4000,2005.0,dodge,147000.0,good,gas,automatic,fwd,sedan,or,grey
8995,2012.0,ford,94557.0,excellent,gas,automatic,unknown,unknown,oh,unknown
21590,2018.0,honda,7885.0,good,gas,other,fwd,sedan,tn,unknown
8000,2004.0,ford,184500.0,good,gas,automatic,4wd,pickup,mn,white
10995,2003.0,chevrolet,37113.0,unknown,gas,automatic,4wd,other,pa,red
9995,2013.0,ford,194500.0,good,gas,automatic,rwd,SUV,la,white
7990,2012.0,mazda,110598.0,excellent,gas,automatic,fwd,sedan,pa,grey
18895,2018.0,hyundai,30392.0,good,gas,automatic,4wd,SUV,pa,blue
7999,2009.0,acura,197000.0,excellent,gas,other,rwd,sedan,oh,silver
8999,2014.0,kia,89123.0,unknown,gas,automatic,fwd,sedan,id,blue
35990,2020.0,ford,3928.0,good,gas,other,4wd,pickup,il,blue
7881,2012.0,nissan,90322.0,excellent,gas,automatic,fwd,unknown,oh,unknown
9900,2010.0,honda,87320.0,unknown,gas,automatic,unknown,unknown,hi,unknown
59990,2017.0,ford,66967.0,unknown,diesel,automatic,4wd,pickup,or,unknown
27500,2018.0,dodge,38775.0,unknown,gas,automatic,4wd,sedan,mn,grey
39888,2007.0,gmc,100476.0,unknown,diesel,automatic,4wd,pickup,id,unknown
29990,2019.0,mazda,5247.0,good,gas,other,rwd,other,tn,unknown
31590,2020.0,mazda,2195.0,good,gas,other,rwd,other,mi,unknown
21590,2016.0,ram,35391.0,good,gas,other,unknown,pickup,fl,black
22590,2015.0,hyundai,20346.0,good,gas,other,rwd,coupe,wi,unknown
7250,2010.0,chrysler,188389.0,unknown,gas,automatic,fwd,mini-van,va,unknown
16795,2019.0,kia,27515.0,unknown,gas,automatic,unknown,sedan,va,black
14490,2016.0,jeep,93248.0,unknown,gas,automatic,fwd,SUV,tx,custom
18590,2018.0,toyota,15283.0,good,gas,other,fwd,sedan,la,black
11495,2012.0,subaru,93655.0,like new,gas,automatic,4wd,SUV,ny,unknown
31590,2020.0,toyota,4510.0,good,other,other,unknown,SUV,fl,black
5490,2006.0,ford,100649.0,excellent,gas,automatic,4wd,SUV,va,green
44995,2017.0,nissan,70316.0,unknown,diesel,automatic,4wd,pickup,co,black
18729,2016.0,chevrolet,46482.0,unknown,gas,automatic,fwd,sedan,tx,grey
13999,2004.0,chevrolet,159015.0,excellent,gas,automatic,rwd,coupe,ca,grey
9900,2013.0,subaru,124693.0,like new,gas,automatic,unknown,SUV,pa,grey
38623,2015.0,gmc,49900.0,excellent,gas,automatic,4wd,truck,ny,black
1000,2000.0,jeep,117000.0,salvage,gas,automatic,4wd,hatchback,nj,silver
5000,2009.0,jeep,137000.0,good,gas,automatic,4wd,unknown,ga,orange
17900,2017.0,ford,23265.0,unknown,gas,automatic,fwd,sedan,az,custom
11995,2007.0,chevrolet,124390.0,good,gas,automatic,4wd,SUV,ny,grey
16995,2013.0,audi,107347.0,like new,gas,automatic,4wd,SUV,ma,white
21998,2015.0,cadillac,41075.0,unknown,gas,automatic,rwd,sedan,fl,blue
17600,2017.0,ford,150300.0,excellent,gas,automatic,unknown,unknown,mi,white
4500,2007.0,ford,218000.0,good,gas,automatic,4wd,SUV,ct,white
51000,2016.0,bmw,46000.0,excellent,gas,automatic,rwd,coupe,fl,blue
29000,2018.0,subaru,2289.0,unknown,gas,automatic,unknown,coupe,wa,red
16990,2018.0,nissan,22904.0,good,gas,other,fwd,hatchback,nm,unknown
25990,2019.0,honda,25067.0,good,gas,other,fwd,sedan,oh,unknown
7950,2011.0,chrysler,117106.0,excellent,gas,automatic,fwd,mini-van,nc,blue
30990,2014.0,ford,98123.0,good,gas,automatic,rwd,unknown,ia,white
7495,2013.0,dodge,112373.0,excellent,gas,automatic,fwd,sedan,nj,orange
33999,2007.0,ford,38271.0,unknown,gas,manual,rwd,coupe,wa,unknown
43990,2015.0,bmw,33780.0,good,other,other,rwd,sedan,ga,black
10800,2017.0,hyundai,54696.0,excellent,gas,automatic,fwd,sedan,in,red
4500,2002.0,ford,89000.0,unknown,gas,manual,unknown,unknown,nj,unknown
14495,2013.0,bmw,94346.0,good,gas,automatic,rwd,sedan,ca,black
29990,2019.0,mazda,5247.0,good,gas,other,rwd,other,fl,unknown
8800,2014.0,chrysler,86042.0,unknown,gas,automatic,fwd,van,nj,black
7495,2011.0,bmw,93562.0,excellent,gas,automatic,rwd,sedan,va,grey
17949,2015.0,toyota,51500.0,excellent,gas,automatic,4wd,SUV,vt,white
40590,2019.0,ford,9313.0,good,other,other,4wd,pickup,wi,white
6200,2006.0,rover,174000.0,good,gas,automatic,unknown,unknown,oh,unknown
33995,2016.0,ford,74000.0,unknown,gas,automatic,unknown,unknown,nc,unknown
7999,2007.0,toyota,67650.0,unknown,gas,automatic,fwd,sedan,ga,custom
6500,2008.0,bmw,93000.0,excellent,gas,manual,rwd,sedan,ny,black
7500,2005.0,nissan,94000.0,fair,gas,automatic,rwd,convertible,mi,blue
19995,2014.0,ford,85393.0,unknown,gas,automatic,rwd,other,nh,white
8995,2011.0,ford,136573.0,unknown,gas,automatic,unknown,unknown,mi,unknown
16999,2015.0,audi,93465.0,excellent,gas,automatic,4wd,sedan,co,silver
19590,2017.0,lincoln,35827.0,good,gas,automatic,fwd,sedan,ks,unknown
31990,2016.0,bmw,37610.0,good,gas,other,rwd,sedan,ca,silver
12500,2007.0,mercedes-benz,151000.0,excellent,gas,automatic,unknown,sedan,ok,black
31590,2017.0,jeep,30577.0,good,gas,other,4wd,other,tn,unknown
565,2017.0,mercedes-benz,25060.0,unknown,gas,automatic,4wd,coupe,il,black
27990,2012.0,toyota,67245.0,good,gas,other,4wd,pickup,az,silver
44989,2019.0,ford,18366.0,unknown,gas,other,rwd,other,va,white
16995,2015.0,chrysler,33917.0,excellent,gas,automatic,fwd,sedan,id,unknown
8995,2014.0,ford,91819.0,unknown,other,automatic,unknown,hatchback,ca,unknown
29895,2019.0,toyota,23857.0,unknown,gas,automatic,4wd,SUV,id,white
35000,2016.0,mercedes-benz,137000.0,unknown,diesel,automatic,unknown,unknown,az,unknown
6500,2001.0,acura,175000.0,excellent,gas,automatic,fwd,SUV,oh,grey
17500,2011.0,jeep,128141.0,good,gas,manual,4wd,SUV,ok,black
30990,2015.0,toyota,34375.0,good,gas,other,unknown,pickup,dc,white
2200,2006.0,nissan,237000.0,good,gas,automatic,fwd,hatchback,mi,red
24590,2014.0,lexus,60987.0,good,gas,other,rwd,sedan,dc,black
19000,2018.0,ford,15880.0,like new,gas,automatic,4wd,SUV,mt,white
11950,2012.0,buick,101000.0,excellent,gas,automatic,unknown,unknown,tn,unknown
15874,2016.0,mazda,150694.0,unknown,gas,automatic,fwd,unknown,al,brown
17590,2013.0,mini,20181.0,good,other,other,fwd,hatchback,ca,red
5850,2009.0,chevrolet,175212.0,unknown,other,automatic,unknown,sedan,va,red
3500,2005.0,pontiac,259002.0,excellent,gas,automatic,fwd,sedan,ok,white
55995,2015.0,gmc,109303.0,unknown,other,automatic,4wd,pickup,tx,white
15288,2015.0,chevrolet,89325.0,unknown,gas,automatic,unknown,sedan,co,black
30928,2014.0,chevrolet,109480.0,unknown,gas,automatic,4wd,truck,va,black
9995,2009.0,ford,126787.0,excellent,gas,automatic,4wd,pickup,oh,black
15995,2013.0,ford,142261.0,unknown,gas,automatic,unknown,SUV,tx,white
8950,2009.0,lexus,134730.0,good,gas,automatic,4wd,sedan,al,blue
4495,2005.0,ford,153282.0,good,gas,automatic,fwd,SUV,tx,red
19990,2015.0,volkswagen,40495.0,good,other,other,fwd,wagon,ca,unknown
12995,2008.0,mercedes-benz,106915.0,excellent,gas,automatic,rwd,coupe,va,white
6795,2016.0,ford,95123.0,excellent,gas,automatic,fwd,sedan,id,unknown
2000,1996.0,dodge,96294.0,good,gas,automatic,fwd,sedan,mt,white
8900,2004.0,lincoln,70500.0,excellent,gas,automatic,rwd,other,wi,black
10991,2013.0,nissan,66571.0,excellent,gas,other,unknown,SUV,hi,unknown
43988,2016.0,ford,58847.0,unknown,gas,manual,unknown,coupe,tx,black
20980,2015.0,cadillac,59270.0,excellent,gas,automatic,4wd,unknown,wi,black
5495,1999.0,ford,140994.0,unknown,other,automatic,rwd,unknown,oh,green
38997,2018.0,toyota,95164.0,unknown,gas,automatic,4wd,SUV,or,white
9705,2015.0,nissan,107494.0,unknown,gas,automatic,fwd,sedan,ky,unknown
17694,2020.0,hyundai,10130.0,good,other,other,fwd,sedan,mo,blue
12995,2015.0,jeep,97373.0,unknown,gas,automatic,4wd,SUV,oh,blue
24990,2015.0,chevrolet,157349.0,excellent,gas,automatic,4wd,SUV,nd,black
42990,2017.0,ford,68655.0,good,gas,automatic,rwd,truck,in,white
29998,1995.0,jeep,100.0,unknown,gas,automatic,4wd,unknown,mt,unknown
1800,2001.0,ford,240000.0,unknown,gas,automatic,unknown,unknown,md,unknown
18995,2015.0,jeep,70721.0,unknown,gas,automatic,unknown,unknown,nj,unknown
2995,2003.0,pontiac,190608.0,good,gas,automatic,fwd,hatchback,ky,blue
500,2013.0,nissan,130000.0,unknown,gas,automatic,unknown,unknown,ca,unknown
1000,2013.0,toyota,120340.0,unknown,gas,automatic,fwd,unknown,ma,unknown
3250,2005.0,buick,98000.0,good,gas,automatic,unknown,unknown,oh,unknown
5788,2008.0,bmw,140000.0,unknown,gas,automatic,rwd,sedan,fl,black
11990,2011.0,honda,105311.0,excellent,gas,automatic,fwd,SUV,fl,blue
8995,2013.0,subaru,171495.0,good,gas,automatic,4wd,wagon,wa,red
18995,2014.0,chevrolet,54157.0,like new,gas,automatic,4wd,SUV,ak,grey
5750,2012.0,hyundai,146000.0,excellent,gas,automatic,fwd,sedan,ca,silver
25990,2014.0,chevrolet,82140.0,good,other,automatic,4wd,pickup,pa,black
18999,2006.0,jeep,88726.0,excellent,gas,automatic,4wd,SUV,or,black
15995,2015.0,chevrolet,80000.0,good,gas,automatic,rwd,pickup,mn,white
2450,2005.0,chrysler,149956.0,unknown,gas,automatic,unknown,unknown,nv,white
20999,2015.0,lexus,59061.0,excellent,gas,automatic,rwd,sedan,ca,unknown
13000,2018.0,nissan,54380.0,unknown,gas,automatic,fwd,sedan,wa,unknown
12999,2014.0,bmw,113816.0,unknown,gas,automatic,rwd,other,tx,black
7200,2012.0,ford,135470.0,good,gas,automatic,4wd,sedan,mn,black
649,2020.0,chevrolet,16000.0,unknown,gas,automatic,unknown,unknown,il,unknown
71999,2017.0,ford,16617.0,unknown,diesel,automatic,4wd,truck,mt,white
39590,2019.0,acura,8919.0,good,gas,other,unknown,other,ky,unknown
22990,2020.0,nissan,31553.0,good,gas,other,fwd,sedan,ca,silver
3299,2006.0,subaru,215000.0,unknown,gas,automatic,unknown,unknown,ct,unknown
26590,2016.0,bmw,64708.0,good,other,other,rwd,sedan,sc,red
11995,2010.0,chevrolet,98704.0,unknown,gas,automatic,unknown,other,oh,red
3550,2009.0,kia,167205.0,unknown,gas,automatic,rwd,sedan,al,orange
11575,2011.0,chrysler,97887.0,excellent,gas,automatic,fwd,mini-van,in,white
17840,2013.0,ford,141482.0,good,gas,automatic,rwd,van,nc,white
30990,2014.0,ford,67344.0,good,other,other,4wd,pickup,ri,orange
3495,2006.0,toyota,146672.0,new,gas,automatic,fwd,sedan,in,brown
21990,2018.0,volkswagen,7233.0,good,gas,other,fwd,other,az,green
12500,2004.0,toyota,209457.0,good,gas,automatic,rwd,pickup,ga,custom
25983,2014.0,gmc,0.0,excellent,gas,other,4wd,truck,ca,unknown
14900,2010.0,lexus,120433.0,unknown,gas,automatic,unknown,other,tn,black
22590,2010.0,audi,46303.0,good,other,other,unknown,coupe,sc,black
17495,2012.0,rover,95093.0,unknown,gas,automatic,unknown,SUV,or,green
21995,2011.0,gmc,136759.0,unknown,other,automatic,4wd,pickup,fl,white
27590,2020.0,volkswagen,1309.0,good,gas,other,fwd,sedan,mi,red
4999,2011.0,nissan,83811.0,excellent,gas,automatic,fwd,hatchback,pa,silver
10000,2013.0,hyundai,86000.0,excellent,gas,automatic,fwd,sedan,tx,black
7995,2009.0,chevrolet,98000.0,unknown,gas,automatic,unknown,SUV,mi,blue
4300,2009.0,hyundai,142000.0,excellent,gas,automatic,unknown,unknown,fl,unknown
5995,2011.0,cadillac,174980.0,unknown,gas,automatic,unknown,unknown,mi,unknown
9999,2011.0,ford,137325.0,unknown,gas,automatic,4wd,SUV,ne,silver
24775,2017.0,infiniti,38136.0,unknown,gas,automatic,4wd,wagon,mi,red
9900,2011.0,lexus,99000.0,unknown,gas,automatic,unknown,unknown,fl,unknown
5488,2007.0,toyota,168358.0,good,gas,automatic,fwd,sedan,wa,blue
6500,2008.0,honda,136146.0,unknown,gas,automatic,unknown,sedan,fl,silver
24995,2011.0,chevrolet,201000.0,unknown,diesel,automatic,unknown,unknown,tn,unknown
43640,2017.0,ram,125455.0,unknown,gas,automatic,4wd,unknown,tx,red
21999,2014.0,lexus,74857.0,unknown,gas,automatic,rwd,sedan,nv,custom
10995,2004.0,lexus,117996.0,excellent,gas,automatic,unknown,sedan,az,unknown
10500,2007.0,jeep,150410.0,unknown,gas,manual,4wd,unknown,co,unknown
29990,2019.0,alfa-romeo,8404.0,good,other,other,rwd,sedan,az,red
7500,2015.0,mitsubishi,64000.0,good,gas,automatic,fwd,sedan,ny,black
10290,2011.0,cadillac,137450.0,unknown,gas,automatic,unknown,other,pa,unknown
5499,2011.0,ford,93170.0,unknown,gas,automatic,fwd,sedan,ct,silver
20000,2004.0,chevrolet,73000.0,unknown,gas,manual,rwd,unknown,me,unknown
24990,2012.0,cadillac,107705.0,excellent,gas,automatic,4wd,SUV,ny,unknown
8995,2006.0,chevrolet,166599.0,unknown,gas,automatic,fwd,sedan,nv,blue
14995,2016.0,hyundai,61505.0,excellent,gas,automatic,4wd,wagon,ny,grey
38990,2020.0,infiniti,5279.0,good,gas,other,fwd,other,ny,black
12905,2015.0,kia,130454.0,unknown,gas,automatic,fwd,unknown,tn,red
9900,2001.0,chevrolet,150149.0,unknown,gas,automatic,4wd,pickup,az,green
68000,2018.0,ford,53334.0,new,diesel,automatic,rwd,pickup,fl,white
49900,2018.0,ford,51835.0,unknown,gas,automatic,4wd,pickup,or,black
29988,2020.0,gmc,37109.0,excellent,gas,automatic,rwd,truck,ca,white
31590,2020.0,mazda,2195.0,good,gas,other,rwd,other,wi,unknown
33991,2020.0,honda,10120.0,unknown,gas,automatic,unknown,mini-van,tx,white
11981,2016.0,chevrolet,59379.0,good,gas,automatic,fwd,sedan,wa,unknown
1988,2009.0,mazda,213708.0,unknown,gas,automatic,unknown,sedan,ct,red
2300,2000.0,ford,112000.0,unknown,gas,automatic,unknown,unknown,oh,unknown
12995,2014.0,volvo,99090.0,unknown,gas,automatic,fwd,SUV,tx,black
39500,2007.0,ford,8447.0,like new,diesel,manual,rwd,truck,fl,white
31995,2019.0,toyota,23145.0,unknown,gas,manual,rwd,coupe,wa,black
18990,2018.0,toyota,30910.0,good,gas,other,fwd,hatchback,ca,blue
13990,2016.0,hyundai,109122.0,unknown,other,automatic,unknown,sedan,la,unknown
4499,2006.0,chrysler,98539.0,good,gas,automatic,unknown,van,ca,unknown
25990,2016.0,ford,148002.0,unknown,other,automatic,rwd,van,tn,white
7499,2011.0,chevrolet,154669.0,excellent,gas,automatic,fwd,sedan,ca,silver
24900,2013.0,mercedes-benz,38500.0,excellent,gas,automatic,rwd,convertible,ny,black
55990,2017.0,rover,31634.0,unknown,gas,automatic,4wd,SUV,id,red
29988,2014.0,ford,11845.0,unknown,gas,automatic,unknown,unknown,nc,unknown
7995,2007.0,mazda,131033.0,unknown,gas,automatic,unknown,wagon,la,purple
5271,2008.0,jeep,166849.0,excellent,gas,automatic,4wd,SUV,mi,unknown
12995,2009.0,ford,86504.0,good,gas,automatic,4wd,unknown,ny,green
16433,2019.0,subaru,4000.0,unknown,gas,automatic,unknown,unknown,ma,unknown
8999,2011.0,chevrolet,169651.0,unknown,other,automatic,unknown,van,wi,white
6990,1997.0,chevrolet,131638.0,unknown,gas,automatic,unknown,unknown,wa,unknown
11800,2000.0,ford,250000.0,good,diesel,automatic,4wd,pickup,ca,white
2000,2010.0,ford,163856.0,unknown,gas,automatic,unknown,unknown,ca,unknown
39995,2017.0,chevrolet,37085.0,unknown,other,automatic,rwd,SUV,ca,black
12950,2012.0,mercedes-benz,103881.0,unknown,gas,automatic,unknown,unknown,mn,unknown
31900,2011.0,lexus,109850.0,unknown,gas,automatic,unknown,SUV,tn,black
32590,2017.0,lexus,55053.0,good,other,other,unknown,coupe,ca,black
11950,2013.0,honda,91785.0,unknown,gas,automatic,fwd,sedan,ut,black
3000,2008.0,volkswagen,189000.0,good,gas,manual,fwd,sedan,pa,grey
9248,2015.0,chevrolet,94153.0,unknown,gas,automatic,fwd,unknown,nj,orange
7848,2013.0,kia,100000.0,excellent,gas,automatic,fwd,SUV,id,white
77999,2020.0,chevrolet,10943.0,unknown,diesel,automatic,4wd,truck,wa,white
16495,2015.0,ford,90000.0,unknown,gas,automatic,unknown,SUV,ny,silver
10500,2002.0,jeep,152500.0,excellent,gas,automatic,4wd,other,ny,yellow
19990,2020.0,kia,14818.0,good,gas,other,fwd,wagon,ma,black
18900,2012.0,chevrolet,231585.0,unknown,diesel,automatic,unknown,unknown,in,unknown
25999,2008.0,ford,117575.0,excellent,diesel,automatic,4wd,pickup,ca,grey
9995,2012.0,ford,179214.0,unknown,gas,automatic,unknown,unknown,mi,unknown
5995,2008.0,subaru,121074.0,excellent,gas,automatic,4wd,SUV,ny,brown
22997,2006.0,lexus,163867.0,unknown,gas,automatic,4wd,SUV,or,unknown
28590,2017.0,chevrolet,102.0,good,gas,other,unknown,pickup,in,red
58995,2016.0,ram,56749.0,unknown,diesel,automatic,4wd,pickup,az,black
4990,2003.0,jeep,175470.0,unknown,gas,automatic,unknown,unknown,wa,unknown
38900,2020.0,buick,36109.0,unknown,gas,automatic,fwd,SUV,or,silver
21998,2017.0,toyota,40103.0,unknown,gas,automatic,fwd,hatchback,id,unknown
7200,1991.0,chevrolet,119000.0,fair,gas,automatic,rwd,unknown,oh,red
7999,2012.0,ford,91000.0,like new,gas,automatic,unknown,unknown,ca,silver
20900,2013.0,honda,97000.0,excellent,gas,automatic,4wd,unknown,nc,silver
30590,2019.0,bmw,22716.0,good,gas,other,rwd,coupe,pa,unknown
18990,2017.0,nissan,20196.0,good,gas,other,fwd,hatchback,az,black
1500,1996.0,nissan,118098.0,salvage,gas,automatic,rwd,truck,ks,blue
24995,2015.0,ford,132992.0,excellent,gas,automatic,rwd,truck,tx,white
18995,2011.0,ford,130935.0,like new,gas,automatic,unknown,van,ca,white
6900,2015.0,nissan,68000.0,excellent,gas,automatic,unknown,unknown,ca,red
12990,2007.0,ford,134134.0,excellent,diesel,automatic,4wd,unknown,vt,black
30928,2014.0,chevrolet,109480.0,unknown,gas,automatic,4wd,truck,sc,black
17900,2016.0,nissan,83285.0,excellent,gas,automatic,4wd,pickup,ok,white
28777,2018.0,cadillac,0.0,excellent,gas,automatic,fwd,sedan,ca,black
83988,2016.0,chevrolet,2579.0,like new,gas,automatic,rwd,unknown,tx,black
72700,2018.0,ford,8800.0,like new,diesel,automatic,4wd,truck,tx,white
18590,2018.0,kia,21067.0,good,other,other,unknown,wagon,az,red
29995,2018.0,mercedes-benz,155747.0,unknown,diesel,automatic,fwd,van,pa,grey
29998,2015.0,ford,172489.0,unknown,other,automatic,4wd,pickup,fl,white
21995,2017.0,bmw,44000.0,unknown,gas,automatic,unknown,sedan,ca,black
3999,2014.0,nissan,121077.0,like new,gas,automatic,fwd,sedan,wi,unknown
15590,2011.0,kia,17322.0,good,gas,other,fwd,wagon,az,silver
39990,2020.0,infiniti,6500.0,good,gas,automatic,unknown,other,al,blue
15995,2016.0,ford,74000.0,unknown,other,automatic,rwd,pickup,in,white
6400,1997.0,infiniti,101300.0,excellent,gas,automatic,fwd,sedan,wi,black
17995,2018.0,nissan,64977.0,unknown,gas,automatic,unknown,sedan,nc,unknown
32995,2018.0,gmc,113998.0,unknown,gas,automatic,4wd,unknown,mn,white
16990,2015.0,dodge,77833.0,good,gas,other,unknown,SUV,ky,unknown
2500,2003.0,gmc,108730.0,unknown,gas,manual,unknown,unknown,ri,unknown
16500,2010.0,jeep,67501.0,excellent,gas,automatic,4wd,other,nc,silver
6900,2014.0,mini,148640.0,like new,gas,automatic,unknown,hatchback,pa,red
9634,2017.0,chevrolet,87037.0,unknown,gas,automatic,fwd,hatchback,mo,unknown
13900,2008.0,lexus,101968.0,unknown,gas,automatic,4wd,wagon,ca,blue
22590,2017.0,nissan,36858.0,good,gas,other,fwd,sedan,ks,blue
12688,2016.0,kia,49404.0,unknown,gas,automatic,unknown,SUV,fl,white
26590,2016.0,bmw,64708.0,good,other,other,rwd,sedan,ny,red
8288,2002.0,chevrolet,229284.0,excellent,gas,automatic,4wd,pickup,co,blue
16998,2017.0,mazda,60389.0,excellent,gas,automatic,fwd,sedan,ca,unknown
59950,2020.0,ford,26023.0,unknown,gas,automatic,4wd,SUV,in,black
16995,2016.0,honda,69547.0,unknown,gas,automatic,fwd,sedan,ga,custom
14000,2005.0,chevrolet,202453.0,excellent,gas,automatic,4wd,pickup,tx,silver
5599,2012.0,dodge,133392.0,unknown,gas,automatic,unknown,unknown,fl,unknown
14950,2017.0,kia,76271.0,unknown,gas,automatic,unknown,unknown,ks,unknown
7500,2010.0,ford,93555.0,excellent,gas,automatic,fwd,SUV,ia,unknown
12450,2012.0,honda,119549.0,excellent,gas,automatic,fwd,SUV,al,green
28590,2018.0,subaru,13669.0,good,gas,other,rwd,coupe,nh,blue
14200,2016.0,kia,71300.0,excellent,gas,automatic,4wd,SUV,mt,white
6750,2005.0,cadillac,223000.0,excellent,gas,automatic,rwd,SUV,fl,silver
8700,2012.0,honda,128560.0,excellent,gas,automatic,unknown,sedan,tn,unknown
70000,2014.0,aston-martin,22800.0,excellent,gas,automatic,rwd,unknown,co,unknown
35990,2016.0,audi,35564.0,good,gas,other,unknown,sedan,ca,unknown
2700,2004.0,gmc,144781.0,fair,gas,automatic,4wd,truck,wi,grey
12900,2010.0,acura,99504.0,unknown,gas,automatic,fwd,sedan,ca,custom
24997,2014.0,chevrolet,133992.0,excellent,gas,automatic,4wd,pickup,ny,unknown
19990,2014.0,subaru,56987.0,good,gas,other,unknown,hatchback,ny,red
13000,2012.0,infiniti,95000.0,unknown,gas,automatic,unknown,unknown,ca,unknown
17995,2011.0,mercedes-benz,45494.0,excellent,gas,other,unknown,SUV,hi,unknown
7995,2012.0,hyundai,85115.0,unknown,other,other,unknown,sedan,fl,unknown
4200,2005.0,toyota,206000.0,good,hybrid,automatic,fwd,hatchback,mo,unknown
53025,2014.0,chevrolet,4668.0,unknown,gas,manual,rwd,unknown,mo,unknown
9500,2008.0,ford,121000.0,good,diesel,automatic,unknown,unknown,mn,white
1000,1994.0,chevrolet,150000.0,good,gas,automatic,unknown,unknown,ok,unknown
16999,2013.0,jeep,102812.0,excellent,gas,automatic,4wd,SUV,va,black
21990,2020.0,volkswagen,2515.0,good,gas,other,fwd,sedan,tn,black
18500,2018.0,chevrolet,39474.0,excellent,gas,automatic,fwd,sedan,ca,silver
8450,2003.0,nissan,152000.0,good,gas,automatic,4wd,pickup,ks,red
6688,2010.0,ford,114125.0,good,gas,automatic,fwd,sedan,in,red
16995,2013.0,audi,64780.0,excellent,gas,automatic,4wd,sedan,ca,unknown
8900,2012.0,hyundai,131108.0,excellent,gas,automatic,unknown,sedan,ca,unknown
7995,2010.0,ram,264042.0,unknown,gas,automatic,unknown,unknown,mi,unknown
10900,2013.0,nissan,72323.0,unknown,gas,manual,fwd,wagon,mi,white
10995,2010.0,mercedes-benz,134105.0,unknown,gas,automatic,unknown,SUV,fl,white
38998,2018.0,gmc,63840.0,unknown,gas,automatic,4wd,pickup,or,black
5988,2008.0,audi,148156.0,unknown,gas,other,4wd,sedan,me,grey
14495,2019.0,nissan,20000.0,unknown,gas,manual,fwd,sedan,nc,black
700,1993.0,toyota,250000.0,unknown,gas,automatic,unknown,unknown,ct,unknown
5995,2009.0,pontiac,85528.0,excellent,gas,automatic,unknown,unknown,oh,unknown
7999,2008.0,chevrolet,101838.0,excellent,gas,automatic,fwd,sedan,az,black
5995,2006.0,jeep,106000.0,unknown,gas,automatic,unknown,unknown,pa,unknown
14500,2008.0,toyota,56800.0,good,gas,automatic,rwd,truck,va,red
21990,2016.0,honda,42054.0,excellent,gas,automatic,unknown,sedan,ca,unknown
9991,2013.0,cadillac,115000.0,excellent,gas,automatic,rwd,sedan,fl,white
19990,2017.0,subaru,10309.0,good,gas,other,unknown,sedan,nc,white
46990,2016.0,ram,17619.0,good,diesel,automatic,rwd,truck,ct,white
39990,2020.0,lincoln,7469.0,good,gas,other,fwd,other,il,blue
59995,2018.0,chevrolet,23849.0,unknown,gas,automatic,4wd,SUV,or,white
7795,2007.0,buick,62870.0,unknown,gas,automatic,fwd,sedan,oh,unknown
13480,2014.0,ford,118000.0,unknown,gas,automatic,unknown,SUV,oh,black
32405,2018.0,jeep,53249.0,excellent,gas,automatic,4wd,SUV,mt,unknown
41999,2019.0,ford,82414.0,unknown,other,automatic,4wd,pickup,nm,unknown
7995,2010.0,mercury,188184.0,excellent,gas,automatic,fwd,sedan,fl,grey
8995,2014.0,honda,202554.0,unknown,hybrid,automatic,fwd,sedan,il,black
4950,2009.0,honda,206043.0,excellent,gas,automatic,fwd,sedan,mn,white
36885,2015.0,chevrolet,103588.0,unknown,diesel,automatic,unknown,unknown,tx,unknown
6999,2011.0,mazda,136715.0,unknown,gas,automatic,unknown,unknown,ga,unknown
25990,2013.0,toyota,98879.0,good,gas,other,unknown,pickup,tx,white
17590,2014.0,toyota,71501.0,good,gas,automatic,unknown,wagon,fl,white
37999,2020.0,ford,26967.0,unknown,gas,automatic,4wd,SUV,ne,red
9998,2010.0,subaru,154817.0,unknown,gas,automatic,4wd,wagon,id,unknown
17288,2016.0,toyota,55280.0,unknown,hybrid,automatic,fwd,unknown,ca,unknown
4000,2015.0,subaru,147214.0,unknown,gas,automatic,unknown,unknown,tn,unknown
29963,2015.0,ford,121822.0,excellent,gas,automatic,4wd,truck,co,unknown
33995,2012.0,ford,60055.0,unknown,gas,automatic,4wd,pickup,tx,white
8995,2012.0,ford,97835.0,unknown,gas,automatic,fwd,other,ny,blue
22995,2017.0,mercedes-benz,66841.0,unknown,gas,automatic,rwd,SUV,nj,white
8000,2012.0,nissan,62474.0,good,gas,automatic,fwd,sedan,tx,black
5499,2012.0,mitsubishi,120000.0,good,gas,automatic,fwd,coupe,oh,black
18900,2005.0,chrysler,62000.0,excellent,gas,automatic,unknown,unknown,sc,yellow
24272,2018.0,ford,54423.0,unknown,gas,automatic,fwd,unknown,mi,unknown
13500,2015.0,subaru,71000.0,good,gas,automatic,4wd,sedan,wa,silver
2488,2005.0,ford,229292.0,unknown,gas,automatic,unknown,unknown,or,unknown
11995,2013.0,subaru,99802.0,good,gas,automatic,4wd,wagon,vt,grey
20724,2013.0,toyota,91125.0,unknown,gas,automatic,4wd,SUV,ga,blue
2295,2003.0,buick,170001.0,unknown,gas,automatic,unknown,unknown,mi,unknown
6499,2009.0,honda,139000.0,unknown,gas,manual,unknown,unknown,ma,unknown
40990,2018.0,mercedes-benz,54431.0,good,gas,automatic,unknown,SUV,in,silver
26990,2014.0,chevrolet,63129.0,good,gas,automatic,unknown,pickup,nc,black
4500,2000.0,pontiac,101000.0,excellent,gas,automatic,fwd,unknown,ok,white
7200,2014.0,ford,30010.0,excellent,hybrid,automatic,fwd,sedan,nh,grey
3695,2008.0,chevrolet,125730.0,unknown,gas,automatic,fwd,unknown,oh,unknown
28990,2016.0,ford,31901.0,unknown,gas,automatic,unknown,van,or,silver
66973,2019.0,gmc,9402.0,good,gas,automatic,4wd,SUV,wa,unknown
37590,2011.0,chevrolet,42017.0,good,gas,other,rwd,coupe,ok,red
19958,2018.0,subaru,11123.0,unknown,gas,automatic,4wd,wagon,ga,white
10000,2011.0,chevrolet,141308.0,unknown,gas,automatic,fwd,unknown,sc,unknown
38997,2015.0,chevrolet,50252.0,excellent,gas,automatic,4wd,pickup,ny,grey
28900,2007.0,ford,120000.0,unknown,diesel,automatic,unknown,unknown,fl,unknown
38000,2015.0,cadillac,69237.0,unknown,gas,automatic,fwd,SUV,fl,unknown
6000,2010.0,bmw,159076.0,good,gas,automatic,4wd,coupe,wi,silver
5000,2004.0,ford,159500.0,excellent,gas,automatic,rwd,coupe,wa,red
31299,2016.0,ford,81686.0,unknown,other,automatic,4wd,pickup,co,custom
19649,2017.0,kia,96855.0,unknown,gas,automatic,unknown,other,id,red
14995,2001.0,chevrolet,42000.0,like new,gas,automatic,4wd,bus,ga,white
10988,2003.0,nissan,56133.0,unknown,gas,manual,rwd,pickup,or,red
20995,2005.0,ford,180000.0,unknown,diesel,automatic,unknown,unknown,la,unknown
11995,2003.0,ford,70404.0,excellent,gas,automatic,4wd,pickup,mn,black
14995,2013.0,ford,106822.0,unknown,gas,manual,unknown,other,fl,unknown
13500,2011.0,jeep,171484.0,excellent,gas,automatic,4wd,SUV,mi,red
27990,2017.0,chevrolet,22120.0,good,gas,other,unknown,pickup,ny,unknown
9995,2003.0,chevrolet,196910.0,excellent,gas,automatic,4wd,unknown,ca,unknown
29590,2013.0,gmc,37888.0,good,gas,other,unknown,pickup,mo,silver
5900,2009.0,honda,201000.0,good,gas,automatic,fwd,sedan,ks,grey
20959,2019.0,nissan,21959.0,unknown,gas,automatic,4wd,wagon,tn,white
38990,2020.0,dodge,4352.0,good,gas,other,rwd,sedan,dc,silver
4295,2007.0,chevrolet,87849.0,good,gas,automatic,fwd,coupe,ky,red
13900,2008.0,ford,59000.0,unknown,gas,automatic,unknown,unknown,tn,unknown
26999,2015.0,toyota,68456.0,unknown,gas,automatic,unknown,other,tn,custom
18995,2015.0,cadillac,73080.0,unknown,gas,automatic,fwd,sedan,az,black
29000,2005.0,ford,77124.0,unknown,diesel,automatic,unknown,unknown,fl,unknown
3995,2009.0,chevrolet,154546.0,unknown,gas,manual,unknown,unknown,mi,unknown
36999,2017.0,mercedes-benz,111689.0,excellent,gas,automatic,4wd,SUV,nv,silver
10900,2004.0,jeep,178842.0,good,gas,automatic,4wd,SUV,sd,black
27900,2017.0,ford,144161.0,unknown,other,automatic,4wd,other,fl,white
33990,2020.0,ford,1193.0,good,other,other,unknown,pickup,mn,unknown
40990,2018.0,toyota,25331.0,good,gas,other,unknown,pickup,ga,unknown
25260,2020.0,honda,21550.0,unknown,gas,automatic,fwd,hatchback,ca,red
20995,2011.0,rover,79015.0,excellent,gas,automatic,4wd,SUV,al,silver
26998,2016.0,mercedes-benz,100846.0,unknown,gas,automatic,rwd,van,nc,brown
28999,2013.0,toyota,57337.0,unknown,gas,automatic,rwd,truck,id,grey
12995,2013.0,volvo,119000.0,unknown,gas,automatic,unknown,unknown,me,unknown
5995,2014.0,hyundai,101783.0,excellent,gas,automatic,fwd,unknown,ca,silver
1500,2014.0,jeep,100000.0,unknown,gas,automatic,unknown,unknown,fl,unknown
5490,2006.0,toyota,130000.0,like new,gas,automatic,unknown,unknown,ma,unknown
6900,2005.0,lexus,179500.0,good,gas,automatic,fwd,unknown,nc,green
15990,2017.0,ford,43168.0,good,gas,automatic,fwd,sedan,az,black
30990,2017.0,cadillac,53561.0,good,gas,other,unknown,sedan,ga,unknown
10900,2014.0,nissan,104121.0,good,gas,automatic,rwd,truck,pa,white
2000,2007.0,mercury,171000.0,good,gas,automatic,unknown,sedan,ma,blue
13300,2004.0,toyota,109000.0,excellent,gas,automatic,rwd,unknown,or,white
76995,2019.0,ford,30070.0,unknown,other,automatic,4wd,pickup,ca,black
25950,2016.0,gmc,132839.0,unknown,gas,automatic,rwd,van,la,white
33999,2017.0,chevrolet,34309.0,unknown,gas,automatic,4wd,truck,wa,white
32590,2017.0,lexus,20425.0,good,gas,other,fwd,SUV,al,blue
14900,2017.0,dodge,68081.0,good,gas,automatic,4wd,wagon,wi,black
19995,2011.0,chevrolet,115876.0,unknown,other,automatic,unknown,unknown,ny,unknown
2200,1993.0,toyota,263500.0,unknown,gas,automatic,fwd,sedan,co,unknown
54165,2021.0,chevrolet,0.0,excellent,other,automatic,4wd,truck,ca,black
12590,2007.0,jeep,195356.0,unknown,gas,automatic,4wd,unknown,va,red
15990,2013.0,mercedes-benz,80029.0,good,gas,automatic,rwd,sedan,fl,silver
3695,2005.0,chrysler,175828.0,excellent,gas,automatic,4wd,SUV,oh,blue
21800,2013.0,chevrolet,25700.0,excellent,gas,automatic,unknown,unknown,mi,blue
1000,2004.0,chevrolet,188000.0,like new,gas,automatic,unknown,unknown,tx,grey
2500,2012.0,chevrolet,100000.0,unknown,gas,automatic,unknown,unknown,fl,unknown
3995,2010.0,mazda,203404.0,unknown,gas,automatic,unknown,unknown,mi,unknown
3400,2005.0,honda,140000.0,unknown,gas,automatic,unknown,unknown,ca,unknown
36990,2017.0,mercedes-benz,75200.0,unknown,gas,automatic,unknown,SUV,tn,unknown
35990,2020.0,cadillac,10647.0,good,gas,other,unknown,hatchback,ga,black
21000,2013.0,ford,124000.0,unknown,gas,automatic,unknown,unknown,pa,unknown
15990,2019.0,hyundai,10370.0,good,other,other,fwd,sedan,pa,red
13997,2014.0,ford,132863.0,excellent,gas,automatic,4wd,SUV,ma,black
22590,2017.0,ram,39508.0,good,gas,other,unknown,pickup,co,white
30590,2019.0,lincoln,10916.0,good,gas,other,fwd,sedan,fl,unknown
54990,2015.0,ram,68664.0,unknown,diesel,automatic,4wd,pickup,or,silver
2500,2004.0,chevrolet,268000.0,unknown,gas,automatic,unknown,truck,mn,silver
10990,2012.0,honda,117839.0,unknown,gas,automatic,unknown,sedan,or,unknown
15950,2011.0,chevrolet,118637.0,excellent,gas,automatic,rwd,van,ca,blue
6999,2008.0,honda,155615.0,good,gas,automatic,fwd,coupe,ok,white
6750,2014.0,nissan,127000.0,excellent,gas,automatic,unknown,sedan,ca,unknown
16900,2016.0,chevrolet,26500.0,unknown,gas,automatic,fwd,sedan,pa,white
79999,2018.0,ford,36462.0,unknown,diesel,automatic,4wd,truck,wa,white
5500,2005.0,ford,92000.0,excellent,gas,automatic,4wd,SUV,pa,red
41590,2020.0,audi,27160.0,good,gas,other,unknown,sedan,wv,black
17590,2018.0,kia,13028.0,good,gas,other,fwd,wagon,ny,black
9999,2013.0,mazda,56677.0,excellent,gas,automatic,fwd,sedan,fl,black
21905,2018.0,honda,25448.0,unknown,gas,automatic,fwd,sedan,ca,unknown
13900,2015.0,toyota,107561.0,excellent,gas,automatic,fwd,sedan,ca,silver
12999,2012.0,chevrolet,183230.0,unknown,other,automatic,rwd,SUV,ca,silver
12750,2013.0,bmw,91914.0,excellent,gas,automatic,4wd,sedan,va,grey
30988,2018.0,infiniti,27877.0,good,other,automatic,unknown,hatchback,mo,white
16997,2016.0,jeep,43000.0,like new,gas,automatic,4wd,SUV,ca,blue
36999,2018.0,ford,41735.0,unknown,gas,automatic,4wd,truck,ak,white
39590,2019.0,chevrolet,23488.0,good,gas,other,4wd,pickup,il,black
3200,1993.0,volkswagen,233000.0,unknown,gas,manual,unknown,unknown,wa,unknown
34995,2019.0,toyota,4999.0,unknown,gas,automatic,unknown,unknown,nj,unknown
39990,2019.0,nissan,8373.0,good,gas,other,rwd,coupe,ga,white
4995,2020.0,toyota,20000.0,good,diesel,other,unknown,unknown,tn,unknown
26990,2018.0,audi,16057.0,good,gas,other,fwd,sedan,ca,black
25590,2018.0,chrysler,8666.0,good,gas,other,fwd,van,fl,unknown
17960,2016.0,chevrolet,88544.0,good,gas,automatic,fwd,SUV,mo,white
38998,2019.0,honda,34948.0,unknown,gas,automatic,4wd,unknown,mt,unknown
31999,2015.0,jeep,79736.0,unknown,gas,automatic,4wd,SUV,wa,grey
17495,2013.0,mercedes-benz,88156.0,unknown,gas,automatic,unknown,SUV,va,black
29990,2015.0,gmc,16701.0,good,other,other,4wd,pickup,ny,silver
36590,2018.0,acura,19139.0,good,other,automatic,fwd,SUV,co,unknown
8900,2007.0,lexus,139351.0,like new,gas,automatic,unknown,unknown,fl,unknown
17993,2014.0,bmw,84546.0,unknown,gas,automatic,unknown,SUV,tx,silver
29995,2019.0,ford,11276.0,excellent,gas,automatic,rwd,van,ct,white
18995,2016.0,bmw,81507.0,unknown,gas,automatic,unknown,SUV,tx,black
9950,2011.0,jeep,162132.0,unknown,other,automatic,4wd,SUV,dc,green
7995,2014.0,chevrolet,60000.0,good,gas,automatic,fwd,sedan,pa,brown
33991,2016.0,ford,84464.0,unknown,gas,automatic,4wd,pickup,fl,grey
5999,2012.0,volkswagen,125466.0,excellent,gas,automatic,unknown,unknown,fl,unknown
24990,2018.0,audi,31717.0,good,other,other,unknown,sedan,ky,white
900,2006.0,honda,154000.0,fair,gas,automatic,4wd,SUV,vt,silver
995,2013.0,ford,122883.0,good,gas,automatic,fwd,sedan,oh,blue
5500,2008.0,chevrolet,145000.0,like new,gas,automatic,unknown,unknown,co,unknown
13995,2013.0,cadillac,70000.0,unknown,gas,automatic,rwd,sedan,ny,black
16000,2007.0,chevrolet,140000.0,good,gas,automatic,rwd,truck,ca,white
69999,2018.0,gmc,36505.0,unknown,diesel,automatic,4wd,truck,wa,black
21444,2014.0,gmc,145300.0,excellent,gas,automatic,rwd,truck,tx,black
26999,2013.0,jeep,93221.0,unknown,gas,automatic,4wd,convertible,wa,unknown
13500,2001.0,chevrolet,348000.0,unknown,diesel,automatic,unknown,unknown,fl,white
4500,2013.0,dodge,157000.0,good,gas,automatic,unknown,sedan,tx,blue
8800,2015.0,toyota,142000.0,good,hybrid,automatic,unknown,unknown,ca,white
3000,1999.0,gmc,232000.0,fair,gas,automatic,4wd,SUV,wa,silver
33350,2020.0,ford,2014.0,unknown,gas,manual,rwd,convertible,in,green
700,2016.0,ford,55687.0,unknown,gas,automatic,unknown,unknown,fl,unknown
10895,2012.0,hyundai,85073.0,unknown,gas,automatic,rwd,sedan,oh,unknown
19990,2019.0,kia,30590.0,good,hybrid,other,fwd,wagon,ca,white
16899,2013.0,bmw,113249.0,unknown,gas,automatic,unknown,sedan,dc,black
26982,2014.0,toyota,78069.0,unknown,gas,automatic,rwd,SUV,fl,grey
18995,2015.0,gmc,137986.0,excellent,gas,automatic,rwd,unknown,tx,white
16990,2014.0,mini,76676.0,good,other,other,unknown,hatchback,dc,silver
4500,1995.0,mercury,112068.0,excellent,gas,automatic,unknown,sedan,ok,white
35590,2020.0,lincoln,1454.0,good,gas,other,fwd,other,in,unknown
29999,2007.0,chevrolet,21359.0,like new,gas,automatic,rwd,coupe,mn,silver
35990,2020.0,volvo,11878.0,good,other,other,unknown,sedan,ky,blue
37590,2017.0,mercedes-benz,59599.0,good,gas,other,unknown,SUV,il,blue
5500,2008.0,ram,340000.0,unknown,diesel,manual,unknown,unknown,mi,unknown
4200,2005.0,lexus,308000.0,good,gas,automatic,4wd,SUV,mt,blue
5800,2011.0,toyota,188300.0,unknown,gas,automatic,unknown,unknown,ny,unknown
8500,2008.0,honda,124000.0,excellent,gas,automatic,4wd,SUV,mn,silver
19900,2018.0,kia,17000.0,excellent,gas,automatic,fwd,SUV,fl,white
6999,2005.0,bmw,99067.0,excellent,gas,automatic,4wd,SUV,ca,black
2995,1999.0,honda,181261.0,excellent,gas,automatic,4wd,SUV,ny,unknown
17990,2015.0,volkswagen,51482.0,good,diesel,other,fwd,sedan,mo,white
7777,2007.0,subaru,172463.0,unknown,gas,automatic,unknown,wagon,mt,blue
3900,2015.0,ford,114000.0,good,gas,automatic,fwd,sedan,ca,silver
20993,2010.0,lexus,108550.0,unknown,gas,automatic,4wd,SUV,tx,black
21800,2016.0,ford,100000.0,like new,gas,automatic,rwd,van,fl,white
35590,2018.0,infiniti,12113.0,good,gas,other,rwd,coupe,ga,blue
46969,2012.0,gmc,69412.0,unknown,diesel,automatic,unknown,unknown,va,unknown
15990,2015.0,mercedes-benz,72220.0,excellent,gas,automatic,rwd,coupe,fl,black
3800,2010.0,ford,115556.0,excellent,gas,automatic,rwd,sedan,fl,white
2000,2002.0,honda,150000.0,fair,gas,manual,fwd,hatchback,ma,white
12995,2014.0,ford,146807.0,unknown,gas,automatic,unknown,convertible,fl,green
13975,2012.0,jeep,95645.0,unknown,gas,automatic,unknown,unknown,nh,unknown
16990,2011.0,gmc,39219.0,good,gas,other,unknown,pickup,pa,black
11900,2015.0,chrysler,113054.0,unknown,gas,automatic,fwd,sedan,or,black
29990,2017.0,lincoln,23545.0,good,gas,automatic,unknown,SUV,mi,blue
905,2017.0,jeep,18515.0,excellent,gas,automatic,4wd,SUV,id,unknown
5200,2001.0,ram,270000.0,good,diesel,automatic,rwd,truck,il,red
7990,1997.0,chevrolet,131638.0,unknown,gas,automatic,unknown,unknown,wa,unknown
10995,2012.0,chevrolet,235896.0,excellent,gas,automatic,4wd,unknown,mn,unknown
44999,2015.0,bmw,48826.0,excellent,gas,automatic,unknown,sedan,fl,white
19995,2016.0,ford,126000.0,good,gas,automatic,4wd,pickup,nm,white
37888,2018.0,volvo,23707.0,excellent,gas,automatic,4wd,sedan,ca,unknown
30990,2015.0,toyota,34375.0,good,gas,other,unknown,pickup,il,white
6995,2011.0,ford,105000.0,good,gas,automatic,fwd,sedan,vt,custom
36590,2017.0,chevrolet,60476.0,good,other,other,unknown,SUV,pa,silver
36592,2016.0,ford,77819.0,unknown,gas,automatic,4wd,truck,mt,silver
32749,2017.0,lexus,39421.0,excellent,gas,automatic,4wd,SUV,wi,unknown
13900,2015.0,toyota,106775.0,unknown,gas,automatic,fwd,sedan,ky,white
29600,2019.0,gmc,30052.0,like new,gas,automatic,rwd,van,ky,white
26995,2013.0,toyota,103769.0,unknown,gas,automatic,fwd,pickup,ca,black
7850,2003.0,toyota,161000.0,good,gas,automatic,rwd,unknown,ca,silver
4500,2010.0,honda,178000.0,good,gas,automatic,fwd,sedan,ct,black
1500,1990.0,volvo,205000.0,good,gas,automatic,rwd,wagon,co,blue
17622,2015.0,volkswagen,109600.0,excellent,gas,automatic,4wd,SUV,nc,unknown
46998,2020.0,lexus,10765.0,excellent,gas,automatic,fwd,SUV,ca,unknown
14500,2010.0,dodge,121188.0,good,gas,automatic,fwd,mini-van,ar,black
2200,2003.0,chevrolet,246000.0,good,gas,automatic,unknown,unknown,nc,unknown
6495,2008.0,chrysler,128363.0,excellent,gas,automatic,fwd,SUV,mn,blue
4850,2006.0,honda,142959.0,good,gas,automatic,fwd,sedan,ok,grey
2500,1998.0,buick,101000.0,good,gas,automatic,unknown,unknown,in,unknown
19500,2000.0,chevrolet,46000.0,like new,gas,automatic,rwd,coupe,ms,unknown
15995,2014.0,toyota,115000.0,unknown,gas,automatic,unknown,unknown,ny,unknown
14800,2013.0,lexus,90000.0,excellent,gas,automatic,4wd,unknown,ca,grey
7995,2015.0,subaru,193888.0,excellent,gas,automatic,4wd,sedan,or,white
5999,2003.0,ford,145397.0,good,gas,automatic,rwd,SUV,or,white
14991,2011.0,chevrolet,147935.0,unknown,gas,automatic,4wd,truck,il,green
40590,2018.0,audi,25700.0,good,gas,automatic,unknown,coupe,md,unknown
11250,2013.0,nissan,39122.0,excellent,gas,automatic,fwd,SUV,sc,grey
4500,2008.0,subaru,131000.0,like new,gas,automatic,4wd,hatchback,ma,brown
29990,2018.0,audi,13035.0,good,gas,other,fwd,sedan,ga,unknown
3500,2001.0,honda,124737.0,excellent,gas,automatic,fwd,sedan,id,black
30590,2019.0,mazda,7390.0,good,diesel,other,unknown,other,tx,red
21000,2015.0,gmc,98300.0,like new,gas,automatic,unknown,truck,ky,silver
17998,2013.0,dodge,113822.0,unknown,gas,automatic,rwd,coupe,fl,red
25900,2018.0,buick,18832.0,unknown,gas,automatic,4wd,unknown,wi,unknown
8495,2013.0,kia,127000.0,good,gas,automatic,rwd,sedan,tn,black
7300,1994.0,ford,42000.0,good,gas,automatic,rwd,truck,wi,red
26590,2018.0,lincoln,19506.0,good,gas,automatic,unknown,sedan,mi,red
39500,2018.0,gmc,33486.0,unknown,gas,automatic,rwd,truck,tx,white
27990,2017.0,chevrolet,22120.0,good,gas,other,unknown,pickup,pa,unknown
3250,1990.0,chevrolet,112000.0,salvage,gas,manual,rwd,convertible,dc,grey
9499,2013.0,ford,163409.0,unknown,gas,automatic,unknown,van,wi,white
886,2021.0,cadillac,0.0,excellent,gas,automatic,4wd,sedan,mi,unknown
8500,2003.0,volkswagen,160000.0,good,gas,manual,fwd,hatchback,nm,yellow
10999,2012.0,toyota,153750.0,unknown,gas,automatic,4wd,SUV,nc,silver
46900,2014.0,ford,87155.0,unknown,diesel,automatic,4wd,other,ia,white
34590,2020.0,ford,7575.0,good,other,other,unknown,pickup,tn,black
20500,2015.0,mini,12200.0,like new,gas,automatic,fwd,convertible,id,red
63990,2019.0,audi,20126.0,good,other,automatic,unknown,other,ny,black
36261,2016.0,ram,19984.0,unknown,gas,automatic,4wd,pickup,mo,unknown
10500,2013.0,ford,125285.0,unknown,gas,automatic,unknown,unknown,mo,unknown
6977,2002.0,honda,166324.0,unknown,gas,automatic,4wd,SUV,mn,black
3000,2017.0,jeep,49803.0,unknown,gas,automatic,unknown,unknown,ky,unknown
24590,2018.0,cadillac,16923.0,good,other,manual,rwd,sedan,sc,black
8900,2004.0,chevrolet,115000.0,excellent,gas,automatic,unknown,unknown,ca,unknown
17999,2016.0,toyota,32260.0,unknown,other,automatic,unknown,unknown,ca,unknown
3900,2008.0,nissan,12345.0,like new,gas,automatic,fwd,mini-van,wa,blue
41945,2021.0,bmw,6240.0,good,gas,automatic,rwd,hatchback,ca,black
8999,2014.0,ford,78689.0,like new,hybrid,automatic,fwd,wagon,mn,silver
15150,2016.0,chevrolet,122529.0,unknown,gas,automatic,4wd,wagon,wi,blue
10900,2002.0,ford,158000.0,unknown,gas,automatic,unknown,unknown,az,unknown
10600,2015.0,toyota,87021.0,unknown,gas,automatic,fwd,sedan,fl,red
23590,2017.0,nissan,29935.0,good,other,other,fwd,pickup,al,silver
43000,1990.0,chevrolet,539.0,like new,gas,automatic,rwd,truck,nj,black
22590,2010.0,chevrolet,71229.0,good,gas,other,unknown,pickup,oh,blue
7995,2010.0,mazda,70558.0,unknown,gas,automatic,fwd,van,id,black
511,2019.0,jeep,19315.0,excellent,gas,automatic,4wd,SUV,fl,unknown
30990,2019.0,lincoln,7256.0,good,gas,other,fwd,sedan,in,unknown
31999,2015.0,chevrolet,60916.0,unknown,gas,automatic,4wd,truck,or,unknown
7512,2010.0,toyota,129086.0,excellent,gas,automatic,fwd,sedan,mo,grey
4000,1994.0,chevrolet,260759.0,excellent,gas,automatic,rwd,truck,tx,white
27495,2015.0,ford,59210.0,unknown,gas,automatic,4wd,pickup,tn,silver
69800,2017.0,ford,37887.0,unknown,diesel,automatic,4wd,pickup,nv,white
31999,2017.0,toyota,52318.0,unknown,gas,automatic,4wd,SUV,co,unknown
24999,2004.0,bmw,58939.0,excellent,gas,automatic,unknown,unknown,nj,unknown
30590,2020.0,ford,10740.0,good,gas,other,unknown,pickup,mi,unknown
33590,2017.0,audi,14318.0,good,gas,automatic,unknown,SUV,mi,black
6100,2008.0,honda,159212.0,excellent,gas,automatic,fwd,coupe,ga,black
46995,2014.0,ford,125743.0,unknown,diesel,automatic,unknown,unknown,tx,unknown
27990,2015.0,bmw,54189.0,good,other,other,rwd,other,ny,black
23295,2017.0,jeep,33302.0,unknown,gas,automatic,4wd,SUV,oh,white
38990,2020.0,jaguar,10028.0,good,gas,other,unknown,other,ny,black
29855,2020.0,nissan,71164.0,excellent,gas,automatic,rwd,van,nc,white
2900,2003.0,mazda,1.0,unknown,gas,automatic,unknown,sedan,wi,grey
11498,2017.0,kia,59733.0,excellent,gas,automatic,fwd,sedan,ca,blue
21995,2014.0,ram,163063.0,unknown,other,automatic,4wd,pickup,tx,white
8995,2010.0,volvo,130268.0,unknown,gas,automatic,4wd,sedan,co,black
68999,2019.0,ford,57003.0,excellent,diesel,automatic,4wd,truck,wa,silver
9998,2010.0,subaru,154817.0,unknown,gas,automatic,4wd,wagon,wa,unknown
15995,2011.0,chevrolet,149171.0,excellent,gas,automatic,fwd,unknown,mn,grey
20990,2016.0,toyota,41070.0,good,gas,other,fwd,sedan,pa,white
32990,2019.0,ram,3991.0,good,gas,other,unknown,pickup,tn,white
36200,2020.0,subaru,12200.0,like new,gas,automatic,4wd,SUV,az,silver
35900,2019.0,jeep,19315.0,unknown,gas,automatic,4wd,SUV,fl,unknown
9900,2012.0,mini,108301.0,like new,gas,automatic,rwd,hatchback,fl,green
43590,2016.0,audi,52366.0,good,gas,other,unknown,sedan,tn,unknown
7450,2015.0,nissan,142000.0,unknown,gas,automatic,fwd,sedan,sd,red
14995,2017.0,ford,98158.0,unknown,gas,automatic,4wd,unknown,ks,unknown
25990,2017.0,jaguar,15718.0,good,diesel,other,unknown,sedan,il,black
900,2007.0,ford,255000.0,good,gas,automatic,fwd,sedan,wi,custom
22526,2016.0,honda,40572.0,unknown,gas,automatic,fwd,SUV,tx,grey
29998,2014.0,mercedes-benz,57406.0,unknown,gas,automatic,rwd,sedan,nc,grey
15999,2014.0,honda,99068.0,unknown,gas,automatic,unknown,SUV,nc,unknown
4900,2009.0,bmw,159000.0,good,gas,automatic,rwd,other,ca,custom
8995,1997.0,chevrolet,172000.0,excellent,gas,automatic,4wd,SUV,ne,red
24500,2001.0,ford,92000.0,excellent,diesel,automatic,4wd,unknown,mi,unknown
11995,2008.0,ford,211992.0,unknown,gas,automatic,unknown,unknown,mi,unknown
7995,2012.0,kia,151740.0,unknown,gas,automatic,fwd,sedan,or,black
36995,2017.0,ram,36442.0,unknown,gas,automatic,4wd,unknown,id,unknown
18990,2016.0,buick,99816.0,good,other,other,fwd,other,mi,silver
14795,2016.0,subaru,60055.0,unknown,gas,automatic,unknown,wagon,ca,green
13590,2014.0,bmw,94635.0,unknown,gas,automatic,4wd,SUV,fl,brown
4444,2005.0,toyota,191256.0,unknown,gas,automatic,4wd,SUV,wi,silver
4600,2002.0,lexus,152319.0,unknown,gas,automatic,fwd,sedan,nj,white
3200,1999.0,ford,190000.0,good,gas,automatic,4wd,SUV,nd,black
1500,2001.0,ford,170000.0,unknown,gas,automatic,unknown,unknown,nj,unknown
4500,2007.0,volvo,141700.0,good,gas,automatic,4wd,unknown,co,unknown
15999,2017.0,ford,84797.0,unknown,gas,automatic,unknown,unknown,mn,white
9995,2010.0,gmc,213339.0,unknown,gas,automatic,unknown,unknown,mn,unknown
18900,2012.0,jeep,84000.0,excellent,gas,manual,4wd,wagon,va,white
10950,2010.0,ram,120427.0,unknown,gas,automatic,4wd,truck,ut,black
35995,2015.0,ford,83756.0,unknown,other,automatic,4wd,pickup,nh,silver
11495,2017.0,kia,55897.0,good,other,manual,fwd,hatchback,nc,black
13517,2016.0,honda,64562.0,excellent,gas,automatic,unknown,sedan,ca,unknown
9995,2006.0,ram,149971.0,excellent,gas,automatic,4wd,pickup,ma,white
10995,2014.0,subaru,83773.0,unknown,gas,automatic,unknown,SUV,ia,grey
19590,2013.0,bmw,83600.0,good,gas,other,rwd,coupe,fl,black
13995,2014.0,gmc,148091.0,excellent,gas,automatic,rwd,van,ny,white
4200,2000.0,mercedes-benz,130000.0,excellent,gas,automatic,unknown,unknown,ca,unknown
32995,2010.0,gmc,139797.0,unknown,diesel,automatic,4wd,truck,id,white
37995,2012.0,gmc,129847.0,unknown,diesel,automatic,4wd,pickup,ca,white
23590,2020.0,acura,2630.0,good,other,other,unknown,sedan,ca,black
25990,2003.0,ram,197973.0,unknown,diesel,automatic,4wd,pickup,or,unknown
23590,2015.0,rover,77952.0,good,gas,other,4wd,SUV,ct,unknown
42590,2018.0,audi,17467.0,good,gas,automatic,unknown,coupe,il,blue
8995,2010.0,ford,136562.0,unknown,gas,automatic,fwd,pickup,dc,white
9995,2013.0,ford,41000.0,excellent,gas,automatic,fwd,sedan,az,silver
10900,2011.0,chrysler,125979.0,excellent,gas,automatic,rwd,sedan,fl,blue
42590,2020.0,chevrolet,4135.0,good,gas,other,4wd,pickup,ar,blue
7600,2011.0,hyundai,165000.0,excellent,gas,automatic,fwd,sedan,pa,white
25990,2019.0,ram,12302.0,good,gas,other,unknown,pickup,ny,white
16995,2013.0,ram,107741.0,unknown,gas,automatic,unknown,unknown,fl,red
31388,2014.0,ford,1.0,unknown,gas,automatic,unknown,unknown,sc,unknown
1300,1992.0,ford,188000.0,salvage,gas,automatic,4wd,SUV,wa,black
17900,2017.0,honda,26831.0,excellent,gas,automatic,fwd,sedan,nc,red
4495,2009.0,kia,117400.0,excellent,gas,automatic,fwd,sedan,oh,silver
16999,2016.0,buick,33500.0,unknown,gas,automatic,fwd,SUV,ca,white
10500,2014.0,ford,90000.0,good,gas,automatic,fwd,SUV,tx,white
12999,2003.0,jeep,96000.0,excellent,gas,manual,4wd,offroad,nc,brown
10000,2013.0,buick,108431.0,unknown,gas,automatic,fwd,sedan,mn,unknown
20000,2013.0,honda,56333.0,excellent,gas,automatic,4wd,SUV,mn,grey
21831,2016.0,audi,38561.0,unknown,hybrid,automatic,fwd,hatchback,ks,unknown
31491,2019.0,volkswagen,14268.0,unknown,gas,automatic,fwd,SUV,hi,black
31590,2019.0,cadillac,12102.0,good,other,other,fwd,hatchback,pa,black
20950,2014.0,mercedes-benz,59828.0,unknown,gas,automatic,unknown,unknown,wi,unknown
4950,2004.0,toyota,179485.0,unknown,hybrid,automatic,fwd,sedan,co,black
4995,2011.0,mercury,232036.0,good,gas,automatic,fwd,SUV,or,blue
9900,2013.0,ram,119682.0,good,gas,automatic,fwd,unknown,ar,white
42999,2019.0,lexus,18867.0,unknown,gas,automatic,4wd,SUV,wa,grey
12980,2013.0,honda,115000.0,unknown,gas,automatic,unknown,SUV,oh,unknown
20590,2015.0,bmw,65290.0,good,gas,automatic,unknown,coupe,tx,black
18590,2017.0,mitsubishi,18994.0,good,other,other,4wd,hatchback,fl,blue
11500,2010.0,ford,126000.0,good,gas,automatic,4wd,pickup,wi,red
23900,2011.0,ford,174000.0,unknown,gas,automatic,unknown,unknown,al,unknown
10850,2008.0,chevrolet,196752.0,good,gas,automatic,4wd,SUV,nc,white
21990,2017.0,ford,168560.0,unknown,gas,automatic,rwd,van,tn,custom
14900,2006.0,lincoln,100300.0,good,gas,automatic,4wd,pickup,ca,black
28990,2017.0,infiniti,15868.0,good,other,other,unknown,coupe,wi,blue
13995,2015.0,nissan,85137.0,unknown,gas,automatic,fwd,sedan,mo,custom
19814,2017.0,hyundai,95955.0,excellent,gas,automatic,4wd,unknown,wa,unknown
74998,2020.0,ram,562.0,unknown,diesel,automatic,4wd,pickup,id,white
29990,2018.0,audi,43511.0,good,gas,automatic,unknown,sedan,mi,white
10500,2014.0,lexus,132866.0,good,gas,automatic,fwd,hatchback,nj,white
5500,2004.0,chevrolet,178000.0,good,gas,automatic,fwd,SUV,ca,blue
25590,2018.0,jaguar,30896.0,good,other,other,unknown,sedan,nc,unknown
24995,2016.0,ford,150000.0,unknown,gas,automatic,unknown,unknown,nc,unknown
13950,2017.0,volkswagen,56000.0,excellent,gas,automatic,unknown,SUV,ca,silver
23998,2014.0,ford,98528.0,unknown,other,automatic,fwd,pickup,fl,silver
15990,2016.0,chevrolet,71649.0,good,gas,automatic,fwd,sedan,oh,custom
32988,2018.0,ram,28328.0,good,gas,automatic,rwd,pickup,ca,black
13000,2011.0,bmw,93236.0,excellent,gas,automatic,4wd,SUV,ct,blue
34590,2019.0,chevrolet,7711.0,good,gas,other,unknown,pickup,ct,unknown
71999,2020.0,chevrolet,10991.0,unknown,diesel,automatic,4wd,truck,id,white
67050,2021.0,chevrolet,1.0,new,gas,automatic,4wd,unknown,mt,unknown
20590,2013.0,toyota,1000.0,like new,gas,automatic,unknown,pickup,tx,grey
28999,2020.0,ford,15076.0,unknown,gas,automatic,4wd,SUV,wa,white
17495,2012.0,acura,79913.0,unknown,gas,automatic,fwd,wagon,wa,black
25924,2013.0,ford,113799.0,unknown,gas,automatic,4wd,pickup,tx,black
2000,2007.0,dodge,175017.0,unknown,gas,automatic,unknown,unknown,tn,unknown
9500,2017.0,chevrolet,28696.0,unknown,gas,automatic,unknown,unknown,nj,unknown
16590,2013.0,acura,85699.0,good,gas,other,fwd,sedan,tx,unknown
31390,2014.0,gmc,144186.0,excellent,gas,automatic,4wd,truck,nc,white
568,2017.0,ram,46576.0,excellent,gas,automatic,4wd,truck,mt,unknown
34590,2020.0,cadillac,9624.0,good,gas,other,unknown,hatchback,al,white
19850,2013.0,chevrolet,157554.0,excellent,gas,automatic,4wd,unknown,ne,green
25995,2016.0,toyota,78600.0,like new,gas,automatic,4wd,mini-van,ny,unknown
9900,2015.0,honda,83091.0,good,gas,automatic,fwd,sedan,ks,black
7999,2011.0,subaru,163118.0,excellent,gas,automatic,4wd,pickup,ct,blue
19995,2014.0,infiniti,124268.0,excellent,gas,automatic,4wd,SUV,va,silver
6000,2011.0,hyundai,90553.0,excellent,gas,automatic,unknown,hatchback,nc,silver
27995,2012.0,ford,26896.0,unknown,gas,automatic,unknown,unknown,tn,white
41995,2015.0,ford,158874.0,unknown,diesel,automatic,unknown,other,ia,white
28990,2018.0,lincoln,27343.0,good,gas,other,unknown,SUV,md,unknown
12999,2014.0,kia,97935.0,unknown,gas,automatic,fwd,sedan,ak,red
12500,1998.0,chevrolet,110000.0,unknown,gas,automatic,unknown,pickup,tx,unknown
16162,2016.0,hyundai,106101.0,unknown,gas,automatic,fwd,unknown,fl,black
4995,2004.0,nissan,112.0,like new,gas,automatic,4wd,unknown,ma,unknown
3750,2006.0,pontiac,181250.0,good,gas,automatic,fwd,sedan,ia,white
8250,2015.0,ford,75069.0,excellent,gas,automatic,fwd,sedan,va,white
7800,1990.0,chevrolet,177000.0,unknown,gas,manual,4wd,pickup,mn,red
24995,2012.0,ram,65568.0,excellent,gas,automatic,4wd,truck,mi,unknown
48999,2019.0,chevrolet,18427.0,unknown,gas,automatic,4wd,pickup,ca,black
34000,2018.0,dodge,23700.0,excellent,gas,automatic,rwd,sedan,ga,grey
27000,2016.0,volvo,62719.0,excellent,gas,automatic,4wd,SUV,wi,black
15500,2011.0,ford,175424.0,unknown,other,automatic,4wd,pickup,ne,custom
32990,2018.0,ford,11360.0,good,other,other,unknown,pickup,mi,white
17990,2015.0,volkswagen,51482.0,good,diesel,other,fwd,sedan,or,white
4495,2001.0,toyota,249000.0,good,gas,automatic,unknown,unknown,mo,silver
25990,2020.0,chevrolet,21938.0,good,gas,other,rwd,coupe,oh,green
17894,2000.0,ford,250095.0,unknown,diesel,manual,unknown,unknown,va,unknown
59999,2020.0,ram,62067.0,unknown,diesel,automatic,4wd,truck,wa,custom
42998,2019.0,gmc,14366.0,unknown,gas,automatic,4wd,truck,mt,unknown
10988,2010.0,ford,71028.0,unknown,gas,automatic,unknown,unknown,id,black
4995,2002.0,ford,173742.0,good,gas,automatic,4wd,SUV,or,unknown
22981,2012.0,rover,84840.0,excellent,gas,automatic,4wd,SUV,fl,unknown
24990,2015.0,acura,61261.0,good,other,other,unknown,SUV,sc,unknown
30995,2016.0,ford,99000.0,unknown,gas,automatic,unknown,unknown,co,unknown
8995,2007.0,chevrolet,210595.0,unknown,gas,automatic,unknown,unknown,mi,unknown
40998,2020.0,chevrolet,24961.0,excellent,gas,automatic,4wd,pickup,oh,unknown
30000,2012.0,ram,51800.0,excellent,gas,automatic,unknown,unknown,ca,white
3300,2009.0,toyota,120790.0,unknown,gas,manual,fwd,coupe,md,black
52590,2015.0,chevrolet,9740.0,good,gas,other,rwd,convertible,ga,unknown
27990,2015.0,mercedes-benz,42401.0,excellent,gas,automatic,fwd,SUV,fl,blue
13995,2010.0,ford,91413.0,unknown,gas,automatic,unknown,unknown,mi,unknown
28590,2018.0,gmc,20736.0,good,gas,other,fwd,other,dc,white
15990,2017.0,ford,48195.0,good,hybrid,other,fwd,wagon,in,blue
3000,2011.0,ford,188406.0,fair,gas,automatic,4wd,SUV,ny,black
35590,2011.0,porsche,8399.0,good,gas,other,rwd,other,oh,black
5700,2012.0,ford,176000.0,like new,gas,automatic,fwd,sedan,tn,grey
5900,2006.0,lexus,197000.0,excellent,gas,automatic,fwd,sedan,ca,green
12995,2009.0,ram,129981.0,unknown,gas,automatic,4wd,pickup,pa,silver
28590,2017.0,buick,40227.0,good,other,other,unknown,SUV,pa,unknown
31995,2019.0,ford,22053.0,unknown,other,automatic,unknown,van,va,white
36990,2018.0,audi,46298.0,good,gas,other,unknown,coupe,fl,white
29999,2005.0,jeep,21401.0,unknown,gas,automatic,4wd,SUV,co,unknown
4500,2002.0,gmc,300000.0,good,gas,automatic,4wd,pickup,wi,unknown
33990,2020.0,infiniti,19042.0,good,other,other,unknown,hatchback,ky,brown
12990,2013.0,honda,87000.0,excellent,gas,automatic,4wd,SUV,ma,unknown
38990,2020.0,acura,14028.0,good,gas,other,fwd,SUV,ca,white
20590,2018.0,toyota,33835.0,good,gas,other,fwd,sedan,in,blue
45900,2018.0,ford,21494.0,unknown,other,automatic,4wd,pickup,ut,grey
21500,2007.0,chevrolet,68000.0,unknown,diesel,automatic,rwd,unknown,id,unknown
52590,2015.0,chevrolet,9740.0,good,gas,other,rwd,convertible,oh,unknown
3000,2004.0,ram,94000.0,fair,gas,automatic,4wd,truck,md,blue
29777,2018.0,volvo,34040.0,excellent,gas,automatic,4wd,sedan,ca,unknown
32990,2019.0,toyota,20885.0,good,other,other,fwd,sedan,az,blue
12800,2003.0,gmc,171135.0,good,gas,automatic,4wd,unknown,co,unknown
23991,2012.0,ram,105621.0,excellent,gas,automatic,4wd,pickup,id,red
1000,2000.0,chevrolet,300000.0,unknown,diesel,automatic,unknown,unknown,nc,unknown
33500,2015.0,ford,45265.0,unknown,gas,automatic,unknown,unknown,ky,unknown
29990,2016.0,chevrolet,17302.0,good,gas,other,4wd,pickup,oh,red
3500,2006.0,pontiac,160000.0,good,gas,automatic,unknown,SUV,az,silver
14600,2012.0,buick,25747.0,excellent,gas,automatic,fwd,sedan,ks,silver
8900,2014.0,chrysler,165000.0,unknown,gas,automatic,rwd,other,ca,custom
19850,2007.0,toyota,101500.0,excellent,gas,automatic,rwd,SUV,nc,blue
35000,2016.0,ram,81800.0,good,gas,automatic,4wd,truck,id,unknown
19995,2011.0,toyota,108000.0,excellent,gas,automatic,4wd,pickup,nh,black
9950,2012.0,nissan,82708.0,good,gas,automatic,fwd,sedan,nm,white
9900,2019.0,nissan,25054.0,like new,gas,automatic,fwd,sedan,mn,blue
15995,2011.0,ford,60806.0,unknown,gas,automatic,4wd,pickup,ga,silver
10999,2013.0,ford,160000.0,unknown,gas,automatic,unknown,unknown,tn,unknown
11588,2010.0,acura,11357.0,unknown,gas,automatic,fwd,sedan,tn,black
43990,2020.0,jaguar,8157.0,good,gas,other,unknown,other,ct,unknown
500,2013.0,ford,97000.0,unknown,gas,automatic,unknown,unknown,ri,unknown
7899,2011.0,mitsubishi,120000.0,excellent,gas,automatic,unknown,SUV,ca,unknown
11995,2011.0,ford,112000.0,excellent,gas,automatic,rwd,bus,pa,red
14500,2011.0,toyota,117107.0,unknown,gas,automatic,fwd,SUV,va,grey
35990,2018.0,jaguar,8490.0,good,gas,other,unknown,other,md,black
3900,2008.0,volkswagen,145206.0,excellent,gas,automatic,fwd,unknown,sc,unknown
19888,2005.0,ram,291191.0,unknown,diesel,manual,4wd,pickup,az,purple
11500,2016.0,subaru,61000.0,excellent,gas,automatic,4wd,sedan,nc,blue
13998,2010.0,chevrolet,149486.0,unknown,hybrid,automatic,rwd,truck,nc,white
5988,2008.0,saturn,179106.0,unknown,gas,automatic,4wd,unknown,wi,blue
7374,2012.0,chrysler,119312.0,unknown,gas,automatic,fwd,sedan,mi,black
38590,2019.0,acura,28005.0,good,hybrid,other,unknown,sedan,ca,white
18981,2018.0,dodge,25472.0,unknown,gas,automatic,fwd,SUV,co,red
18998,2014.0,infiniti,139814.0,unknown,gas,automatic,fwd,sedan,fl,blue
6995,2009.0,toyota,132973.0,good,gas,automatic,fwd,sedan,il,grey
14995,2015.0,jeep,64671.0,good,gas,automatic,4wd,SUV,pa,grey
38590,2020.0,bmw,5580.0,good,gas,other,unknown,sedan,mi,black
28590,2017.0,bmw,74108.0,good,other,automatic,unknown,SUV,ny,black
3695,2007.0,nissan,209826.0,good,gas,automatic,fwd,sedan,ca,grey
3800,2005.0,honda,201669.0,unknown,gas,automatic,unknown,unknown,il,unknown
22590,2017.0,infiniti,20961.0,good,other,other,rwd,hatchback,md,unknown
2988,2006.0,jeep,191442.0,unknown,gas,automatic,4wd,SUV,ma,red
25990,2013.0,mercedes-benz,42045.0,good,gas,automatic,rwd,coupe,tx,white
22000,2016.0,mazda,56000.0,excellent,gas,automatic,fwd,SUV,nc,grey
5995,2007.0,volvo,109454.0,excellent,gas,automatic,unknown,unknown,ga,unknown
24590,2018.0,audi,34770.0,good,gas,other,fwd,sedan,co,black
7995,2005.0,chevrolet,432777.0,good,diesel,automatic,4wd,truck,il,unknown
7000,2008.0,honda,70000.0,excellent,gas,automatic,fwd,sedan,wv,red
16990,2020.0,kia,8511.0,good,other,other,unknown,sedan,ca,black
8399,2012.0,honda,109272.0,excellent,gas,automatic,fwd,sedan,ny,black
8995,2012.0,ford,117856.0,unknown,gas,automatic,unknown,unknown,ct,unknown
10988,2003.0,nissan,56133.0,unknown,gas,manual,rwd,pickup,or,red
12990,2011.0,acura,85757.0,good,other,other,unknown,sedan,ma,black
59999,2020.0,ford,7155.0,unknown,diesel,automatic,4wd,other,sd,white
15720,2013.0,ford,62049.0,excellent,gas,manual,4wd,hatchback,wi,black
2488,2003.0,gmc,218499.0,unknown,gas,automatic,4wd,SUV,ct,black
21980,2017.0,kia,63505.0,unknown,gas,automatic,fwd,sedan,id,grey
8900,2012.0,chevrolet,80753.0,excellent,gas,automatic,fwd,sedan,ca,grey
5990,2004.0,toyota,195534.0,unknown,gas,automatic,4wd,SUV,in,grey
19991,2009.0,mercedes-benz,111773.0,unknown,gas,automatic,rwd,sedan,tx,black
89999,2020.0,ford,12846.0,unknown,diesel,automatic,4wd,truck,wa,white
33777,2017.0,chevrolet,102000.0,excellent,gas,automatic,4wd,unknown,il,unknown
17735,2015.0,audi,75407.0,unknown,gas,automatic,4wd,unknown,nc,unknown
25990,2019.0,kia,17805.0,good,gas,other,fwd,other,ca,brown
25995,2013.0,gmc,126690.0,unknown,gas,automatic,unknown,unknown,tn,red
18999,2006.0,toyota,122455.0,unknown,gas,automatic,4wd,pickup,wa,unknown
12983,2013.0,ford,110247.0,excellent,gas,automatic,4wd,SUV,tn,silver
29590,2017.0,ford,70760.0,good,gas,other,4wd,SUV,ok,blue
3800,2003.0,toyota,150042.0,unknown,gas,automatic,unknown,unknown,al,unknown
23875,2015.0,ford,177282.0,unknown,gas,automatic,4wd,pickup,or,unknown
36949,2017.0,lincoln,83988.0,unknown,gas,automatic,4wd,unknown,ks,unknown
20800,2013.0,toyota,158560.0,unknown,gas,automatic,fwd,pickup,ca,unknown
31590,2017.0,lexus,32331.0,good,gas,other,fwd,other,ga,unknown
9900,2007.0,chevrolet,160000.0,good,gas,automatic,rwd,SUV,fl,brown
10995,2007.0,jeep,72208.0,unknown,gas,automatic,4wd,unknown,mt,red
4595,2005.0,ford,257708.0,unknown,gas,automatic,unknown,pickup,sd,custom
29855,2020.0,nissan,71164.0,excellent,gas,automatic,rwd,van,nc,white
3000,1999.0,honda,249000.0,good,gas,automatic,fwd,coupe,ca,black
49988,2017.0,ram,45546.0,unknown,diesel,automatic,4wd,unknown,mn,silver
18900,2012.0,gmc,160000.0,good,gas,automatic,rwd,unknown,fl,silver
34990,2015.0,chevrolet,75198.0,good,gas,other,unknown,SUV,nv,unknown
31590,2020.0,mazda,2195.0,good,gas,other,rwd,other,va,unknown
7995,2016.0,chevrolet,110093.0,unknown,gas,automatic,unknown,unknown,mi,unknown
43900,2016.0,ford,118000.0,excellent,diesel,automatic,4wd,truck,sc,black
26000,2015.0,chevrolet,117000.0,like new,gas,automatic,rwd,pickup,va,black
8275,2011.0,jeep,131000.0,excellent,gas,automatic,unknown,unknown,tx,unknown
36990,2017.0,mitsubishi,45925.0,good,diesel,automatic,rwd,truck,vt,white
28995,2017.0,nissan,50811.0,good,gas,automatic,rwd,van,tx,white
23995,2014.0,ram,130132.0,unknown,gas,automatic,4wd,truck,fl,unknown
7075,1999.0,ford,168560.0,fair,diesel,automatic,4wd,pickup,wi,black
11188,2008.0,lexus,155047.0,good,gas,automatic,unknown,other,ca,white
28998,2018.0,dodge,39190.0,unknown,gas,automatic,rwd,coupe,mt,unknown
6500,1992.0,cadillac,77000.0,excellent,gas,automatic,fwd,convertible,il,white
19999,2010.0,ram,67832.0,unknown,gas,automatic,4wd,unknown,tn,red
37900,2018.0,chevrolet,23000.0,excellent,gas,automatic,4wd,truck,nc,black
2500,2002.0,ford,183386.0,excellent,gas,automatic,4wd,SUV,ia,black
36990,2013.0,mercedes-benz,56553.0,good,gas,automatic,rwd,convertible,nm,black
12500,2014.0,toyota,94000.0,excellent,hybrid,automatic,fwd,wagon,al,silver
17499,2017.0,gmc,101501.0,unknown,gas,automatic,rwd,van,md,white
39990,2018.0,jeep,15688.0,good,other,other,4wd,other,mn,silver
32494,2014.0,ford,153776.0,unknown,diesel,automatic,4wd,pickup,co,unknown
21900,2018.0,mini,15609.0,unknown,gas,other,fwd,coupe,ak,black
14900,2006.0,ram,111008.0,new,gas,automatic,unknown,unknown,sc,black
13995,2013.0,bmw,105875.0,unknown,gas,automatic,unknown,SUV,ok,white
11995,2004.0,lexus,87515.0,like new,gas,automatic,fwd,sedan,fl,brown
28990,2017.0,bmw,49355.0,good,gas,automatic,unknown,coupe,ut,unknown
13946,2015.0,bmw,88677.0,unknown,gas,automatic,rwd,sedan,or,white
6995,2008.0,mercedes-benz,169000.0,like new,gas,automatic,4wd,sedan,vt,black
14388,2015.0,hyundai,72486.0,unknown,gas,automatic,fwd,SUV,tn,white
29990,2019.0,nissan,10714.0,good,other,automatic,fwd,sedan,tx,black
32990,2016.0,chevrolet,55069.0,good,other,other,4wd,pickup,ga,red
10498,2013.0,hyundai,124778.0,unknown,gas,automatic,unknown,sedan,sc,silver
7595,2009.0,lincoln,50000.0,excellent,gas,automatic,4wd,sedan,ny,red
37990,2020.0,ram,30419.0,good,gas,other,unknown,pickup,nc,black
14250,2014.0,ford,82750.0,unknown,gas,automatic,unknown,convertible,mi,black
39995,2014.0,ford,107831.0,unknown,other,automatic,4wd,pickup,tx,white
7490,2014.0,ford,73000.0,excellent,gas,automatic,fwd,hatchback,ia,grey
24995,2016.0,ram,143000.0,excellent,gas,automatic,4wd,truck,me,black
5495,2004.0,cadillac,79359.0,excellent,gas,automatic,rwd,sedan,va,grey
8250,2013.0,nissan,100258.0,excellent,gas,automatic,unknown,unknown,fl,black
26995,2015.0,acura,59446.0,unknown,gas,automatic,unknown,SUV,mt,white
14995,2018.0,subaru,36438.0,unknown,gas,automatic,unknown,hatchback,fl,blue
4900,2008.0,ford,110000.0,like new,gas,automatic,unknown,SUV,fl,black
37888,2018.0,volvo,23707.0,excellent,gas,automatic,4wd,sedan,ca,unknown
28590,2017.0,chevrolet,102.0,good,gas,other,unknown,pickup,va,red
21590,2019.0,dodge,4230.0,good,other,other,unknown,other,oh,unknown
21998,2019.0,chevrolet,13494.0,unknown,gas,automatic,fwd,sedan,mt,unknown
24999,2006.0,jeep,39000.0,excellent,gas,automatic,4wd,SUV,ca,black
22300,2017.0,ford,113617.0,excellent,gas,automatic,rwd,van,al,white
7950,2012.0,mazda,82036.0,unknown,gas,automatic,fwd,sedan,ia,grey
51223,2016.0,ram,47296.0,unknown,diesel,automatic,4wd,pickup,wa,unknown
20497,2017.0,cadillac,85308.0,excellent,gas,automatic,4wd,sedan,ny,black
4400,2004.0,ram,204000.0,good,gas,automatic,rwd,truck,ca,silver
17550,2019.0,ford,19385.0,unknown,gas,automatic,fwd,sedan,in,white
39990,2020.0,buick,15490.0,good,gas,other,unknown,other,ok,black
4700,2010.0,volkswagen,119000.0,unknown,gas,automatic,unknown,unknown,ny,unknown
39990,2020.0,infiniti,6500.0,good,gas,automatic,unknown,other,il,blue
4800,2010.0,buick,250000.0,good,gas,manual,fwd,SUV,mi,silver
9500,2005.0,ram,113275.0,good,gas,automatic,4wd,truck,fl,silver
5400,2008.0,honda,149932.0,unknown,gas,automatic,fwd,van,nj,blue
29988,2014.0,ford,90852.0,unknown,gas,automatic,4wd,unknown,ca,white
24999,2010.0,toyota,157524.0,unknown,gas,automatic,4wd,SUV,mt,silver
33994,2020.0,ford,4.0,unknown,gas,automatic,unknown,unknown,fl,unknown
13000,2009.0,toyota,181000.0,excellent,gas,automatic,unknown,unknown,ga,blue
38885,2016.0,chevrolet,151913.0,unknown,diesel,automatic,unknown,unknown,ok,unknown
17999,2011.0,chevrolet,119757.0,unknown,gas,automatic,4wd,unknown,mn,silver
9950,2013.0,fiat,80553.0,excellent,gas,manual,fwd,hatchback,nm,grey
25590,2015.0,lexus,54047.0,good,gas,other,rwd,sedan,ct,white
15840,2016.0,jeep,81952.0,unknown,gas,automatic,4wd,SUV,in,silver
16995,2005.0,chevrolet,37000.0,excellent,gas,automatic,rwd,unknown,az,white
13500,2014.0,ford,91712.0,unknown,gas,automatic,unknown,unknown,nc,unknown
13995,2017.0,buick,69576.0,unknown,gas,automatic,fwd,SUV,mn,silver
5500,2006.0,chevrolet,95000.0,good,gas,automatic,fwd,sedan,fl,white
5899,2010.0,ford,124000.0,unknown,gas,other,rwd,truck,pa,white
9700,1995.0,nissan,117000.0,unknown,gas,automatic,unknown,unknown,fl,unknown
69850,2020.0,chevrolet,34034.0,unknown,diesel,automatic,4wd,pickup,ks,unknown
39974,2009.0,ford,24664.0,unknown,diesel,automatic,unknown,other,ca,unknown
1250,2003.0,jeep,128162.0,good,gas,automatic,4wd,SUV,md,grey
30998,2018.0,ram,57728.0,unknown,gas,automatic,rwd,truck,mt,unknown
5995,2008.0,toyota,159021.0,like new,gas,automatic,fwd,hatchback,me,silver
17995,2020.0,chevrolet,13400.0,good,other,automatic,unknown,SUV,ia,unknown
14900,2014.0,mercedes-benz,82034.0,excellent,gas,automatic,rwd,sedan,or,unknown
16990,2015.0,dodge,77833.0,good,gas,other,unknown,SUV,mi,unknown
6780,2012.0,honda,151195.0,excellent,gas,automatic,fwd,coupe,pa,silver
22995,2018.0,subaru,34879.0,excellent,gas,automatic,4wd,SUV,vt,blue
20988,2014.0,chevrolet,182114.0,excellent,gas,automatic,4wd,pickup,ok,white
13977,2013.0,subaru,46523.0,unknown,gas,automatic,unknown,wagon,mt,blue
9995,2012.0,gmc,145272.0,unknown,gas,automatic,unknown,SUV,mn,silver
38990,2018.0,infiniti,19066.0,good,gas,other,unknown,coupe,ca,unknown
6995,2008.0,volkswagen,88326.0,excellent,gas,automatic,fwd,convertible,oh,white
42990,2014.0,chevrolet,31973.0,good,gas,other,rwd,coupe,tx,black
3500,2018.0,infiniti,17827.0,unknown,gas,automatic,unknown,unknown,ca,unknown
8500,2009.0,honda,110100.0,unknown,gas,automatic,unknown,unknown,md,unknown
15995,2009.0,bmw,115623.0,unknown,gas,automatic,unknown,SUV,ca,silver
16590,2013.0,acura,79192.0,good,other,other,unknown,sedan,ca,black
6000,2006.0,bmw,121000.0,excellent,gas,automatic,4wd,SUV,va,black
59990,2017.0,ford,31337.0,good,diesel,automatic,4wd,truck,ny,white
35990,2018.0,honda,40831.0,good,other,other,unknown,sedan,ny,black
22590,2018.0,mini,21389.0,good,gas,other,fwd,hatchback,oh,white
29990,2019.0,ford,13628.0,good,gas,other,unknown,pickup,fl,silver
32990,2011.0,bmw,45858.0,good,other,other,rwd,other,sc,red
14995,2013.0,audi,154315.0,excellent,gas,automatic,4wd,SUV,il,grey
7999,1999.0,ford,125000.0,good,gas,automatic,rwd,van,ca,white
4950,2005.0,chrysler,170000.0,good,gas,automatic,rwd,unknown,mn,silver
9995,2015.0,hyundai,120454.0,unknown,gas,automatic,fwd,sedan,mo,red
36590,2018.0,jeep,15813.0,good,diesel,other,4wd,other,oh,white
36590,2018.0,lexus,7633.0,good,other,other,unknown,sedan,pa,white
20643,2019.0,honda,88826.0,unknown,gas,automatic,fwd,unknown,tx,black
38590,2019.0,toyota,12992.0,good,other,other,4wd,pickup,ny,black
18367,2015.0,chevrolet,123433.0,good,gas,automatic,unknown,pickup,nc,unknown
38990,2020.0,jaguar,10028.0,good,gas,other,unknown,other,ca,black
30996,2016.0,ford,82142.0,unknown,other,automatic,unknown,van,fl,white
14990,2016.0,kia,43223.0,good,gas,other,fwd,wagon,in,unknown
4000,2004.0,jeep,160000.0,good,gas,manual,4wd,SUV,nh,blue
35990,2019.0,tesla,31540.0,good,gas,other,rwd,sedan,la,white
5995,2010.0,ford,150000.0,good,gas,automatic,rwd,sedan,ks,blue
67999,2017.0,gmc,50501.0,unknown,diesel,automatic,4wd,truck,id,grey
11998,2014.0,ford,113802.0,unknown,gas,automatic,fwd,SUV,tx,unknown
16995,2012.0,chevrolet,100966.0,unknown,other,automatic,4wd,SUV,ca,white
25990,2017.0,lexus,9979.0,good,gas,other,fwd,sedan,ct,white
66999,2018.0,gmc,60828.0,unknown,diesel,automatic,4wd,truck,wa,black
18990,2015.0,lexus,110000.0,excellent,gas,automatic,fwd,SUV,ms,unknown
7995,2004.0,ram,121276.0,unknown,gas,automatic,unknown,unknown,mi,unknown
29421,2016.0,chevrolet,106000.0,unknown,gas,automatic,unknown,unknown,nc,unknown
39999,2017.0,toyota,49956.0,unknown,gas,automatic,4wd,truck,wa,white
14577,1999.0,porsche,53422.0,unknown,gas,manual,unknown,convertible,ca,unknown
6500,2010.0,nissan,120652.0,excellent,gas,automatic,fwd,hatchback,ny,blue
26891,2013.0,porsche,73054.0,unknown,gas,automatic,4wd,SUV,hi,unknown
19400,1996.0,ram,266000.0,good,diesel,automatic,unknown,unknown,az,unknown
31900,2015.0,chevrolet,143000.0,unknown,gas,automatic,unknown,unknown,tn,unknown
26975,2013.0,chevrolet,105000.0,excellent,gas,automatic,4wd,SUV,ia,red
19000,2010.0,gmc,131500.0,like new,gas,automatic,4wd,truck,mt,white
22950,2012.0,gmc,134976.0,excellent,other,automatic,4wd,pickup,ct,white
4995,2001.0,chevrolet,209500.0,unknown,diesel,automatic,unknown,unknown,fl,unknown
26894,2018.0,mercedes-benz,53921.0,excellent,gas,other,4wd,sedan,or,unknown
8500,2014.0,chevrolet,205000.0,excellent,gas,automatic,4wd,SUV,nj,black
28512,2019.0,nissan,39921.0,unknown,gas,automatic,4wd,pickup,tx,silver
14495,2018.0,toyota,36972.0,excellent,gas,other,fwd,sedan,vt,white
1700,2006.0,honda,1.0,unknown,gas,automatic,unknown,mini-van,il,unknown
39999,2016.0,ram,111624.0,unknown,diesel,automatic,unknown,unknown,tx,unknown
16590,2015.0,toyota,62363.0,good,hybrid,other,fwd,hatchback,ok,unknown
7995,2007.0,toyota,134784.0,excellent,gas,automatic,4wd,SUV,ny,silver
7990,2003.0,gmc,163000.0,unknown,gas,automatic,unknown,pickup,mn,black
38999,2016.0,chevrolet,90685.0,unknown,gas,automatic,4wd,SUV,wa,white
15990,2010.0,acura,88542.0,good,gas,other,fwd,sedan,ny,unknown
30900,2015.0,gmc,132155.0,unknown,gas,automatic,unknown,SUV,sd,unknown
17372,2013.0,infiniti,48888.0,unknown,gas,automatic,4wd,sedan,oh,black
7995,2007.0,gmc,146775.0,unknown,gas,automatic,unknown,unknown,mi,unknown
26500,2014.0,jeep,76000.0,excellent,gas,automatic,4wd,SUV,mt,unknown
4000,2002.0,toyota,231000.0,fair,gas,automatic,unknown,SUV,nj,white
29950,2018.0,alfa-romeo,396541.0,unknown,gas,automatic,unknown,unknown,wi,unknown
6995,2014.0,chevrolet,128000.0,excellent,gas,automatic,fwd,sedan,nh,unknown
19200,2016.0,ford,291000.0,unknown,gas,automatic,unknown,unknown,ca,unknown
8990,2006.0,infiniti,133130.0,good,gas,automatic,fwd,sedan,al,black
35900,2012.0,gmc,163000.0,excellent,diesel,automatic,4wd,truck,va,red
4866,2008.0,chevrolet,130927.0,unknown,gas,automatic,fwd,SUV,id,black
8500,2003.0,ford,205000.0,unknown,gas,automatic,unknown,unknown,va,unknown
14725,2013.0,cadillac,96181.0,excellent,gas,automatic,4wd,SUV,mi,unknown
28900,2003.0,ford,86000.0,unknown,diesel,automatic,unknown,unknown,ia,unknown
27871,2017.0,gmc,27801.0,unknown,gas,automatic,4wd,SUV,id,grey
33998,2007.0,chevrolet,137455.0,unknown,diesel,automatic,rwd,truck,va,unknown
3995,2005.0,dodge,230009.0,unknown,gas,automatic,unknown,unknown,tx,unknown
34990,2019.0,ram,34139.0,good,gas,other,unknown,pickup,nm,white
43990,2013.0,chevrolet,7803.0,good,gas,other,rwd,coupe,mi,black
7950,2013.0,dodge,113161.0,unknown,gas,automatic,fwd,mini-van,il,black
6500,2010.0,honda,216000.0,unknown,gas,automatic,unknown,unknown,ms,unknown
14900,2017.0,honda,92175.0,unknown,gas,automatic,4wd,SUV,ct,unknown
15800,2006.0,lexus,135000.0,excellent,gas,automatic,rwd,convertible,fl,silver
24590,2017.0,jaguar,27623.0,good,other,automatic,rwd,sedan,nv,black
20990,2019.0,kia,12876.0,good,gas,other,fwd,wagon,tx,silver
1500,2014.0,mercedes-benz,62000.0,like new,gas,automatic,4wd,sedan,ca,black
33300,2017.0,nissan,26000.0,excellent,gas,automatic,4wd,pickup,tn,black
12995,2013.0,honda,160800.0,excellent,gas,automatic,4wd,SUV,id,black
34000,2018.0,mercedes-benz,39670.0,excellent,gas,automatic,4wd,SUV,nm,black
22590,2014.0,audi,33001.0,good,other,automatic,unknown,SUV,ar,black
19900,1995.0,mercedes-benz,25000.0,unknown,gas,automatic,unknown,unknown,in,unknown
51990,2013.0,ram,129633.0,good,diesel,other,rwd,truck,ky,white
41590,2019.0,dodge,4212.0,good,gas,other,rwd,sedan,nm,white
7777,2005.0,ford,77231.0,unknown,gas,automatic,rwd,SUV,ny,brown
5900,2005.0,volkswagen,138000.0,unknown,gas,automatic,unknown,unknown,mi,unknown
5998,2006.0,toyota,161000.0,excellent,gas,automatic,fwd,unknown,ok,silver
58990,2018.0,chevrolet,22177.0,excellent,gas,automatic,rwd,unknown,ca,silver
8500,2005.0,bmw,152563.0,excellent,gas,other,rwd,coupe,ca,unknown
8995,2007.0,lexus,172700.0,excellent,gas,automatic,4wd,SUV,ny,blue
3995,2001.0,volkswagen,180530.0,good,diesel,manual,unknown,unknown,ca,yellow
35995,2019.0,dodge,44355.0,unknown,gas,automatic,rwd,unknown,il,black
9999,2014.0,mazda,72000.0,like new,gas,automatic,fwd,unknown,ny,black
18926,2018.0,nissan,83935.0,unknown,gas,automatic,fwd,SUV,fl,silver
6900,2011.0,ford,159000.0,good,gas,automatic,fwd,SUV,pa,grey
14950,2015.0,ford,94557.0,good,gas,automatic,fwd,van,nc,white
5995,2000.0,chevrolet,192736.0,excellent,gas,automatic,4wd,truck,co,unknown
3000,2009.0,mazda,213769.0,excellent,gas,manual,fwd,unknown,ma,unknown
8712,2011.0,kia,99256.0,unknown,gas,automatic,fwd,SUV,tx,white
13422,2014.0,bmw,108164.0,unknown,gas,automatic,unknown,other,pa,black
25900,2017.0,toyota,30656.0,unknown,gas,automatic,unknown,SUV,ky,blue
3999,2001.0,hyundai,69000.0,excellent,gas,automatic,unknown,sedan,ca,unknown
28590,2010.0,chevrolet,16903.0,good,gas,other,rwd,coupe,oh,yellow
21995,2015.0,lexus,78000.0,like new,gas,automatic,4wd,SUV,il,black
18988,2011.0,gmc,107022.0,unknown,gas,automatic,unknown,unknown,ia,unknown
31400,2014.0,ford,62500.0,excellent,gas,automatic,unknown,unknown,mi,unknown
8777,2012.0,ford,49229.0,unknown,gas,automatic,unknown,sedan,oh,black
4995,2006.0,chevrolet,132000.0,unknown,gas,automatic,4wd,unknown,oh,grey
23950,2010.0,ford,84929.0,like new,gas,automatic,4wd,pickup,fl,black
33990,2013.0,gmc,34413.0,good,other,other,4wd,pickup,wv,red
18995,2011.0,chevrolet,101521.0,excellent,gas,automatic,4wd,SUV,oh,white
24590,2018.0,volkswagen,15028.0,good,other,other,fwd,sedan,ca,black
7800,2008.0,gmc,136349.0,excellent,gas,automatic,fwd,unknown,mn,black
18988,2010.0,toyota,71734.0,unknown,gas,automatic,4wd,truck,md,silver
12497,2018.0,subaru,110688.0,excellent,gas,automatic,4wd,sedan,ma,black
9995,2003.0,chevrolet,146624.0,unknown,gas,automatic,unknown,unknown,ny,unknown
24995,2015.0,gmc,114722.0,excellent,gas,automatic,rwd,unknown,az,unknown
4499,2005.0,buick,50000.0,good,gas,automatic,fwd,sedan,oh,blue
23995,2018.0,toyota,11305.0,unknown,gas,automatic,fwd,SUV,nv,black
7477,2005.0,chevrolet,219687.0,unknown,gas,automatic,unknown,unknown,co,silver
17998,2015.0,subaru,31807.0,excellent,gas,automatic,4wd,SUV,oh,unknown
10995,2009.0,ford,140506.0,like new,gas,automatic,unknown,unknown,ca,unknown
3300,2007.0,chevrolet,140000.0,good,gas,automatic,4wd,SUV,mi,red
18995,2008.0,chevrolet,114897.0,unknown,gas,automatic,4wd,unknown,ks,unknown
16900,2004.0,ford,85500.0,unknown,diesel,automatic,unknown,unknown,mo,unknown
3300,1994.0,cadillac,128438.0,excellent,gas,automatic,rwd,sedan,co,white
36590,2020.0,rover,6430.0,good,gas,automatic,unknown,SUV,il,white
10999,1999.0,chevrolet,147614.0,unknown,gas,automatic,rwd,van,wa,white
9995,2016.0,mazda,120000.0,unknown,gas,automatic,fwd,sedan,ca,unknown
38499,2019.0,toyota,11719.0,like new,gas,automatic,4wd,unknown,wa,unknown
2500,2002.0,chevrolet,107500.0,fair,gas,automatic,4wd,truck,ny,grey
14794,2013.0,subaru,121523.0,unknown,gas,automatic,unknown,wagon,or,white
9800,2011.0,honda,218600.0,excellent,gas,automatic,fwd,mini-van,ga,red
5500,2008.0,honda,148861.0,unknown,gas,automatic,unknown,other,ks,grey
6400,2007.0,toyota,184332.0,like new,gas,automatic,4wd,SUV,nc,unknown
18590,2016.0,mitsubishi,29430.0,good,other,other,unknown,SUV,wi,white
14995,2005.0,ford,58000.0,unknown,gas,automatic,unknown,unknown,pa,unknown
12688,2018.0,nissan,49032.0,good,gas,automatic,fwd,sedan,ca,unknown
21997,2008.0,ford,159700.0,excellent,diesel,automatic,4wd,truck,ok,white
13980,2009.0,ford,107950.0,unknown,gas,automatic,rwd,other,tx,white
16295,2017.0,jeep,50707.0,like new,gas,automatic,4wd,SUV,oh,custom
32822,2020.0,ford,12407.0,unknown,gas,automatic,unknown,unknown,il,unknown
17988,2007.0,chevrolet,96000.0,excellent,gas,automatic,4wd,truck,ia,red
32900,2019.0,ford,16524.0,like new,gas,automatic,rwd,van,ga,white
3999,2008.0,hyundai,111000.0,good,gas,automatic,fwd,sedan,ny,silver
16990,2018.0,kia,19304.0,good,gas,other,fwd,sedan,nj,blue
31990,2017.0,bmw,19366.0,good,gas,automatic,rwd,sedan,ma,red
39990,2020.0,ram,6841.0,good,gas,automatic,4wd,pickup,va,unknown
9500,2011.0,honda,98000.0,excellent,gas,automatic,fwd,mini-van,ny,black
36881,2020.0,ford,8000.0,unknown,gas,automatic,rwd,SUV,tx,black
32999,2018.0,ram,39012.0,unknown,gas,automatic,4wd,truck,id,grey
13950,2004.0,jeep,117000.0,excellent,gas,manual,4wd,unknown,ma,silver
8900,2006.0,ford,179000.0,unknown,gas,automatic,unknown,unknown,wi,unknown
2700,2004.0,honda,147000.0,excellent,gas,automatic,unknown,sedan,fl,green
29990,2013.0,tesla,59613.0,good,electric,other,rwd,sedan,ca,blue
22590,2020.0,buick,5144.0,good,other,other,unknown,SUV,fl,red
19990,2019.0,mitsubishi,35313.0,good,gas,other,4wd,hatchback,ri,white
30590,2019.0,mini,21246.0,good,gas,automatic,unknown,hatchback,nh,unknown
10700,2014.0,toyota,162687.0,excellent,diesel,automatic,fwd,sedan,ga,white
1250,1998.0,ford,160000.0,good,gas,automatic,unknown,unknown,fl,unknown
3000,2003.0,chevrolet,173000.0,good,gas,automatic,4wd,unknown,mn,unknown
16699,2015.0,chrysler,61772.0,unknown,gas,automatic,4wd,sedan,co,silver
42891,2020.0,ford,13.0,unknown,gas,automatic,unknown,unknown,fl,unknown
22990,2016.0,ford,181410.0,good,gas,automatic,rwd,truck,sc,white
6995,2012.0,chevrolet,155787.0,excellent,gas,automatic,fwd,sedan,ks,black
12995,2014.0,ford,79939.0,unknown,gas,automatic,fwd,sedan,ma,black
7980,2011.0,ford,111987.0,excellent,gas,automatic,fwd,sedan,ks,black
16995,2014.0,ford,84787.0,like new,gas,automatic,4wd,SUV,nd,red
34000,2012.0,toyota,121200.0,good,gas,manual,4wd,unknown,ca,white
27990,2016.0,jeep,99288.0,excellent,gas,automatic,4wd,unknown,tx,unknown
19400,2017.0,audi,67000.0,good,gas,automatic,4wd,sedan,ri,silver
9900,2011.0,chevrolet,74968.0,good,gas,automatic,fwd,sedan,mo,silver
9880,2013.0,nissan,76924.0,unknown,gas,automatic,fwd,sedan,la,red
26999,2008.0,chevrolet,97693.0,unknown,gas,automatic,4wd,truck,mt,unknown
7999,2005.0,ford,120994.0,excellent,gas,automatic,rwd,pickup,ca,white
11985,2014.0,nissan,80752.0,excellent,gas,automatic,fwd,sedan,ca,white
6800,2006.0,nissan,130800.0,good,gas,manual,rwd,pickup,ca,unknown
3299,2002.0,ford,249302.0,unknown,gas,automatic,fwd,unknown,al,white
16888,2015.0,honda,111021.0,unknown,gas,automatic,4wd,SUV,tx,silver
25590,2017.0,acura,33671.0,good,gas,automatic,unknown,SUV,fl,unknown
19990,2020.0,mitsubishi,11103.0,good,other,other,unknown,hatchback,fl,orange
17995,2012.0,ford,97316.0,unknown,gas,manual,rwd,coupe,in,black
8900,2008.0,mercedes-benz,105000.0,unknown,gas,automatic,unknown,unknown,mi,unknown
15998,2018.0,kia,25923.0,excellent,gas,automatic,fwd,wagon,ma,white
13500,2017.0,kia,46920.0,like new,electric,automatic,fwd,wagon,ca,white
14990,2013.0,fiat,31207.0,good,gas,other,fwd,hatchback,wi,unknown
7749,2012.0,jeep,154021.0,good,other,automatic,4wd,other,mi,blue
25990,2020.0,gmc,3282.0,good,gas,other,fwd,other,mn,unknown
5995,2009.0,mazda,161608.0,good,gas,automatic,4wd,SUV,co,blue
8900,2012.0,chevrolet,207000.0,excellent,gas,automatic,4wd,truck,ny,blue
64995,2020.0,toyota,139.0,new,gas,automatic,unknown,unknown,nh,red
29488,2019.0,nissan,33585.0,unknown,gas,automatic,rwd,van,md,white
29990,2019.0,volkswagen,15471.0,good,gas,other,unknown,other,nm,red
6995,2006.0,mazda,126391.0,good,gas,automatic,fwd,hatchback,id,grey
13900,2013.0,bmw,124000.0,excellent,gas,automatic,4wd,sedan,nc,blue
17999,2012.0,chevrolet,119499.0,unknown,gas,automatic,unknown,other,tx,red
27900,2019.0,dodge,34583.0,unknown,gas,automatic,rwd,sedan,tx,unknown
33990,2020.0,jeep,9859.0,good,gas,other,4wd,other,ma,unknown
13950,2019.0,ford,30000.0,excellent,gas,automatic,fwd,sedan,ia,white
28000,2014.0,ford,67120.0,excellent,gas,automatic,4wd,pickup,ky,grey
18995,2010.0,toyota,146000.0,excellent,gas,automatic,4wd,pickup,ma,black
17990,2015.0,volkswagen,51482.0,good,diesel,other,fwd,sedan,ca,white
26900,2004.0,chevrolet,18000.0,excellent,gas,automatic,rwd,convertible,sc,yellow
14990,2015.0,toyota,31609.0,unknown,gas,automatic,fwd,sedan,vt,black
4800,2009.0,mazda,120000.0,good,gas,automatic,fwd,SUV,ca,black
13995,2011.0,acura,64425.0,excellent,gas,automatic,4wd,SUV,mi,unknown
4100,2009.0,volkswagen,200793.0,good,gas,automatic,fwd,sedan,mo,red
34990,2016.0,gmc,34425.0,good,gas,other,4wd,pickup,ca,red
35985,2019.0,jeep,7116.0,unknown,gas,automatic,4wd,SUV,id,silver
4200,2006.0,toyota,160654.0,good,hybrid,automatic,unknown,unknown,va,white
4500,2011.0,ford,167870.0,unknown,gas,automatic,fwd,sedan,al,blue
8495,2011.0,dodge,138000.0,unknown,gas,automatic,unknown,unknown,mn,unknown
6495,2011.0,hyundai,108648.0,excellent,gas,automatic,fwd,sedan,va,black
31590,2018.0,rover,42338.0,good,gas,other,4wd,other,az,black
34590,2020.0,alfa-romeo,2498.0,good,other,other,rwd,sedan,ca,black
7674,2010.0,kia,115482.0,unknown,gas,automatic,unknown,SUV,id,unknown
4850,2008.0,chrysler,147500.0,excellent,gas,automatic,fwd,mini-van,ny,black
14995,2009.0,nissan,135888.0,good,gas,automatic,4wd,truck,id,silver
21900,2013.0,jeep,134475.0,unknown,gas,automatic,4wd,SUV,pa,white
37980,2017.0,ram,43481.0,unknown,gas,automatic,4wd,truck,id,grey
44800,2017.0,mercedes-benz,20577.0,unknown,gas,automatic,rwd,sedan,tx,black
14950,2013.0,ford,171000.0,excellent,gas,automatic,rwd,truck,nc,white
19590,2018.0,jeep,19728.0,good,other,other,unknown,other,ga,black
16995,2014.0,ram,154916.0,unknown,gas,automatic,unknown,unknown,mi,unknown
59900,2014.0,ford,156000.0,unknown,diesel,automatic,unknown,unknown,wi,unknown
1500,2006.0,dodge,176825.0,fair,gas,automatic,rwd,sedan,ca,red
12995,2016.0,buick,99932.0,unknown,gas,automatic,unknown,SUV,fl,custom
34995,2011.0,ford,149291.0,like new,diesel,automatic,unknown,unknown,fl,unknown
15590,2016.0,chevrolet,7076.0,good,gas,automatic,fwd,sedan,fl,blue
4199,2005.0,volkswagen,139167.0,excellent,gas,automatic,fwd,sedan,or,silver
19389,2019.0,honda,19323.0,unknown,gas,automatic,fwd,sedan,nc,red
39995,2014.0,ram,169500.0,good,diesel,automatic,4wd,truck,mi,white
21990,2015.0,bmw,40891.0,good,gas,other,unknown,SUV,ca,unknown
39990,2020.0,lincoln,7469.0,good,gas,other,fwd,other,nj,blue
800,2003.0,acura,102000.0,unknown,gas,automatic,unknown,unknown,ky,unknown
560,2017.0,gmc,58970.0,unknown,gas,automatic,4wd,truck,wa,unknown
29999,2020.0,ford,16276.0,unknown,gas,automatic,4wd,SUV,wa,custom
10900,2013.0,ford,138611.0,unknown,gas,automatic,unknown,sedan,ak,black
16998,2010.0,rover,140429.0,excellent,gas,automatic,4wd,SUV,ca,black
11995,2014.0,chevrolet,156000.0,like new,gas,automatic,fwd,sedan,mi,black
7995,2013.0,kia,93629.0,good,gas,automatic,fwd,SUV,ia,silver
28063,2018.0,chevrolet,70819.0,unknown,gas,automatic,unknown,unknown,mo,unknown
12999,2015.0,jeep,100679.0,excellent,gas,automatic,4wd,SUV,pa,unknown
1500,2005.0,ford,154199.0,unknown,gas,automatic,4wd,unknown,co,red
9500,2003.0,toyota,235000.0,unknown,gas,automatic,rwd,unknown,ga,unknown
4200,2007.0,mitsubishi,150000.0,good,gas,automatic,fwd,SUV,nc,silver
12923,2019.0,hyundai,38370.0,excellent,gas,automatic,unknown,sedan,nc,red
24959,2017.0,mercedes-benz,37031.0,unknown,gas,automatic,fwd,sedan,tn,black
3200,2001.0,chevrolet,89000.0,unknown,gas,automatic,unknown,unknown,tx,unknown
8875,2010.0,honda,164000.0,excellent,gas,automatic,unknown,unknown,tx,unknown
14998,2015.0,mercedes-benz,26803.0,unknown,electric,automatic,fwd,SUV,tn,blue
40990,2017.0,jeep,30092.0,good,other,other,4wd,other,fl,black
44769,2020.0,gmc,24997.0,unknown,gas,automatic,4wd,truck,mi,white
39590,2020.0,ford,1419.0,good,gas,other,rwd,coupe,ok,white
52900,2015.0,ford,106000.0,excellent,diesel,automatic,4wd,truck,tn,white
10995,2011.0,mercedes-benz,117607.0,excellent,gas,automatic,4wd,SUV,in,black
31900,2015.0,chevrolet,143000.0,unknown,gas,automatic,unknown,unknown,al,unknown
6900,2010.0,toyota,181775.0,unknown,gas,automatic,unknown,unknown,fl,unknown
38885,2016.0,chevrolet,151913.0,unknown,diesel,automatic,unknown,unknown,ar,unknown
15995,2018.0,chevrolet,55317.0,excellent,gas,automatic,4wd,SUV,ia,blue
25995,2013.0,ford,123744.0,good,gas,automatic,4wd,truck,ky,black
13950,2008.0,mercedes-benz,94401.0,excellent,gas,automatic,unknown,unknown,ca,unknown
9995,2009.0,ford,77000.0,excellent,gas,automatic,rwd,sedan,ri,black
38590,2020.0,jaguar,1372.0,good,other,other,unknown,SUV,ny,black
17590,2015.0,volvo,63512.0,good,gas,automatic,unknown,sedan,ny,blue
21800,2018.0,ford,143603.0,unknown,gas,automatic,4wd,unknown,ms,silver
45989,2017.0,cadillac,26886.0,unknown,gas,automatic,rwd,sedan,tn,grey
35988,2015.0,chevrolet,1.0,unknown,gas,automatic,unknown,unknown,nc,unknown
33995,2013.0,ford,113021.0,unknown,diesel,automatic,rwd,pickup,ca,white
6375,2008.0,subaru,160968.0,unknown,gas,automatic,unknown,wagon,wa,brown
1000,2006.0,honda,90000.0,unknown,gas,automatic,unknown,unknown,fl,unknown
13901,2012.0,hyundai,70948.0,excellent,gas,automatic,rwd,sedan,ok,custom
7990,2013.0,chevrolet,112893.0,unknown,gas,automatic,unknown,sedan,or,black
18590,2016.0,buick,33981.0,good,gas,other,unknown,sedan,ny,silver
19495,2014.0,dodge,109297.0,unknown,gas,automatic,unknown,SUV,ct,unknown
21900,2012.0,ford,162648.0,like new,gas,automatic,unknown,unknown,tx,unknown
19995,2014.0,jeep,35000.0,unknown,gas,manual,4wd,SUV,ma,red
9750,1995.0,chevrolet,12086.0,unknown,gas,automatic,unknown,unknown,nc,unknown
18999,2019.0,chevrolet,17321.0,unknown,gas,other,fwd,sedan,ak,red
14961,2015.0,honda,50806.0,unknown,gas,automatic,fwd,other,or,black
5996,2009.0,honda,142523.0,good,gas,automatic,fwd,sedan,vt,silver
25590,2018.0,cadillac,16102.0,good,other,other,unknown,sedan,az,black
37990,2019.0,toyota,45882.0,good,gas,other,unknown,SUV,fl,unknown
24950,2016.0,gmc,116000.0,good,gas,automatic,rwd,unknown,ks,yellow
10000,2014.0,dodge,161372.0,good,gas,other,unknown,SUV,fl,blue
19733,2015.0,ford,75045.0,good,gas,automatic,rwd,van,wi,red
29990,2019.0,ford,14077.0,good,other,other,unknown,pickup,tx,white
26990,2017.0,nissan,34365.0,good,gas,other,unknown,pickup,nc,silver
18489,2015.0,honda,62852.0,good,other,automatic,unknown,other,ma,white
8950,2015.0,kia,38000.0,excellent,gas,manual,fwd,hatchback,dc,white
20000,1999.0,ford,64000.0,good,gas,automatic,4wd,unknown,az,unknown
1499,2009.0,nissan,125000.0,unknown,gas,automatic,unknown,unknown,az,unknown
1700,1996.0,honda,200000.0,good,gas,automatic,fwd,other,id,black
7900,2013.0,hyundai,80000.0,excellent,gas,automatic,fwd,sedan,ia,unknown
2900,2004.0,chevrolet,121000.0,excellent,gas,automatic,unknown,coupe,fl,brown
21999,2017.0,ford,118105.0,unknown,gas,automatic,rwd,unknown,mn,white
20590,2014.0,bmw,59476.0,good,gas,other,rwd,coupe,ca,black
14915,2015.0,chevrolet,81537.0,unknown,gas,automatic,fwd,SUV,tx,custom
52590,2015.0,chevrolet,9740.0,good,gas,other,rwd,convertible,mi,unknown
49590,2020.0,gmc,21930.0,good,other,other,unknown,SUV,ct,black
20997,2012.0,chevrolet,149006.0,excellent,gas,automatic,4wd,pickup,ny,black
41990,2016.0,chevrolet,157856.0,unknown,diesel,automatic,4wd,pickup,nh,unknown
24900,2014.0,ram,106252.0,good,gas,automatic,4wd,unknown,pa,brown
12990,2007.0,lexus,69291.0,unknown,gas,automatic,fwd,sedan,hi,black
4900,2006.0,nissan,145000.0,good,gas,automatic,unknown,unknown,ga,unknown
28998,2018.0,jeep,20946.0,unknown,gas,automatic,unknown,unknown,id,unknown
12995,2013.0,chrysler,61630.0,excellent,gas,automatic,fwd,sedan,ma,silver
20183,2018.0,kia,54029.0,unknown,gas,automatic,unknown,unknown,mo,unknown
37990,2019.0,ford,16757.0,good,other,other,unknown,pickup,mi,black
38990,2017.0,jeep,20676.0,good,gas,other,4wd,other,tx,red
8500,2013.0,hyundai,110000.0,unknown,gas,automatic,unknown,sedan,il,silver
4000,2007.0,ford,225570.0,fair,gas,automatic,rwd,pickup,tx,green
20590,2015.0,volkswagen,43470.0,good,gas,automatic,fwd,convertible,ri,black
30590,2018.0,audi,22574.0,good,gas,other,unknown,SUV,ga,silver
6750,2007.0,honda,181527.0,unknown,gas,automatic,fwd,SUV,va,green
5500,2008.0,toyota,117900.0,excellent,gas,automatic,fwd,sedan,dc,unknown
15590,2016.0,chevrolet,45387.0,good,gas,other,fwd,sedan,ny,white
10995,2013.0,kia,87777.0,excellent,gas,automatic,fwd,sedan,vt,brown
23980,2012.0,chevrolet,43858.0,unknown,gas,automatic,unknown,other,ca,unknown
4495,2004.0,toyota,63659.0,unknown,gas,automatic,fwd,sedan,ny,silver
4500,2006.0,nissan,226500.0,good,gas,automatic,unknown,SUV,tn,blue
11980,2013.0,volkswagen,79700.0,excellent,gas,automatic,fwd,coupe,fl,grey
24995,2011.0,ford,135750.0,good,gas,automatic,4wd,truck,mi,blue
9990,2010.0,mazda,76194.0,good,gas,other,fwd,van,tn,black
3500,2008.0,chevrolet,186800.0,good,gas,automatic,fwd,sedan,oh,black
30888,2016.0,infiniti,13612.0,unknown,gas,automatic,unknown,SUV,wa,unknown
8995,2013.0,nissan,145675.0,unknown,gas,automatic,fwd,sedan,pa,brown
4250,2002.0,ford,184000.0,good,gas,automatic,rwd,pickup,ar,white
6750,2014.0,kia,112759.0,unknown,gas,manual,fwd,wagon,ca,white
23990,2018.0,acura,11237.0,good,other,other,unknown,sedan,fl,blue
17844,2014.0,ford,102665.0,unknown,gas,automatic,unknown,unknown,il,black
63995,2018.0,gmc,73019.0,unknown,diesel,automatic,4wd,unknown,id,silver
20888,2018.0,ford,45556.0,good,gas,other,unknown,other,nv,silver
16995,2017.0,nissan,82032.0,excellent,gas,automatic,4wd,SUV,vt,silver
38997,2018.0,toyota,95164.0,unknown,gas,automatic,4wd,SUV,or,unknown
7900,2014.0,jeep,107439.0,good,gas,automatic,4wd,SUV,in,silver
24995,2020.0,ford,4999.0,unknown,gas,automatic,fwd,unknown,nj,black
25500,2016.0,toyota,83109.0,excellent,gas,automatic,4wd,SUV,va,blue
27990,2014.0,toyota,17805.0,good,other,other,unknown,pickup,fl,red
8977,2008.0,ford,104379.0,excellent,gas,automatic,fwd,SUV,or,white
18999,2015.0,ford,85201.0,unknown,gas,automatic,unknown,coupe,nc,white
24600,2018.0,honda,24857.0,excellent,gas,automatic,fwd,sedan,ma,unknown
16590,2016.0,hyundai,39763.0,good,gas,other,fwd,sedan,wi,white
6991,2005.0,toyota,112794.0,unknown,hybrid,automatic,unknown,hatchback,wa,unknown
15990,2017.0,ford,48195.0,good,hybrid,other,fwd,wagon,oh,blue
5900,2010.0,honda,147000.0,unknown,gas,automatic,unknown,unknown,la,blue
6500,2008.0,nissan,108160.0,unknown,gas,automatic,rwd,SUV,fl,blue
5900,2011.0,ford,163982.0,unknown,gas,automatic,unknown,SUV,ok,white
3650,2007.0,hyundai,172964.0,unknown,other,automatic,unknown,unknown,ms,silver
14388,2019.0,chevrolet,11077.0,good,gas,automatic,fwd,hatchback,ca,red
20678,2014.0,toyota,95388.0,unknown,gas,automatic,fwd,SUV,al,custom
17995,2010.0,jeep,91393.0,unknown,gas,automatic,4wd,SUV,ca,silver
28586,2013.0,ford,91741.0,like new,gas,automatic,4wd,pickup,va,white
7999,2014.0,volkswagen,92049.0,good,gas,automatic,fwd,sedan,pa,blue
4995,2005.0,chevrolet,142200.0,good,gas,automatic,rwd,truck,oh,silver
30590,2020.0,chevrolet,17084.0,good,gas,other,unknown,pickup,tn,white
19990,2013.0,chevrolet,100981.0,good,gas,automatic,4wd,pickup,nd,silver
15590,2016.0,chevrolet,7076.0,good,gas,automatic,fwd,sedan,il,blue
4499,2004.0,honda,191643.0,good,gas,automatic,4wd,SUV,ga,grey
28990,2017.0,chevrolet,26288.0,good,gas,other,unknown,pickup,mn,white
25990,2016.0,gmc,104958.0,unknown,gas,automatic,4wd,pickup,nh,black
10900,2014.0,chrysler,180513.0,unknown,gas,automatic,unknown,sedan,ok,white
9500,2010.0,infiniti,143000.0,good,gas,automatic,unknown,unknown,co,unknown
20990,2017.0,chrysler,32293.0,good,gas,other,rwd,sedan,tn,black
30990,2014.0,mitsubishi,38722.0,good,other,other,unknown,sedan,ca,silver
11950,2018.0,ford,54708.0,like new,gas,automatic,fwd,hatchback,nm,white
21400,2014.0,gmc,122000.0,excellent,gas,automatic,rwd,SUV,ca,white
2188,2000.0,mercury,97867.0,like new,gas,automatic,fwd,sedan,mn,green
4981,2009.0,toyota,149242.0,good,gas,automatic,fwd,sedan,in,silver
49999,2018.0,bmw,49933.0,excellent,gas,other,unknown,sedan,fl,black
26987,2018.0,mazda,62667.0,good,gas,other,unknown,hatchback,wa,black
15998,2015.0,jeep,87521.0,unknown,gas,automatic,4wd,SUV,mt,unknown
22999,2020.0,kia,7538.0,unknown,gas,automatic,4wd,unknown,tn,red
8000,2015.0,hyundai,119000.0,excellent,gas,automatic,unknown,unknown,ca,unknown
7999,2014.0,hyundai,112920.0,unknown,gas,automatic,fwd,sedan,co,unknown
16300,2020.0,chevrolet,10188.0,excellent,gas,automatic,fwd,SUV,ks,silver
24888,1998.0,buick,155000.0,like new,gas,automatic,fwd,coupe,ct,white
2995,2003.0,chevrolet,211254.0,unknown,gas,automatic,unknown,unknown,mi,unknown
11000,2011.0,dodge,147409.0,unknown,gas,automatic,fwd,SUV,fl,white
17970,2018.0,chevrolet,79861.0,like new,gas,automatic,fwd,SUV,ca,black
15000,2018.0,honda,10000.0,unknown,gas,automatic,unknown,unknown,dc,unknown
13990,2014.0,ford,47003.0,excellent,gas,automatic,unknown,sedan,ca,unknown
6500,2009.0,toyota,153000.0,unknown,gas,automatic,fwd,sedan,ca,brown
6995,2001.0,gmc,221083.0,good,gas,automatic,rwd,truck,fl,white
34990,2018.0,bmw,39650.0,good,gas,other,rwd,other,ky,black
63957,2018.0,chevrolet,40747.0,unknown,diesel,automatic,4wd,unknown,mn,black
18495,2014.0,bmw,85708.0,excellent,gas,automatic,4wd,sedan,wi,white
35590,2018.0,gmc,19458.0,good,other,other,4wd,pickup,pa,black
1500,1993.0,bmw,199000.0,good,gas,automatic,rwd,sedan,fl,black
49628,2019.0,ford,46310.0,unknown,gas,automatic,4wd,pickup,mo,black
3600,2005.0,buick,193877.0,good,gas,automatic,4wd,SUV,nc,silver
37988,2017.0,mercedes-benz,13632.0,unknown,gas,automatic,4wd,SUV,or,unknown
28995,2009.0,lexus,121502.0,unknown,gas,automatic,4wd,wagon,ca,silver
4900,2005.0,nissan,130000.0,excellent,gas,automatic,unknown,sedan,ca,white
25995,2015.0,chevrolet,124913.0,unknown,gas,automatic,4wd,pickup,co,white
4800,2011.0,chevrolet,161000.0,unknown,gas,automatic,unknown,unknown,mi,unknown
9985,2014.0,hyundai,166387.0,excellent,gas,automatic,4wd,SUV,ca,white
25590,2016.0,bmw,70486.0,good,gas,other,rwd,sedan,in,unknown
11995,2017.0,ram,108795.0,unknown,gas,automatic,unknown,unknown,wi,unknown
9495,2009.0,toyota,122908.0,unknown,gas,automatic,fwd,sedan,fl,silver
500,2004.0,saturn,208117.0,fair,gas,automatic,fwd,SUV,mi,grey
8995,2006.0,ford,129530.0,unknown,gas,automatic,unknown,convertible,ca,red
39990,2018.0,ford,32143.0,good,gas,other,4wd,pickup,mi,blue
16299,2013.0,toyota,80547.0,unknown,gas,automatic,unknown,unknown,mn,red
5950,2001.0,gmc,194255.0,good,gas,automatic,4wd,SUV,id,white
4550,2006.0,honda,227041.0,excellent,gas,automatic,fwd,sedan,tx,unknown
21990,2018.0,subaru,18031.0,good,gas,other,unknown,hatchback,tx,unknown
9500,1991.0,chevrolet,111000.0,good,gas,automatic,unknown,pickup,ca,red
20997,2018.0,chevrolet,67708.0,excellent,gas,automatic,fwd,sedan,ca,white
22000,2017.0,lexus,67000.0,excellent,gas,automatic,4wd,coupe,ny,red
4900,2005.0,ford,161000.0,good,gas,manual,rwd,truck,il,grey
20777,2012.0,audi,74430.0,unknown,gas,automatic,unknown,SUV,ca,white
14999,2006.0,ford,205000.0,good,diesel,automatic,4wd,truck,nm,brown
18988,2016.0,mercedes-benz,61225.0,unknown,gas,automatic,rwd,sedan,md,black
9850,2010.0,ford,125161.0,good,gas,automatic,4wd,SUV,ia,brown
33647,2015.0,ford,153524.0,unknown,diesel,automatic,4wd,truck,nc,white
14120,2015.0,bmw,116530.0,excellent,gas,automatic,rwd,sedan,sc,silver
21990,2013.0,toyota,77018.0,good,other,other,unknown,pickup,ma,red
3000,1999.0,saturn,0.0,unknown,gas,automatic,fwd,unknown,sc,unknown
34990,2016.0,toyota,19938.0,good,gas,other,4wd,other,nj,unknown
32500,2017.0,chevrolet,74718.0,excellent,gas,automatic,4wd,truck,wa,unknown
29900,2011.0,ford,113006.0,good,gas,automatic,rwd,truck,ca,white
31999,2013.0,ford,74748.0,unknown,gas,automatic,4wd,truck,id,grey
25995,2015.0,ram,78264.0,excellent,gas,automatic,4wd,pickup,ma,brown
8750,2012.0,volkswagen,107000.0,excellent,gas,automatic,fwd,convertible,oh,brown
14998,2015.0,mercedes-benz,26803.0,unknown,electric,automatic,fwd,SUV,nc,blue
8300,2008.0,nissan,100000.0,new,gas,automatic,unknown,sedan,nj,black
34990,2018.0,jeep,26285.0,good,gas,other,4wd,other,ok,unknown
38590,2019.0,lexus,7896.0,good,gas,other,fwd,sedan,il,silver
47997,2018.0,toyota,38512.0,unknown,gas,automatic,4wd,SUV,or,black
8980,2009.0,chevrolet,182007.0,unknown,gas,automatic,4wd,SUV,id,grey
550,2001.0,bmw,190000.0,fair,gas,automatic,rwd,sedan,oh,black
1500,1999.0,chevrolet,257000.0,unknown,gas,automatic,unknown,unknown,pa,unknown
25990,2020.0,buick,4942.0,good,gas,other,unknown,SUV,ny,unknown
11997,2011.0,ford,160349.0,excellent,gas,automatic,rwd,bus,mi,white
9995,2008.0,mercedes-benz,161013.0,excellent,diesel,automatic,unknown,SUV,mi,unknown
30990,2015.0,chevrolet,128957.0,excellent,gas,automatic,4wd,SUV,mn,white
1000,2004.0,chevrolet,188000.0,like new,gas,automatic,unknown,unknown,tx,grey
10900,2016.0,jeep,94873.0,good,gas,automatic,fwd,SUV,or,black
2500,1994.0,ford,94686.0,good,gas,other,rwd,convertible,oh,red
29590,2019.0,alfa-romeo,60984.0,good,other,other,unknown,hatchback,va,black
29995,2016.0,ford,110235.0,good,gas,automatic,4wd,truck,fl,black
68367,2020.0,chevrolet,22670.0,unknown,diesel,automatic,4wd,pickup,ar,black
6999,2008.0,subaru,175903.0,unknown,gas,automatic,unknown,unknown,mn,white
15000,1997.0,ram,170000.0,like new,gas,automatic,4wd,truck,pa,white
40590,2019.0,ford,9313.0,good,other,other,4wd,pickup,ny,white
6999,2008.0,nissan,132029.0,excellent,gas,automatic,fwd,coupe,oh,unknown
9995,2010.0,toyota,126770.0,excellent,gas,automatic,4wd,SUV,mi,blue
39590,2018.0,lexus,33571.0,good,other,automatic,4wd,SUV,tn,black
20477,2015.0,jaguar,66683.0,unknown,gas,automatic,unknown,unknown,co,black
8995,2013.0,nissan,91513.0,unknown,gas,automatic,fwd,coupe,tn,red
7495,2014.0,ford,95506.0,unknown,other,automatic,unknown,hatchback,id,unknown
13988,2017.0,ram,152820.0,unknown,gas,automatic,rwd,pickup,ca,white
31750,2019.0,chevrolet,36551.0,unknown,gas,automatic,4wd,truck,mn,white
5900,2012.0,chevrolet,168000.0,good,gas,automatic,fwd,unknown,mi,black
32990,2017.0,chevrolet,36183.0,good,gas,other,4wd,pickup,tx,red
1500,2006.0,chevrolet,170000.0,good,gas,automatic,unknown,unknown,fl,unknown
14590,2012.0,kia,82307.0,good,other,other,fwd,SUV,mi,silver
38990,2020.0,cadillac,19715.0,good,gas,other,fwd,SUV,ga,brown
24995,2020.0,mini,30782.0,unknown,gas,automatic,unknown,SUV,il,unknown
31995,2013.0,ram,125107.0,unknown,other,automatic,4wd,pickup,ok,brown
40590,2018.0,bmw,64491.0,good,gas,manual,unknown,other,mo,black
14950,2015.0,dodge,124000.0,excellent,gas,automatic,4wd,unknown,pa,unknown
19677,2019.0,nissan,41979.0,unknown,gas,automatic,unknown,unknown,fl,unknown
17995,2011.0,toyota,142000.0,excellent,gas,automatic,4wd,pickup,me,red
20700,2015.0,ford,146162.0,excellent,gas,automatic,rwd,van,tn,white
4495,2008.0,saturn,182142.0,unknown,gas,automatic,unknown,unknown,mi,unknown
6495,2002.0,ford,152000.0,good,diesel,automatic,4wd,truck,pa,red
34500,2019.0,ford,7646.0,like new,gas,automatic,rwd,van,ky,white
24590,2013.0,chevrolet,72203.0,good,other,other,unknown,pickup,mi,white
2900,2013.0,nissan,202000.0,fair,gas,automatic,fwd,unknown,va,unknown
11695,2013.0,honda,146027.0,unknown,gas,automatic,fwd,sedan,ut,black
33990,2017.0,dodge,34020.0,good,gas,other,rwd,coupe,md,orange
4399,2008.0,honda,208000.0,good,gas,automatic,fwd,unknown,sd,black
30898,2020.0,toyota,32019.0,unknown,gas,automatic,4wd,SUV,id,white
29998,2012.0,ford,55067.0,excellent,gas,manual,rwd,coupe,oh,unknown
35990,2018.0,ford,20596.0,good,other,other,4wd,pickup,pa,blue
8700,2013.0,honda,151200.0,good,hybrid,automatic,unknown,sedan,sc,red
14950,2013.0,ford,84729.0,excellent,gas,automatic,4wd,SUV,id,black
26590,2018.0,nissan,40176.0,good,gas,other,fwd,pickup,oh,silver
37990,2012.0,gmc,131158.0,unknown,diesel,automatic,4wd,pickup,or,unknown
27950,2015.0,lexus,48000.0,excellent,gas,automatic,4wd,sedan,nh,silver
33888,2012.0,ford,151851.0,unknown,diesel,automatic,4wd,pickup,fl,unknown
29990,2018.0,toyota,14520.0,good,gas,other,unknown,other,ny,red
13900,2010.0,chevrolet,164000.0,unknown,gas,automatic,unknown,unknown,ks,unknown
5000,1993.0,ford,110000.0,unknown,gas,automatic,unknown,unknown,nc,unknown
5100,2010.0,subaru,137000.0,good,gas,automatic,unknown,unknown,ca,unknown
28995,2021.0,honda,696.0,like new,gas,automatic,fwd,sedan,az,white
6995,2008.0,chrysler,93667.0,unknown,gas,automatic,fwd,convertible,mi,white
14599,2014.0,nissan,83067.0,unknown,gas,automatic,fwd,sedan,ga,grey
45999,2020.0,buick,1558.0,unknown,gas,automatic,4wd,SUV,wa,silver
13997,2014.0,audi,115573.0,excellent,gas,automatic,4wd,wagon,ma,blue
13995,1990.0,toyota,146121.0,excellent,gas,manual,4wd,pickup,or,silver
5950,2008.0,honda,140522.0,good,gas,automatic,fwd,unknown,va,grey
30995,2016.0,ford,45118.0,good,gas,automatic,4wd,wagon,wi,black
56991,2018.0,ford,21578.0,unknown,gas,automatic,4wd,unknown,or,red
28200,2013.0,gmc,66300.0,excellent,gas,automatic,rwd,pickup,ca,white
66995,2019.0,chevrolet,23958.0,unknown,other,automatic,4wd,pickup,co,white
37988,2015.0,chevrolet,62465.0,like new,gas,automatic,4wd,unknown,tx,unknown
9000,2014.0,subaru,174250.0,good,gas,automatic,4wd,wagon,ny,blue
10990,2015.0,nissan,106479.0,excellent,gas,automatic,fwd,SUV,fl,silver
33500,2019.0,cadillac,46300.0,excellent,gas,automatic,unknown,SUV,nh,silver
5995,2011.0,hyundai,157974.0,good,gas,other,fwd,sedan,nj,red
9499,2014.0,chevrolet,83496.0,unknown,other,automatic,unknown,hatchback,ca,unknown
10999,2018.0,ford,11000.0,like new,gas,automatic,fwd,sedan,sc,blue
17500,2016.0,volkswagen,82000.0,good,gas,manual,fwd,hatchback,va,silver
4500,2003.0,bmw,58000.0,good,gas,automatic,rwd,convertible,nv,grey
5495,2008.0,saturn,116730.0,good,gas,automatic,fwd,sedan,mi,custom
37990,2020.0,ford,302.0,good,other,other,rwd,coupe,mo,white
5995,2013.0,dodge,147718.0,unknown,gas,automatic,unknown,unknown,mi,unknown
29990,2012.0,ford,42954.0,excellent,gas,automatic,unknown,pickup,ca,white
6995,2013.0,dodge,111837.0,excellent,gas,other,unknown,sedan,ca,unknown
7800,2005.0,chevrolet,145000.0,excellent,gas,automatic,4wd,truck,tx,white
5550,2004.0,chevrolet,157000.0,good,gas,automatic,4wd,SUV,pa,grey
7850,2003.0,toyota,217960.0,good,gas,manual,4wd,pickup,az,silver
16990,2018.0,hyundai,16930.0,good,gas,other,fwd,sedan,ca,white
15000,2005.0,lexus,105000.0,excellent,gas,automatic,unknown,convertible,az,white
9995,2009.0,gmc,161386.0,excellent,gas,automatic,rwd,unknown,tx,unknown
32590,2014.0,chevrolet,98015.0,good,other,other,4wd,pickup,al,white
18995,2017.0,volkswagen,17290.0,unknown,gas,automatic,unknown,unknown,nj,unknown
18865,2016.0,nissan,49577.0,unknown,gas,automatic,unknown,SUV,ca,blue
17500,2014.0,gmc,112512.0,like new,gas,automatic,rwd,van,ma,white
52999,2019.0,ford,9192.0,unknown,gas,automatic,4wd,truck,wa,custom
24000,2014.0,chevrolet,68000.0,fair,gas,automatic,4wd,truck,ny,brown
10998,2005.0,nissan,100245.0,unknown,gas,manual,fwd,convertible,ca,black
15950,1999.0,ram,256843.0,excellent,diesel,automatic,4wd,truck,ca,white
58995,2017.0,gmc,99470.0,unknown,diesel,automatic,4wd,unknown,nv,black
33995,2018.0,mercedes-benz,32413.0,excellent,gas,automatic,rwd,SUV,hi,white
7995,2013.0,subaru,127000.0,unknown,gas,automatic,unknown,unknown,vt,unknown
37990,2018.0,ram,26610.0,good,gas,automatic,4wd,pickup,ky,blue
12600,2008.0,gmc,97268.0,unknown,gas,automatic,4wd,truck,nj,blue
41990,2020.0,infiniti,13894.0,good,gas,other,unknown,hatchback,va,unknown
7999,2012.0,toyota,178496.0,excellent,gas,automatic,fwd,sedan,ca,silver
22990,2014.0,audi,39734.0,good,gas,automatic,unknown,wagon,ri,blue
19995,2015.0,ford,97100.0,unknown,gas,automatic,unknown,unknown,nc,unknown
10500,2012.0,mini,94893.0,excellent,gas,automatic,fwd,hatchback,az,brown
8495,2015.0,honda,144000.0,excellent,gas,automatic,fwd,sedan,ma,blue
37990,2016.0,chevrolet,9704.0,good,gas,other,rwd,coupe,mi,red
14995,2014.0,acura,62105.0,unknown,gas,automatic,unknown,SUV,ia,brown
2500,2007.0,gmc,123041.0,excellent,gas,automatic,unknown,SUV,tx,grey
27990,2018.0,alfa-romeo,16493.0,good,gas,other,unknown,hatchback,mo,blue
10995,2007.0,nissan,158148.0,excellent,gas,automatic,4wd,SUV,tn,grey
3500,2006.0,hyundai,181247.0,excellent,gas,automatic,fwd,unknown,fl,white
19500,2016.0,ford,27433.0,excellent,gas,automatic,fwd,sedan,in,red
24590,2013.0,gmc,80318.0,good,other,other,unknown,pickup,nm,unknown
23950,2017.0,ford,135831.0,unknown,gas,automatic,fwd,pickup,fl,unknown
5300,2012.0,ford,29274.0,unknown,gas,automatic,unknown,unknown,oh,unknown
23495,2014.0,gmc,143212.0,unknown,other,automatic,rwd,pickup,tx,unknown
7495,2010.0,nissan,140581.0,good,gas,automatic,rwd,SUV,az,silver
12995,2013.0,volvo,119000.0,unknown,gas,automatic,unknown,unknown,ri,unknown
6995,2013.0,ford,93000.0,excellent,gas,automatic,fwd,sedan,mi,black
900,2011.0,hyundai,200000.0,unknown,gas,automatic,unknown,unknown,mn,unknown
7800,2001.0,ford,196000.0,unknown,gas,automatic,unknown,unknown,ca,green
20500,2004.0,dodge,7839.0,excellent,gas,manual,fwd,sedan,wi,red
5500,2007.0,audi,1.0,unknown,gas,automatic,unknown,SUV,il,unknown
38950,2017.0,rover,65703.0,unknown,diesel,automatic,unknown,unknown,wi,unknown
9495,2009.0,subaru,136882.0,unknown,gas,manual,unknown,sedan,dc,unknown
8997,2001.0,volvo,108121.0,unknown,gas,automatic,4wd,wagon,or,unknown
2400,2007.0,subaru,201000.0,unknown,gas,automatic,unknown,unknown,oh,unknown
24990,2017.0,infiniti,28240.0,good,gas,other,unknown,hatchback,va,black
38990,2017.0,dodge,49739.0,good,gas,other,rwd,sedan,ga,black
4500,2008.0,chrysler,106000.0,excellent,gas,automatic,fwd,unknown,wa,white
35590,2018.0,gmc,19458.0,good,other,other,4wd,pickup,ny,black
13598,2018.0,nissan,24491.0,unknown,gas,automatic,fwd,unknown,nj,black
18998,2018.0,nissan,24371.0,unknown,gas,automatic,4wd,SUV,tn,black
8995,2013.0,nissan,60355.0,unknown,gas,automatic,fwd,sedan,wa,red
7300,1990.0,chevrolet,155000.0,excellent,gas,automatic,rwd,pickup,fl,unknown
13900,2012.0,chevrolet,200358.0,unknown,other,automatic,4wd,pickup,pa,white
12995,2016.0,chevrolet,61127.0,like new,gas,automatic,fwd,sedan,wy,silver
14995,2011.0,audi,65870.0,excellent,gas,automatic,4wd,sedan,or,silver
20265,2020.0,volkswagen,13200.0,new,gas,automatic,fwd,sedan,ar,white
10988,2013.0,hyundai,68926.0,like new,gas,automatic,unknown,unknown,ks,unknown
3995,2006.0,nissan,191763.0,good,gas,automatic,4wd,wagon,de,brown
48995,2015.0,ford,64417.0,unknown,diesel,automatic,4wd,unknown,ca,white
3500,2005.0,ford,150000.0,unknown,gas,automatic,unknown,unknown,fl,unknown
18950,2010.0,chrysler,83000.0,excellent,gas,automatic,fwd,mini-van,il,unknown
5995,2006.0,acura,176000.0,like new,gas,automatic,unknown,sedan,tx,unknown
17995,2013.0,mercedes-benz,127213.0,excellent,gas,automatic,4wd,sedan,ma,black
6995,2010.0,jeep,173000.0,unknown,gas,automatic,unknown,unknown,pa,unknown
4995,2006.0,buick,136000.0,excellent,gas,automatic,fwd,sedan,mn,grey
7999,2010.0,buick,117897.0,unknown,gas,automatic,unknown,SUV,nj,black
37616,2019.0,honda,19655.0,unknown,gas,automatic,4wd,SUV,ca,blue
33980,2019.0,lexus,31970.0,unknown,gas,automatic,4wd,sedan,ma,silver
1900,2006.0,buick,1.0,unknown,gas,automatic,fwd,other,wi,black
11600,2010.0,ford,84000.0,unknown,gas,automatic,4wd,unknown,tn,unknown
5850,2008.0,jeep,131000.0,unknown,gas,automatic,4wd,SUV,pa,unknown
31990,2020.0,mazda,2408.0,good,gas,other,rwd,other,al,white
12000,2010.0,chevrolet,189542.0,unknown,gas,automatic,4wd,SUV,nj,black
5500,2006.0,kia,142600.0,good,gas,automatic,fwd,mini-van,tn,unknown
15990,2013.0,subaru,90928.0,good,other,other,unknown,hatchback,pa,silver
11498,2012.0,bmw,103368.0,good,gas,automatic,rwd,sedan,ga,silver
24995,2018.0,dodge,39777.0,excellent,gas,automatic,unknown,unknown,tx,unknown
4000,2012.0,ford,154458.0,excellent,gas,automatic,4wd,SUV,tx,white
9900,2007.0,acura,117543.0,excellent,gas,automatic,4wd,SUV,ma,grey
16900,2009.0,chevrolet,195043.0,good,diesel,automatic,rwd,pickup,tx,white
8500,2013.0,ford,114217.0,excellent,gas,automatic,fwd,sedan,oh,black
19900,2016.0,ford,121846.0,excellent,gas,automatic,fwd,SUV,tn,white
13499,2012.0,toyota,120083.0,excellent,gas,automatic,fwd,mini-van,wv,unknown
19598,2015.0,mercedes-benz,103334.0,excellent,gas,automatic,4wd,SUV,id,grey
2400,2012.0,chevrolet,140000.0,good,gas,automatic,fwd,sedan,pa,red
21950,2013.0,chevrolet,97697.0,good,gas,automatic,4wd,truck,mi,blue
33981,2014.0,ford,72489.0,unknown,gas,automatic,4wd,pickup,tx,silver
12988,2016.0,jeep,129674.0,unknown,gas,automatic,4wd,hatchback,sc,white
3500,2005.0,mercury,144000.0,good,gas,automatic,unknown,unknown,il,unknown
1450,2012.0,nissan,120000.0,excellent,gas,automatic,unknown,sedan,oh,white
11998,2007.0,lexus,169194.0,unknown,gas,automatic,rwd,sedan,mt,unknown
28995,2014.0,ram,143307.0,unknown,gas,automatic,4wd,pickup,co,brown
2990,2004.0,chevrolet,254000.0,good,gas,automatic,4wd,SUV,mn,black
17250,2014.0,jeep,80879.0,unknown,gas,automatic,4wd,unknown,mn,black
2600,2003.0,lexus,200000.0,unknown,gas,automatic,unknown,unknown,tx,unknown
15995,2011.0,chevrolet,169437.0,excellent,gas,automatic,4wd,SUV,in,silver
41590,2020.0,jaguar,9344.0,good,gas,other,unknown,SUV,mo,red
3950,2003.0,honda,236890.0,excellent,gas,automatic,unknown,unknown,al,unknown
19990,2015.0,bmw,53715.0,unknown,gas,manual,unknown,sedan,md,unknown
25990,2019.0,ram,12302.0,good,gas,other,unknown,pickup,il,white
16487,2008.0,nissan,103165.0,good,gas,automatic,4wd,truck,wi,custom
9700,2002.0,ford,112000.0,excellent,gas,automatic,rwd,unknown,id,unknown
10999,2012.0,ford,109024.0,excellent,gas,automatic,fwd,unknown,ca,white
28991,2015.0,jeep,53556.0,unknown,gas,automatic,4wd,SUV,dc,black
10999,2013.0,chrysler,98616.0,unknown,other,automatic,fwd,van,or,custom
13948,2018.0,ford,31606.0,unknown,gas,automatic,unknown,unknown,fl,unknown
23999,2018.0,toyota,69426.0,unknown,gas,automatic,4wd,SUV,ca,red
28990,2018.0,jeep,22875.0,good,gas,other,4wd,other,fl,black
21590,2018.0,dodge,33426.0,good,gas,other,unknown,other,wi,white
14590,2012.0,bmw,80465.0,good,other,other,unknown,coupe,va,black
38990,2018.0,bmw,24040.0,good,gas,other,unknown,sedan,tx,silver
23590,2018.0,chrysler,19677.0,good,gas,other,unknown,sedan,sc,black
2499,2010.0,chevrolet,200000.0,unknown,gas,automatic,fwd,sedan,va,silver
32990,2020.0,hyundai,1343.0,good,gas,other,fwd,coupe,fl,red
9500,2009.0,gmc,180000.0,unknown,gas,automatic,4wd,unknown,co,unknown
36999,2017.0,gmc,147281.0,excellent,gas,automatic,4wd,pickup,co,white
25990,2014.0,chevrolet,82140.0,good,other,automatic,4wd,pickup,wi,black
4750,2003.0,toyota,173000.0,excellent,gas,manual,fwd,hatchback,oh,silver
7500,2012.0,honda,122000.0,fair,gas,automatic,fwd,sedan,ca,black
13889,2011.0,infiniti,90828.0,excellent,gas,automatic,rwd,SUV,fl,unknown
21995,2016.0,chrysler,51089.0,unknown,gas,automatic,unknown,unknown,vt,unknown
6900,2009.0,volkswagen,89000.0,excellent,gas,automatic,fwd,convertible,al,silver
44980,2019.0,chevrolet,10668.0,unknown,other,automatic,4wd,unknown,ia,unknown
12495,2001.0,ford,178000.0,unknown,diesel,automatic,rwd,unknown,nm,blue
32990,2020.0,jeep,20581.0,good,gas,other,4wd,SUV,sc,silver
19995,2011.0,subaru,115533.0,unknown,gas,manual,4wd,sedan,dc,white
22990,2013.0,ford,156146.0,excellent,gas,automatic,4wd,pickup,fl,blue
20000,1992.0,ram,147000.0,good,diesel,manual,fwd,pickup,sc,red
30595,2015.0,chevrolet,90500.0,unknown,gas,automatic,4wd,pickup,ks,unknown
13726,2015.0,dodge,68033.0,unknown,gas,automatic,fwd,SUV,wa,white
7995,2009.0,honda,192295.0,unknown,gas,automatic,unknown,other,ca,unknown
18753,2013.0,gmc,115232.0,excellent,gas,automatic,rwd,SUV,ar,unknown
7999,2011.0,chevrolet,106060.0,excellent,gas,automatic,fwd,sedan,ca,custom
16590,2019.0,hyundai,29475.0,good,gas,other,fwd,sedan,mn,white
42590,2020.0,ram,13086.0,good,other,other,unknown,pickup,ny,red
6890,2009.0,acura,224100.0,excellent,gas,automatic,4wd,SUV,sc,white
7488,2009.0,chrysler,140163.0,unknown,gas,automatic,unknown,unknown,ca,unknown
64977,2014.0,ram,43866.0,excellent,diesel,automatic,unknown,unknown,id,unknown
7400,2015.0,hyundai,140580.0,excellent,gas,automatic,fwd,sedan,va,silver
14653,2017.0,kia,47518.0,unknown,gas,automatic,fwd,hatchback,ar,unknown
10900,2011.0,gmc,162000.0,good,gas,automatic,4wd,unknown,mi,blue
23990,2015.0,cadillac,57304.0,good,other,other,fwd,SUV,va,unknown
11999,2007.0,mercedes-benz,95543.0,good,gas,automatic,rwd,sedan,wa,unknown
8995,2011.0,kia,131000.0,excellent,gas,automatic,fwd,SUV,in,black
79999,2021.0,jeep,128.0,unknown,gas,automatic,4wd,SUV,wa,black
32600,2018.0,jeep,53249.0,excellent,gas,automatic,4wd,SUV,mt,grey
29990,2015.0,ford,169564.0,good,diesel,automatic,4wd,unknown,vt,white
22999,2020.0,hyundai,38663.0,unknown,gas,automatic,4wd,SUV,ca,grey
66950,2018.0,ford,37413.0,unknown,gas,automatic,4wd,pickup,co,black
20000,2017.0,subaru,58000.0,unknown,gas,automatic,unknown,unknown,id,unknown
33990,2017.0,bmw,20713.0,good,other,other,rwd,coupe,pa,black
8995,2009.0,chevrolet,247596.0,excellent,gas,automatic,4wd,truck,ia,unknown
38995,2016.0,ford,154705.0,good,diesel,automatic,4wd,truck,mi,black
14444,2009.0,chevrolet,148871.0,good,other,automatic,rwd,other,ca,white
15999,2015.0,hyundai,43205.0,unknown,hybrid,automatic,fwd,sedan,or,white
5100,2004.0,mazda,90000.0,unknown,gas,manual,unknown,unknown,mn,unknown
12596,2012.0,nissan,59138.0,unknown,gas,automatic,fwd,sedan,fl,custom
4500,2011.0,gmc,192000.0,unknown,gas,automatic,unknown,unknown,mi,unknown
36590,2020.0,cadillac,11930.0,good,gas,other,unknown,sedan,in,red
16990,2020.0,kia,8511.0,good,other,other,unknown,sedan,ca,black
8500,2004.0,bmw,87627.0,unknown,gas,automatic,unknown,unknown,ny,unknown
8900,2014.0,chevrolet,159000.0,good,gas,automatic,fwd,unknown,oh,blue
10999,2012.0,honda,117233.0,good,gas,automatic,fwd,sedan,wa,black
6200,2009.0,chrysler,183269.0,unknown,gas,automatic,4wd,SUV,nj,unknown
14995,2010.0,ford,179429.0,excellent,gas,automatic,unknown,pickup,ga,red
69433,2020.0,ford,9802.0,like new,gas,automatic,4wd,van,va,silver
20590,2015.0,volkswagen,43470.0,good,gas,automatic,fwd,convertible,nm,black
5495,2009.0,ford,144458.0,unknown,gas,automatic,unknown,unknown,mi,unknown
4500,2009.0,toyota,220000.0,unknown,gas,automatic,unknown,unknown,tn,unknown
8500,2003.0,ford,188000.0,good,diesel,automatic,rwd,truck,fl,white
35999,2015.0,ford,100712.0,excellent,gas,automatic,4wd,pickup,co,white
63990,2016.0,chevrolet,32479.0,unknown,diesel,automatic,4wd,pickup,or,black
3500,2006.0,kia,199000.0,excellent,gas,automatic,fwd,unknown,nm,unknown
19990,2018.0,subaru,21184.0,good,other,automatic,unknown,sedan,fl,black
79980,2015.0,chevrolet,11208.0,unknown,diesel,automatic,4wd,truck,id,black
24590,2017.0,acura,36731.0,good,gas,automatic,unknown,SUV,ny,unknown
12500,2010.0,infiniti,194500.0,good,gas,automatic,4wd,SUV,ny,white
7495,2010.0,gmc,170000.0,unknown,gas,automatic,4wd,SUV,mo,unknown
23595,2015.0,gmc,164086.0,unknown,diesel,automatic,rwd,other,la,grey
6500,2010.0,ford,126000.0,good,gas,automatic,fwd,sedan,ne,blue
5000,2012.0,chevrolet,140114.0,good,gas,automatic,unknown,truck,ny,black
22590,2015.0,bmw,58793.0,good,other,automatic,rwd,sedan,ct,unknown
18840,2016.0,jeep,72657.0,excellent,gas,automatic,4wd,SUV,oh,unknown
33880,2020.0,acura,1124.0,unknown,gas,automatic,fwd,unknown,il,unknown
38990,2020.0,lincoln,4566.0,good,other,other,fwd,other,ga,silver
18990,2018.0,hyundai,16789.0,good,gas,other,fwd,sedan,ny,white
6500,2009.0,audi,128620.0,unknown,gas,automatic,4wd,unknown,ca,unknown
20789,2016.0,ram,105030.0,good,gas,automatic,rwd,truck,tn,white
20995,2014.0,ford,17317.0,like new,gas,automatic,fwd,mini-van,pa,white
16590,2009.0,infiniti,81993.0,good,gas,other,rwd,other,md,silver
25921,2015.0,ford,135801.0,excellent,gas,automatic,4wd,unknown,ok,unknown
12998,2014.0,dodge,103625.0,excellent,gas,automatic,rwd,sedan,ca,blue
10495,2012.0,honda,176239.0,like new,gas,automatic,4wd,SUV,ma,black
22990,2013.0,ford,71288.0,good,gas,other,unknown,pickup,tx,unknown
6500,2014.0,ford,102220.0,like new,gas,automatic,fwd,unknown,wi,red
13580,2014.0,ford,112489.0,unknown,gas,automatic,unknown,unknown,sc,unknown
41590,2020.0,audi,27160.0,good,gas,other,unknown,sedan,sc,black
24000,2015.0,ford,25850.0,unknown,gas,automatic,rwd,coupe,or,unknown
6890,2013.0,fiat,69405.0,good,gas,automatic,fwd,hatchback,ny,black
11995,2006.0,ford,146241.0,excellent,gas,manual,rwd,coupe,mn,silver
5900,2012.0,chevrolet,128000.0,good,gas,automatic,fwd,unknown,mi,white
25900,2008.0,chevrolet,57000.0,excellent,gas,automatic,rwd,convertible,nc,red
21950,2017.0,chevrolet,175124.0,good,gas,automatic,4wd,truck,oh,white
9999,2008.0,honda,182264.0,excellent,gas,manual,unknown,sedan,ca,unknown
32990,2015.0,ford,20832.0,good,gas,other,rwd,coupe,tx,silver
7800,2016.0,chevrolet,75200.0,unknown,gas,automatic,unknown,unknown,nc,unknown
4900,2007.0,cadillac,192938.0,good,gas,automatic,unknown,sedan,pa,unknown
39995,2017.0,jaguar,69439.0,unknown,gas,automatic,unknown,unknown,tx,brown
12000,2021.0,ford,5.0,new,gas,automatic,unknown,unknown,fl,unknown
20400,2011.0,ford,145197.0,unknown,gas,automatic,4wd,truck,co,blue
6800,2009.0,ford,211000.0,good,gas,automatic,fwd,SUV,ca,silver
42995,2018.0,nissan,12299.0,excellent,gas,automatic,4wd,truck,hi,silver
29590,2019.0,infiniti,14647.0,good,gas,other,rwd,sedan,wi,white
50000,2006.0,gmc,109400.0,good,diesel,automatic,4wd,unknown,or,unknown
49975,2019.0,chevrolet,19715.0,unknown,gas,automatic,unknown,unknown,ak,unknown
20995,2019.0,jeep,18020.0,unknown,gas,automatic,4wd,SUV,mt,unknown
26995,2014.0,chevrolet,90000.0,unknown,gas,automatic,unknown,unknown,nm,unknown
5500,1991.0,chevrolet,181256.0,unknown,gas,manual,fwd,pickup,ak,blue
10950,2013.0,nissan,123000.0,excellent,gas,automatic,fwd,unknown,ca,unknown
10988,2012.0,bmw,80858.0,excellent,gas,automatic,4wd,sedan,fl,silver
13000,1993.0,jeep,160000.0,good,gas,automatic,4wd,other,ca,red
27500,2014.0,ford,80000.0,unknown,gas,automatic,4wd,truck,vt,black
67981,2017.0,ford,49431.0,unknown,diesel,automatic,4wd,pickup,tx,white
10995,2010.0,infiniti,161480.0,unknown,gas,automatic,unknown,unknown,mi,unknown
12985,2010.0,ford,50407.0,unknown,gas,automatic,unknown,coupe,ny,red
10500,2014.0,chevrolet,78000.0,excellent,gas,automatic,fwd,sedan,il,black
999,2015.0,nissan,42000.0,unknown,gas,automatic,unknown,unknown,tx,unknown
2799,2008.0,ford,177000.0,unknown,gas,automatic,unknown,sedan,md,unknown
7995,2013.0,chevrolet,80324.0,excellent,gas,automatic,fwd,sedan,ny,custom
19990,2017.0,hyundai,29254.0,good,hybrid,manual,fwd,sedan,ca,white
22995,2014.0,chevrolet,101719.0,unknown,gas,automatic,unknown,coupe,fl,black
50130,2016.0,dodge,2991.0,unknown,other,manual,fwd,other,tx,unknown
19599,2018.0,hyundai,45769.0,unknown,gas,automatic,fwd,SUV,ga,silver
5950,2011.0,chevrolet,97369.0,excellent,other,automatic,unknown,coupe,mn,silver
7700,2008.0,lexus,121000.0,excellent,gas,automatic,4wd,sedan,nh,red
6995,2013.0,ford,119000.0,good,gas,automatic,fwd,sedan,vt,custom
9995,2013.0,ford,149053.0,unknown,gas,automatic,4wd,SUV,fl,black
11995,2015.0,jeep,101275.0,unknown,gas,automatic,fwd,unknown,mi,white
15995,2014.0,honda,77557.0,excellent,gas,automatic,fwd,sedan,ca,black
30590,2015.0,lexus,25430.0,good,gas,other,unknown,other,wi,unknown
3995,2000.0,volvo,174000.0,good,gas,automatic,fwd,sedan,oh,silver
4495,2000.0,jeep,185414.0,good,gas,automatic,4wd,SUV,co,silver
15990,2015.0,ford,31143.0,good,gas,other,fwd,wagon,tx,black
51721,2017.0,chevrolet,126867.0,unknown,diesel,automatic,unknown,unknown,nc,unknown
38990,2017.0,jeep,20676.0,good,gas,other,4wd,other,mi,red
8995,2011.0,kia,94208.0,unknown,gas,automatic,unknown,unknown,ma,unknown
8288,2011.0,kia,104131.0,unknown,gas,automatic,fwd,SUV,fl,brown
6999,2011.0,toyota,186005.0,unknown,gas,automatic,unknown,unknown,ca,unknown
19950,2003.0,ford,197000.0,excellent,diesel,automatic,4wd,SUV,ca,red
27590,2018.0,bmw,20845.0,good,other,other,unknown,sedan,ga,blue
19999,2013.0,chevrolet,166262.0,unknown,gas,automatic,4wd,truck,ne,silver
22500,2015.0,jeep,59000.0,excellent,gas,automatic,4wd,SUV,nc,silver
39990,2015.0,ford,78787.0,unknown,other,automatic,4wd,pickup,me,unknown
2800,2011.0,chrysler,145000.0,good,gas,manual,unknown,unknown,oh,black
16900,2013.0,ford,0.0,unknown,gas,other,unknown,other,wi,white
1500,2002.0,toyota,241470.0,good,gas,automatic,unknown,sedan,or,unknown
19977,2017.0,ford,115000.0,like new,gas,automatic,4wd,sedan,tx,silver
44995,2017.0,ford,195696.0,excellent,diesel,automatic,4wd,pickup,ny,white
52990,2014.0,ford,15886.0,good,diesel,automatic,4wd,truck,ky,white
26990,2020.0,nissan,2921.0,good,gas,other,fwd,other,az,unknown
7995,2013.0,nissan,140836.0,unknown,gas,automatic,fwd,sedan,or,custom
3995,2005.0,volvo,142040.0,excellent,gas,automatic,fwd,sedan,mi,silver
12000,2014.0,nissan,72000.0,excellent,gas,automatic,unknown,sedan,oh,black
6999,2011.0,bmw,147000.0,excellent,gas,automatic,4wd,sedan,nj,silver
38634,2016.0,gmc,85662.0,unknown,gas,automatic,rwd,SUV,al,black
48590,2020.0,jeep,12039.0,good,other,other,4wd,SUV,ma,green
7999,2010.0,chevrolet,131653.0,unknown,gas,automatic,unknown,van,il,white
9995,2017.0,nissan,71111.0,unknown,gas,automatic,fwd,sedan,pa,white
10500,2000.0,chevrolet,120000.0,excellent,gas,automatic,unknown,unknown,id,unknown
34590,2016.0,chevrolet,29499.0,good,gas,other,4wd,pickup,nc,silver
40590,2017.0,infiniti,45398.0,good,gas,other,rwd,other,md,black
20500,2018.0,toyota,58416.0,good,other,automatic,unknown,other,oh,unknown
19256,2019.0,nissan,35071.0,unknown,gas,automatic,unknown,unknown,al,unknown
15990,2017.0,ford,48195.0,good,hybrid,other,fwd,wagon,va,blue
27990,2020.0,ford,10688.0,good,gas,other,unknown,pickup,pa,white
34590,2020.0,infiniti,18623.0,good,gas,other,unknown,hatchback,co,brown
18000,2015.0,ford,158600.0,excellent,gas,automatic,4wd,SUV,mi,black
12500,2010.0,chevrolet,182373.0,good,gas,automatic,4wd,SUV,mn,white
28990,2017.0,cadillac,20155.0,good,other,other,unknown,sedan,md,blue
8000,2007.0,chevrolet,190000.0,good,gas,automatic,unknown,unknown,ca,unknown
18995,2009.0,toyota,136314.0,unknown,gas,automatic,4wd,pickup,va,blue
34900,2019.0,gmc,11251.0,good,gas,other,unknown,other,id,white
31590,2019.0,cadillac,12102.0,good,other,other,fwd,hatchback,tn,black
45590,2020.0,acura,21711.0,good,gas,other,unknown,other,oh,unknown
24995,2018.0,honda,41424.0,unknown,gas,automatic,fwd,sedan,nc,unknown
10250,2012.0,mercedes-benz,94428.0,excellent,gas,automatic,fwd,sedan,tx,black
11000,2019.0,mitsubishi,3500.0,like new,gas,automatic,fwd,sedan,ny,silver
18988,2011.0,ford,127885.0,unknown,gas,automatic,unknown,unknown,ia,unknown
33999,2019.0,ford,86787.0,unknown,gas,automatic,fwd,pickup,oh,black
4995,2009.0,mazda,113522.0,excellent,gas,manual,fwd,mini-van,oh,unknown
5000,1995.0,ford,177500.0,fair,gas,automatic,rwd,truck,tx,black
39999,2018.0,chevrolet,40654.0,unknown,gas,automatic,4wd,truck,wa,blue
25907,2018.0,chevrolet,33331.0,unknown,gas,automatic,rwd,convertible,tx,silver
17985,2015.0,subaru,118077.0,like new,gas,automatic,unknown,wagon,oh,blue
8950,2016.0,nissan,95177.0,unknown,gas,automatic,fwd,sedan,oh,white
5000,2006.0,chevrolet,170000.0,good,gas,automatic,fwd,unknown,mn,unknown
30980,2013.0,audi,38807.0,unknown,gas,automatic,4wd,sedan,id,black
1950,2002.0,honda,199000.0,unknown,gas,manual,unknown,unknown,dc,unknown
51988,2016.0,ram,51256.0,unknown,gas,manual,4wd,unknown,mt,unknown
10950,2011.0,jeep,117822.0,unknown,gas,automatic,4wd,SUV,oh,white
19995,2014.0,chevrolet,99720.0,excellent,gas,automatic,rwd,coupe,nm,yellow
27000,2017.0,ford,135831.0,unknown,gas,automatic,fwd,pickup,fl,unknown
124995,2020.0,porsche,250.0,unknown,gas,manual,unknown,coupe,az,white
4000,2009.0,volkswagen,98.0,excellent,gas,automatic,fwd,sedan,tx,black
62990,2016.0,ford,40193.0,good,diesel,automatic,4wd,unknown,ok,red
27990,2018.0,alfa-romeo,16493.0,good,gas,other,unknown,hatchback,ca,blue
34745,2010.0,chevrolet,58557.0,unknown,gas,automatic,4wd,truck,wa,unknown
8995,2004.0,chevrolet,174812.0,unknown,other,automatic,unknown,unknown,mt,unknown
26900,2014.0,toyota,156650.0,excellent,gas,automatic,rwd,pickup,fl,white
7999,2013.0,subaru,149000.0,unknown,gas,automatic,unknown,unknown,vt,unknown
31990,2016.0,toyota,46229.0,good,other,other,unknown,pickup,pa,silver
56954,2020.0,gmc,29947.0,unknown,gas,automatic,4wd,pickup,ar,unknown
16990,2014.0,lexus,98347.0,good,other,other,unknown,hatchback,pa,red
2400,1997.0,dodge,185600.0,good,gas,automatic,rwd,pickup,ia,white
25965,2019.0,honda,32812.0,unknown,gas,automatic,fwd,sedan,ca,grey
18000,2007.0,ford,146149.0,unknown,diesel,automatic,unknown,unknown,nj,unknown
6000,2006.0,bmw,151000.0,like new,gas,automatic,4wd,sedan,pa,grey
3400,2005.0,hyundai,95000.0,excellent,gas,automatic,unknown,unknown,il,brown
14599,2016.0,nissan,50185.0,unknown,gas,automatic,fwd,hatchback,ca,white
31590,2015.0,jeep,43785.0,good,gas,other,4wd,other,in,green
17772,2014.0,ram,133695.0,excellent,diesel,automatic,4wd,pickup,vt,black
3922,2011.0,nissan,181892.0,excellent,gas,other,unknown,sedan,mi,unknown
4200,2007.0,bmw,161000.0,good,gas,automatic,4wd,sedan,nm,black
19775,2007.0,jeep,172468.0,good,gas,manual,4wd,unknown,tx,black
8900,2006.0,ram,133000.0,excellent,gas,automatic,rwd,pickup,ca,grey
28590,2018.0,bmw,25751.0,good,other,other,unknown,sedan,sc,unknown
37900,2020.0,toyota,27500.0,excellent,gas,automatic,fwd,mini-van,mi,grey
9995,2011.0,honda,127916.0,excellent,gas,automatic,4wd,SUV,me,grey
43720,2019.0,ram,28371.0,unknown,gas,automatic,4wd,pickup,wa,red
11589,2014.0,jeep,71326.0,excellent,gas,automatic,4wd,SUV,wi,black
29999,2014.0,rover,82070.0,unknown,gas,automatic,4wd,SUV,ca,grey
33990,2016.0,ford,18380.0,good,gas,other,unknown,pickup,wi,white
32990,2014.0,bmw,40405.0,good,gas,other,rwd,other,ny,white
10000,2014.0,ford,100000.0,good,gas,automatic,fwd,SUV,wi,white
7500,2014.0,chevrolet,38390.0,excellent,gas,automatic,unknown,coupe,mt,red
1650,2002.0,volkswagen,165000.0,unknown,gas,automatic,unknown,unknown,wi,unknown
43995,2020.0,subaru,6712.0,good,gas,automatic,4wd,SUV,mt,blue
21998,2009.0,chevrolet,92518.0,unknown,gas,automatic,4wd,SUV,va,white
21995,2014.0,ford,200024.0,excellent,gas,automatic,4wd,pickup,nc,white
28590,2016.0,subaru,57707.0,good,other,other,unknown,sedan,ct,blue
3800,2003.0,acura,245000.0,fair,gas,automatic,unknown,unknown,ca,white
34990,2016.0,gmc,34425.0,good,gas,other,4wd,pickup,pa,red
22991,2015.0,chevrolet,63402.0,unknown,gas,automatic,fwd,pickup,ca,white
5500,2008.0,ford,168118.0,excellent,gas,automatic,4wd,SUV,va,black
20999,2016.0,toyota,76209.0,excellent,gas,automatic,fwd,sedan,or,silver
17990,2014.0,hyundai,40749.0,good,gas,automatic,unknown,SUV,tx,white
3995,1997.0,chevrolet,208000.0,unknown,gas,automatic,unknown,unknown,mn,unknown
6495,2009.0,dodge,111000.0,excellent,gas,automatic,rwd,sedan,ri,white
13997,2004.0,mercedes-benz,152788.0,unknown,gas,automatic,unknown,convertible,ca,black
7000,2010.0,volvo,133000.0,good,gas,automatic,4wd,unknown,ny,unknown
7899,2012.0,subaru,132000.0,excellent,gas,automatic,4wd,SUV,ca,unknown
21999,2016.0,jeep,62768.0,unknown,gas,automatic,4wd,SUV,ut,black
7975,2010.0,chrysler,145309.0,good,gas,automatic,unknown,van,in,silver
16995,2015.0,cadillac,72298.0,unknown,gas,automatic,unknown,unknown,mi,unknown
21590,2013.0,bmw,62993.0,good,gas,other,unknown,sedan,md,silver
12499,2013.0,acura,140988.0,unknown,gas,automatic,fwd,SUV,tx,silver
23998,2016.0,audi,58555.0,unknown,gas,automatic,unknown,SUV,fl,silver
32995,2013.0,ford,51000.0,unknown,gas,automatic,unknown,unknown,ca,unknown
26590,2017.0,nissan,12677.0,good,gas,other,fwd,sedan,tn,blue
3950,1991.0,ford,107624.0,good,gas,automatic,rwd,pickup,in,white
11995,2014.0,chevrolet,131470.0,excellent,gas,automatic,4wd,SUV,mi,red
34990,2020.0,cadillac,7974.0,good,gas,other,unknown,hatchback,tx,black
15990,2014.0,kia,93303.0,good,gas,other,fwd,SUV,az,black
11970,2017.0,hyundai,58000.0,excellent,gas,automatic,unknown,other,ca,unknown
25990,2019.0,infiniti,40173.0,good,gas,automatic,fwd,other,ca,unknown
25990,2019.0,ram,12302.0,good,gas,other,unknown,pickup,pa,white
29750,2020.0,ford,2753.0,unknown,electric,automatic,unknown,sedan,or,black
7295,2008.0,volvo,100481.0,excellent,gas,automatic,fwd,convertible,tx,blue
7500,1997.0,toyota,248000.0,excellent,gas,automatic,unknown,unknown,ca,unknown
13995,2011.0,ford,58000.0,excellent,gas,automatic,rwd,coupe,ma,black
5800,2008.0,honda,106000.0,unknown,gas,manual,unknown,unknown,ca,unknown
16995,2012.0,toyota,191704.0,unknown,gas,automatic,4wd,truck,nc,grey
32500,2018.0,audi,24000.0,like new,gas,automatic,4wd,unknown,ct,white
29999,2012.0,ford,59188.0,unknown,diesel,automatic,4wd,truck,il,white
18995,2014.0,chrysler,113500.0,unknown,gas,automatic,unknown,unknown,tx,unknown
15995,2012.0,chevrolet,161354.0,unknown,other,automatic,4wd,SUV,ct,black
3000,1998.0,nissan,127968.0,unknown,gas,automatic,4wd,SUV,nj,unknown
3500,2005.0,honda,172619.0,unknown,gas,automatic,fwd,sedan,nj,grey
3550,2007.0,chevrolet,184000.0,good,gas,manual,4wd,truck,ny,unknown
7995,2012.0,chevrolet,76684.0,excellent,gas,automatic,fwd,sedan,ky,black
32995,2017.0,subaru,89011.0,like new,gas,manual,4wd,sedan,id,black
5200,2006.0,toyota,167000.0,excellent,gas,automatic,4wd,unknown,ia,unknown
120000,2000.0,ferrari,3600.0,unknown,gas,automatic,rwd,unknown,vt,unknown
11499,2012.0,nissan,129644.0,unknown,gas,automatic,4wd,SUV,wa,grey
33590,2015.0,mercedes-benz,23623.0,good,gas,other,rwd,convertible,nc,white
12999,2012.0,toyota,141429.0,unknown,gas,automatic,4wd,SUV,ak,silver
4500,2007.0,buick,160000.0,excellent,gas,automatic,fwd,sedan,pa,grey
4995,2004.0,nissan,147000.0,good,gas,automatic,4wd,SUV,nj,silver
22490,2016.0,honda,36692.0,unknown,gas,automatic,fwd,van,tx,silver
3900,2000.0,lincoln,69000.0,good,gas,automatic,unknown,sedan,fl,unknown
19590,2013.0,bmw,83600.0,good,gas,other,rwd,coupe,pa,black
45999,2019.0,gmc,8628.0,unknown,gas,automatic,4wd,truck,wa,white
18900,2018.0,toyota,31400.0,excellent,gas,automatic,4wd,SUV,nj,blue
8450,2010.0,honda,69492.0,unknown,gas,automatic,unknown,unknown,ia,unknown
4000,2001.0,honda,94000.0,unknown,gas,automatic,unknown,unknown,dc,unknown
15990,2010.0,acura,67940.0,good,gas,other,unknown,sedan,ca,unknown
8995,2009.0,volvo,127721.0,excellent,gas,automatic,fwd,SUV,ct,grey
8995,2011.0,subaru,209821.0,unknown,gas,automatic,unknown,unknown,mt,unknown
35590,2013.0,chevrolet,24471.0,good,other,other,rwd,coupe,ca,yellow
33986,2017.0,gmc,54231.0,like new,gas,automatic,4wd,truck,tn,white
23000,2013.0,toyota,94252.0,excellent,gas,automatic,4wd,pickup,ak,silver
20759,2018.0,gmc,48515.0,unknown,gas,automatic,fwd,SUV,tn,white
11900,2016.0,ford,31635.0,unknown,gas,automatic,unknown,unknown,pa,unknown
24999,2016.0,bmw,45000.0,unknown,gas,automatic,4wd,unknown,ri,unknown
22500,2010.0,toyota,95300.0,excellent,gas,automatic,unknown,truck,nc,unknown
13900,2015.0,honda,70718.0,unknown,gas,automatic,fwd,sedan,az,grey
39995,2016.0,ram,38904.0,unknown,gas,automatic,4wd,unknown,id,unknown
6500,1995.0,chevrolet,34000.0,fair,gas,manual,rwd,truck,ma,blue
16590,2012.0,acura,80007.0,good,other,other,unknown,sedan,az,silver
19999,2012.0,audi,87000.0,unknown,gas,automatic,4wd,sedan,ca,black
39990,2013.0,ford,31587.0,good,diesel,automatic,rwd,truck,il,white
14950,2011.0,porsche,159937.0,unknown,gas,automatic,unknown,unknown,wi,unknown
48495,2020.0,bmw,26574.0,excellent,gas,automatic,rwd,sedan,wi,unknown
1800,1998.0,ram,198068.0,unknown,gas,automatic,unknown,unknown,pa,unknown
6000,2011.0,acura,197331.0,good,gas,automatic,unknown,SUV,al,black
11495,2012.0,subaru,129000.0,excellent,gas,automatic,4wd,wagon,wi,grey
6700,2008.0,bmw,124000.0,excellent,gas,automatic,unknown,sedan,ga,black
38999,2016.0,chevrolet,81752.0,unknown,gas,automatic,unknown,unknown,nc,unknown
4999,2002.0,toyota,105677.0,excellent,gas,automatic,unknown,unknown,ny,unknown
34590,2017.0,toyota,20097.0,good,gas,other,4wd,pickup,wi,unknown
7400,2011.0,nissan,175824.0,unknown,gas,automatic,unknown,unknown,ma,unknown
11999,2014.0,toyota,57000.0,unknown,gas,automatic,unknown,unknown,ma,unknown
17998,2014.0,gmc,112933.0,excellent,gas,automatic,4wd,SUV,oh,unknown
9500,2009.0,gmc,159000.0,excellent,gas,automatic,4wd,unknown,ar,brown
13900,2014.0,nissan,129834.0,unknown,gas,automatic,4wd,SUV,pa,unknown
20995,2016.0,honda,75107.0,unknown,gas,automatic,fwd,SUV,fl,unknown
32590,2013.0,chevrolet,7400.0,good,gas,other,rwd,coupe,in,red
12345,2015.0,ram,98000.0,excellent,gas,automatic,4wd,unknown,ca,black
33995,2016.0,gmc,5880.0,unknown,gas,automatic,unknown,SUV,mt,white
29990,2014.0,chevrolet,26129.0,good,gas,other,4wd,pickup,mn,brown
7800,2005.0,bmw,100.0,unknown,gas,automatic,unknown,unknown,fl,unknown
2995,2006.0,volkswagen,208998.0,unknown,diesel,automatic,fwd,hatchback,co,silver
17900,2014.0,honda,94918.0,excellent,gas,automatic,unknown,van,me,white
23529,2020.0,chevrolet,5047.0,good,gas,automatic,unknown,sedan,az,silver
32590,2015.0,mercedes-benz,34811.0,good,gas,other,unknown,other,ga,black
16499,2011.0,gmc,181930.0,excellent,gas,automatic,4wd,truck,co,white
15000,2002.0,chevrolet,70000.0,unknown,gas,automatic,unknown,unknown,il,unknown
5450,2003.0,toyota,143597.0,good,gas,automatic,fwd,sedan,mi,green
9988,2014.0,ford,130732.0,excellent,gas,automatic,fwd,SUV,mn,white
17590,2019.0,chevrolet,9546.0,good,gas,other,fwd,sedan,tn,black
8595,2016.0,kia,145048.0,excellent,gas,automatic,fwd,sedan,az,grey
12500,2008.0,toyota,200000.0,excellent,gas,automatic,rwd,pickup,tn,white
25590,2018.0,mercedes-benz,33640.0,good,gas,other,rwd,sedan,ca,blue
7500,1993.0,mitsubishi,6766.0,unknown,gas,manual,4wd,other,ca,red
3500,2004.0,ford,178000.0,good,gas,automatic,unknown,SUV,fl,white
29995,2018.0,bmw,51387.0,unknown,gas,automatic,rwd,convertible,az,white
12800,2009.0,chevrolet,177613.0,unknown,gas,automatic,4wd,wagon,mt,unknown
5000,2008.0,ford,237000.0,fair,gas,automatic,4wd,truck,nm,white
5995,2004.0,infiniti,186662.0,excellent,gas,automatic,fwd,unknown,mn,black
27680,2016.0,ram,58907.0,unknown,gas,automatic,rwd,pickup,tx,custom
4200,2003.0,ford,171463.0,good,gas,automatic,4wd,SUV,mo,brown
19900,2016.0,ram,164259.0,unknown,gas,automatic,unknown,unknown,mi,unknown
18100,2018.0,jeep,24918.0,excellent,gas,automatic,unknown,SUV,ca,unknown
10995,2011.0,chevrolet,41886.0,unknown,gas,automatic,unknown,unknown,nj,unknown
6997,2008.0,dodge,92842.0,unknown,gas,automatic,rwd,sedan,fl,white
24590,2017.0,chevrolet,40784.0,good,gas,other,unknown,pickup,fl,white
16995,2009.0,jeep,127000.0,excellent,gas,manual,4wd,SUV,nh,orange
13990,2015.0,subaru,136463.0,unknown,gas,automatic,4wd,wagon,wa,unknown
72991,2019.0,chevrolet,22512.0,unknown,gas,automatic,rwd,coupe,ok,white
28590,2019.0,fiat,3662.0,good,gas,other,rwd,other,mi,black
29990,2017.0,jeep,26965.0,good,gas,other,4wd,SUV,ma,unknown
4000,2001.0,chevrolet,231334.0,good,gas,automatic,4wd,SUV,co,black
11499,2014.0,bmw,109327.0,excellent,gas,automatic,4wd,sedan,fl,unknown
3400,2009.0,nissan,174340.0,unknown,gas,automatic,fwd,sedan,md,grey
35900,2012.0,gmc,163000.0,excellent,diesel,automatic,4wd,truck,nc,red
2500,2007.0,jeep,190000.0,good,gas,automatic,4wd,SUV,tx,white
21599,2016.0,ford,70502.0,unknown,gas,automatic,4wd,SUV,co,black
8997,2010.0,pontiac,87573.0,unknown,gas,automatic,fwd,wagon,id,orange
10000,2015.0,chrysler,98000.0,excellent,gas,automatic,fwd,sedan,ky,grey
49900,2019.0,lexus,1900.0,new,hybrid,automatic,4wd,SUV,fl,white
17995,2017.0,nissan,58556.0,excellent,gas,automatic,fwd,sedan,ca,black
3200,2003.0,chevrolet,141100.0,excellent,gas,automatic,fwd,sedan,ri,red
22000,2013.0,chevrolet,90879.0,unknown,gas,automatic,unknown,unknown,mt,unknown
1500,1999.0,ford,75000.0,fair,gas,automatic,rwd,van,fl,white
13988,2012.0,gmc,140420.0,unknown,gas,automatic,unknown,SUV,ok,white
30590,2018.0,infiniti,47107.0,good,gas,other,unknown,SUV,al,black
20995,2014.0,jeep,70772.0,unknown,gas,automatic,4wd,unknown,in,unknown
14500,2006.0,ford,187000.0,excellent,diesel,other,unknown,truck,ok,unknown
26590,2017.0,honda,13836.0,good,gas,other,unknown,other,tx,blue
21995,2014.0,ram,163063.0,unknown,other,automatic,4wd,pickup,tx,white
14675,2017.0,kia,47518.0,unknown,gas,automatic,fwd,hatchback,ks,unknown
2000,1999.0,honda,256000.0,good,gas,automatic,fwd,sedan,wa,brown
4000,2007.0,chrysler,160000.0,like new,gas,automatic,fwd,mini-van,mo,blue
17500,2000.0,chevrolet,36727.0,like new,gas,automatic,unknown,unknown,nh,yellow
51258,2019.0,ford,15430.0,unknown,gas,automatic,4wd,unknown,or,unknown
4300,2006.0,nissan,153000.0,good,gas,automatic,unknown,unknown,in,unknown
21100,2015.0,ford,52229.0,unknown,gas,automatic,fwd,SUV,tx,white
27950,2016.0,bmw,61752.0,unknown,gas,automatic,unknown,unknown,wi,unknown
8995,2014.0,ford,131206.0,unknown,gas,automatic,4wd,SUV,nj,white
16500,2015.0,subaru,55000.0,unknown,gas,automatic,4wd,sedan,nm,unknown
8900,2009.0,rover,103769.0,good,gas,automatic,4wd,SUV,mi,grey
8999,2012.0,chevrolet,280200.0,unknown,gas,automatic,4wd,unknown,ia,white
18995,2017.0,subaru,70000.0,excellent,gas,manual,4wd,sedan,me,blue
41590,2020.0,audi,27160.0,good,gas,other,unknown,sedan,pa,black
12399,2011.0,bmw,89404.0,unknown,gas,automatic,unknown,SUV,co,white
30990,2018.0,mercedes-benz,7896.0,good,gas,other,rwd,van,ca,black
50000,2020.0,dodge,7426.0,unknown,gas,automatic,rwd,sedan,wa,black
16990,2012.0,lexus,107570.0,unknown,gas,automatic,4wd,SUV,dc,grey
16590,2018.0,ford,50459.0,good,gas,automatic,fwd,hatchback,ny,blue
5000,2008.0,chevrolet,204000.0,unknown,gas,automatic,unknown,unknown,ny,unknown
25800,2018.0,toyota,14100.0,like new,gas,automatic,4wd,SUV,or,blue
54995,2020.0,gmc,9234.0,unknown,gas,automatic,4wd,pickup,tx,unknown
3950,2010.0,dodge,186.0,excellent,gas,automatic,unknown,unknown,sc,unknown
23990,2015.0,cadillac,57304.0,good,other,other,fwd,SUV,ky,unknown
15500,2015.0,ford,96100.0,excellent,gas,automatic,4wd,SUV,nj,white
18590,2015.0,infiniti,92600.0,unknown,gas,automatic,4wd,SUV,co,silver
6000,2015.0,dodge,142500.0,excellent,gas,automatic,fwd,unknown,mi,white
11988,2013.0,chevrolet,92952.0,unknown,gas,automatic,unknown,unknown,ia,unknown
3495,2007.0,saturn,103739.0,unknown,gas,automatic,unknown,unknown,mi,unknown
18995,2011.0,jeep,90490.0,excellent,gas,automatic,4wd,wagon,ny,black
10999,2001.0,mercedes-benz,26886.0,unknown,gas,manual,rwd,convertible,sc,silver
14500,2011.0,toyota,208836.0,excellent,gas,automatic,unknown,SUV,la,white
9500,2014.0,toyota,84000.0,excellent,hybrid,automatic,unknown,hatchback,ca,blue
28900,2007.0,ford,120000.0,unknown,diesel,automatic,unknown,unknown,ky,unknown
17350,2011.0,ram,152446.0,unknown,gas,automatic,4wd,pickup,sd,black
29998,2014.0,mercedes-benz,57406.0,unknown,gas,automatic,rwd,sedan,oh,grey
2799,2005.0,nissan,85345.0,unknown,gas,automatic,unknown,unknown,ny,unknown
4500,2004.0,jeep,169000.0,good,gas,automatic,4wd,SUV,wi,blue
29990,2019.0,alfa-romeo,8404.0,good,other,other,rwd,sedan,co,red
15888,2012.0,mercedes-benz,120904.0,unknown,gas,automatic,4wd,SUV,ak,black
27990,2008.0,chevrolet,105191.0,unknown,diesel,automatic,unknown,unknown,va,unknown
6995,2013.0,chevrolet,118067.0,good,gas,automatic,fwd,sedan,nj,custom
37995,2014.0,ram,185505.0,unknown,diesel,automatic,4wd,pickup,ar,unknown
6400,2010.0,dodge,79671.0,unknown,gas,automatic,unknown,unknown,mi,unknown
17988,2011.0,ram,92661.0,unknown,gas,automatic,unknown,unknown,ok,unknown
14900,2015.0,acura,77899.0,unknown,gas,automatic,unknown,SUV,pa,white
5100,2000.0,mazda,146000.0,unknown,gas,automatic,unknown,unknown,tn,unknown
3000,2008.0,chevrolet,174000.0,good,gas,automatic,unknown,SUV,in,grey
8999,2007.0,bmw,125844.0,unknown,gas,automatic,4wd,sedan,co,unknown
19590,2012.0,subaru,79273.0,good,gas,other,unknown,sedan,ok,white
500,2006.0,jeep,150000.0,fair,gas,manual,4wd,unknown,ia,white
3555,2008.0,mitsubishi,160000.0,good,gas,automatic,4wd,SUV,ca,white
24990,2012.0,chevrolet,26460.0,good,gas,other,unknown,pickup,fl,red
15900,2019.0,nissan,31685.0,unknown,gas,automatic,fwd,hatchback,ca,unknown
3850,2004.0,ford,200000.0,excellent,gas,automatic,fwd,SUV,tx,blue
18929,2018.0,ford,31225.0,unknown,gas,automatic,fwd,SUV,fl,blue
7981,2005.0,volvo,84000.0,excellent,gas,automatic,fwd,sedan,sc,silver
53999,2021.0,lexus,205.0,unknown,gas,automatic,4wd,SUV,wa,blue
19990,2017.0,subaru,10309.0,good,gas,other,unknown,sedan,nc,white
12999,2019.0,ford,42130.0,unknown,gas,automatic,fwd,sedan,ca,white
24500,2016.0,jeep,54000.0,excellent,gas,automatic,4wd,unknown,ct,grey
18995,2010.0,toyota,146000.0,excellent,gas,automatic,4wd,pickup,me,black
13550,2017.0,mazda,36220.0,excellent,gas,automatic,fwd,hatchback,fl,grey
45998,2019.0,ram,74893.0,unknown,hybrid,automatic,4wd,unknown,mt,unknown
2950,2001.0,volvo,141000.0,good,gas,automatic,unknown,unknown,ca,unknown
6495,2012.0,toyota,198992.0,unknown,gas,automatic,unknown,sedan,il,grey
11638,2017.0,nissan,105616.0,good,gas,automatic,fwd,sedan,ca,unknown
16999,2012.0,ford,172389.0,like new,gas,automatic,unknown,truck,in,black
10995,2014.0,ford,164638.0,unknown,gas,automatic,unknown,van,ct,white
129991,2019.0,chevrolet,31.0,unknown,gas,manual,rwd,coupe,la,red
20590,2020.0,kia,1082.0,good,gas,other,fwd,sedan,mn,red
17487,2013.0,nissan,101478.0,unknown,gas,automatic,unknown,unknown,id,unknown
13995,2015.0,nissan,64305.0,excellent,gas,automatic,4wd,SUV,ia,silver
28561,2016.0,ram,44853.0,excellent,gas,automatic,4wd,unknown,mt,silver
4900,2010.0,jeep,185000.0,unknown,gas,automatic,unknown,unknown,mi,unknown
7995,2010.0,dodge,125000.0,good,gas,automatic,fwd,mini-van,pa,silver
17500,2011.0,chevrolet,143000.0,good,gas,automatic,4wd,truck,ga,silver
24993,2011.0,toyota,157439.0,unknown,gas,manual,4wd,unknown,or,silver
71467,2020.0,ford,9245.0,unknown,gas,automatic,4wd,unknown,mi,black
8995,2014.0,gmc,99507.0,unknown,gas,automatic,unknown,unknown,mi,unknown
30990,2019.0,ford,5468.0,good,gas,other,unknown,pickup,ca,white
4000,2005.0,toyota,145000.0,good,gas,manual,fwd,sedan,ca,grey
4000,2004.0,buick,113201.0,unknown,gas,automatic,unknown,unknown,tx,unknown
8500,2011.0,honda,90500.0,excellent,gas,automatic,fwd,coupe,ny,black
9414,2011.0,nissan,125475.0,excellent,gas,other,4wd,SUV,mi,unknown
5290,2005.0,dodge,185000.0,excellent,gas,automatic,4wd,pickup,nv,white
5999,2017.0,chevrolet,99999.0,like new,gas,automatic,4wd,truck,fl,silver
1300,2007.0,chevrolet,192000.0,good,gas,automatic,4wd,SUV,mi,black
35990,2017.0,dodge,10752.0,good,other,other,rwd,coupe,wy,white
9264,2008.0,volkswagen,43174.0,unknown,gas,automatic,unknown,other,oh,red
22500,2017.0,lincoln,32500.0,excellent,gas,automatic,4wd,unknown,mi,white
10998,2012.0,subaru,109043.0,excellent,gas,automatic,4wd,unknown,wi,green
24999,2010.0,toyota,157524.0,unknown,gas,automatic,4wd,SUV,wa,silver
5995,2008.0,honda,145162.0,unknown,gas,manual,fwd,sedan,sd,black
14700,2014.0,honda,47600.0,excellent,gas,automatic,fwd,sedan,pa,white
6100,2011.0,kia,116799.0,excellent,gas,automatic,fwd,unknown,dc,red
20700,2017.0,gmc,112225.0,like new,gas,automatic,4wd,SUV,id,white
35590,2013.0,chevrolet,24471.0,good,other,other,rwd,coupe,ca,yellow
9600,2011.0,subaru,132500.0,excellent,gas,automatic,4wd,wagon,wi,red
8600,2007.0,honda,110000.0,unknown,gas,automatic,fwd,unknown,ca,unknown
15998,2017.0,chevrolet,71207.0,unknown,gas,automatic,fwd,unknown,ok,unknown
